hud_area_code,hud_areaname,rent_50_0,rent_50_1,rent_50_2,rent_50_3,rent_50_4
NCNTY45001N45001,"Abbeville County, SC",702,751,934,1264,1268
METRO10180M10180,"Abilene, TX MSA",1075,1085,1358,1759,2115
METRO29180N22001,"Acadia Parish, LA HUD Metro FMR Area",658,728,955,1145,1295
NCNTY51001N51001,"Accomack County, VA",798,922,1136,1473,1669
NCNTY19001N19001,"Adair County, IA",734,754,989,1283,1373
NCNTY21001N21001,"Adair County, KY",619,683,866,1204,1246
NCNTY29001N29001,"Adair County, MO",719,721,904,1257,1517
NCNTY40001N40001,"Adair County, OK",655,714,937,1161,1252
NCNTY19003N19003,"Adams County, IA",718,737,967,1261,1280
NCNTY16003N16003,"Adams County, ID",771,776,977,1359,1639
NCNTY17001N17001,"Adams County, IL",783,866,1136,1416,1601
NCNTY18001N18001,"Adams County, IN",695,872,956,1227,1266
NCNTY28001N28001,"Adams County, MS",727,768,842,1111,1115
NCNTY38001N38001,"Adams County, ND",697,702,873,1214,1464
NCNTY31001N31001,"Adams County, NE",748,854,1012,1335,1340
NCNTY39001N39001,"Adams County, OH",736,785,973,1220,1288
NCNTY53001N53001,"Adams County, WA",847,920,1207,1679,2025
NCNTY55001N55001,"Adams County, WI",767,818,973,1236,1288
NCNTY50001N50001,"Addison County, VT",1213,1221,1562,1913,2300
METRO10380M10380,"Aguadilla, PR MSA",505,508,594,716,796
NCNTY27001N27001,"Aitkin County, MN",756,761,998,1388,1508
METRO10420M10420,"Akron, OH MSA",981,1069,1375,1678,1823
NCNTY08003N08003,"Alamosa County, CO",814,885,1062,1477,1782
NCNTY56001N56001,"Albany County, WY",727,807,988,1374,1657
METRO10580M10580,"Albany-Schenectady-Troy, NY MSA",1328,1545,1856,2225,2457
METRO10500M10500,"Albany, GA MSA",1045,1087,1221,1659,2009
METRO10540M10540,"Albany, OR MSA",1111,1328,1612,2182,2532
METRO10740M10740,"Albuquerque, NM MSA",1096,1287,1590,2211,2605
NCNTY26001N26001,"Alcona County, MI",689,807,973,1333,1380
NCNTY28003N28003,"Alcorn County, MS",727,768,842,1158,1162
NCNTY02013N02013,"Aleutians East Borough, AK",1034,1315,1442,1729,2375
NCNTY02016N02016,"Aleutians West Census Area, AK",1650,1753,2300,2783,3045
METRO10780M10780,"Alexandria, LA MSA",788,843,1075,1452,1647
NCNTY40003N40003,"Alfalfa County, OK",705,714,937,1303,1572
NCNTY26003N26003,"Alger County, MI",787,847,1112,1333,1472
NCNTY19005N19005,"Allamakee County, IA",682,754,919,1278,1399
NCNTY26005N26005,"Allegan County, MI",1014,1020,1339,1673,1861
NCNTY24001N24001,"Allegany County, MD",726,861,1018,1395,1520
NCNTY36003N36003,"Allegany County, NY",791,795,1027,1311,1543
NCNTY51005N51005,"Alleghany County-Clifton Forge city-Covington city, VA HUD Nonmet",831,836,982,1353,1459
NCNTY37005N37005,"Alleghany County, NC",775,780,1024,1228,1539
NCNTY20001N20001,"Allen County, KS",689,727,877,1216,1276
METRO14540N21003,"Allen County, KY HUD Metro FMR Area",848,848,1113,1368,1698
NCNTY22003N22003,"Allen Parish, LA",645,809,895,1125,1340
NCNTY45005N45005,"Allendale County, SC",678,823,902,1216,1246
METRO10900M10900,"Allentown-Bethlehem-Easton, PA HUD Metro FMR Area",1234,1464,1784,2279,2396
NCNTY26007N26007,"Alpena County, MI",689,767,973,1212,1632
NCNTY06003N06003,"Alpine County, CA",1162,1267,1663,2313,2749
METRO11020M11020,"Altoona, PA MSA",856,1013,1215,1557,1820
NCNTY06005N06005,"Amador County, CA",1479,1488,1810,2367,2893
METRO11100M11100,"Amarillo, TX HUD Metro FMR Area",832,966,1183,1608,1863
NCNTY60999N60999,American Samoa,690,748,982,1366,1647
METRO11180M11180,"Ames, IA HUD Metro FMR Area",1030,1087,1222,1697,2050
METRO11200M11200,"Amherst Town-Northampton, MA MSA",1469,1680,2131,2663,2874
NCNTY28005N28005,"Amite County, MS",744,748,884,1097,1170
METRO11260M11260,"Anchorage, AK HUD Metro FMR Area",1222,1318,1730,2406,2902
NCNTY20003N20003,"Anderson County, KS",652,678,890,1163,1493
NCNTY21005N21005,"Anderson County, KY",767,979,1073,1362,1498
NCNTY48001N48001,"Anderson County, TX",966,972,1205,1445,1819
METRO26900M11300,"Anderson, IN HUD Metro FMR Area",945,967,1269,1677,1680
METRO24860M11340,"Anderson, SC HUD Metro FMR Area",1107,1122,1271,1646,2004
NCNTY48003N48003,"Andrews County, TX",1240,1455,1595,1912,2347
NCNTY48005N48005,"Angelina County, TX",947,964,1103,1475,1527
METRO11460M11460,"Ann Arbor, MI MSA",1475,1499,1790,2146,2370
METRO11500M11500,"Anniston-Oxford, AL MSA",788,793,1007,1361,1425
METRO16740M37007,"Anson County, NC HUD Metro FMR Area",824,911,1195,1433,1737
NCNTY31003N31003,"Antelope County, NE",666,732,961,1268,1272
NCNTY26009N26009,"Antrim County, MI",869,973,1261,1512,1750
NCNTY04001N04001,"Apache County, AZ",851,949,1234,1679,1920
NCNTY19007N19007,"Appanoose County, IA",695,713,936,1122,1330
METRO11540M11540,"Appleton, WI MSA",922,1032,1328,1828,1908
NCNTY13001N13001,"Appling County, GA",765,770,973,1313,1608
METRO18580N48007,"Aransas County, TX HUD Metro FMR Area",1181,1197,1570,2131,2361
NCNTY08007N08007,"Archuleta County, CO",1221,1228,1439,2001,2414
METRO11640M11640,"Arecibo, PR MSA",460,463,537,737,829
NCNTY26011N26011,"Arenac County, MI",677,749,982,1366,1533
NCNTY05001N05001,"Arkansas County, AR",689,722,948,1192,1590
METRO38300N42005,"Armstrong County, PA HUD Metro FMR Area",734,814,1064,1380,1485
NCNTY23003N23003,"Aroostook County, ME",981,987,1274,1741,1811
NCNTY31005N31005,"Arthur County, NE",666,732,961,1279,1284
NCNTY37009N37009,"Ashe County, NC",700,705,925,1220,1225
METRO11700M11700,"Asheville, NC MSA",1360,1585,1738,2113,2916
NCNTY39005N39005,"Ashland County, OH",708,815,1018,1340,1540
NCNTY55003N55003,"Ashland County, WI",737,742,973,1353,1613
NCNTY05003N05003,"Ashley County, AR",666,671,880,1055,1476
METRO17410N39007,"Ashtabula County, OH HUD Metro FMR Area",750,881,1088,1318,1499
METRO12940M22007,"Assumption Parish, LA HUD Metro FMR Area",824,829,994,1382,1599
METRO41700N48013,"Atascosa County, TX HUD Metro FMR Area",861,1037,1137,1486,1505
NCNTY20005N20005,"Atchison County, KS",648,687,901,1253,1511
NCNTY29005N29005,"Atchison County, MO",660,677,888,1065,1333
NCNTY39009N39009,"Athens County, OH",992,998,1202,1473,1641
METRO12020M12020,"Athens-Clarke County, GA MSA",1281,1307,1471,1917,2023
NCNTY13003N13003,"Atkinson County, GA",755,760,973,1168,1395
METRO12060M12060,"Atlanta-Sandy Springs-Roswell, GA HUD Metro FMR Area",1739,1821,1996,2393,2857
METRO12100M12100,"Atlantic City-Hammonton, NJ HUD Metro FMR Area",1453,1660,2016,2792,3078
NCNTY40005N40005,"Atoka County, OK",705,744,937,1175,1241
NCNTY28007N28007,"Attala County, MS",638,642,842,1115,1118
METRO12220M12220,"Auburn-Opelika, AL HUD Metro FMR Area",929,1181,1295,1639,1863
NCNTY29007N29007,"Audrain County, MO",660,690,888,1141,1239
NCNTY19009N19009,"Audubon County, IA",682,838,919,1160,1423
NCNTY39011N39011,"Auglaize County, OH",831,836,1097,1526,1829
METRO12260M12260,"Augusta-Richmond County, GA-SC HUD Metro FMR Area",1019,1208,1368,1765,2152
NCNTY46003N46003,"Aurora County, SD",641,768,929,1289,1438
METRO26420N48015,"Austin County, TX HUD Metro FMR Area",1034,1041,1279,1779,2146
METRO12420M12420,"Austin-Round Rock-San Marcos, TX MSA",1586,1681,1992,2524,2969
NCNTY37011N37011,"Avery County, NC",821,827,1085,1301,1631
NCNTY22009N22009,"Avoyelles Parish, LA",667,706,926,1174,1387
NCNTY08009N08009,"Baca County, CO",746,771,973,1353,1525
NCNTY13005N13005,"Bacon County, GA",822,827,1045,1453,1498
NCNTY48017N48017,"Bailey County, TX",756,778,973,1266,1432
METRO27260N12003,"Baker County, FL HUD Metro FMR Area",965,986,1179,1616,1826
NCNTY13007N13007,"Baker County, GA",765,770,973,1353,1395
NCNTY41001N41001,"Baker County, OR",791,933,1088,1513,1825
METRO12540M12540,"Bakersfield-Delano, CA MSA",1211,1219,1586,2206,2661
NCNTY13009N13009,"Baldwin County, GA",827,944,1133,1358,1559
METRO37140N21007,"Ballard County, KY HUD Metro FMR Area",841,859,1127,1351,1724
METRO12580M12580,"Baltimore-Columbia-Towson, MD MSA",1488,1651,2030,2577,2854
NCNTY45009N45009,"Bamberg County, SC",689,699,917,1202,1214
METRO12620MM0730,"Bangor, ME HUD Metro FMR Area",1307,1378,1742,2240,2354
NCNTY13011N13011,"Banks County, GA",765,770,973,1217,1395
NCNTY31007N31007,"Banner County, NE",703,773,1014,1252,1355
NCNTY26013N26013,"Baraga County, MI",690,743,975,1169,1302
NCNTY20007N20007,"Barber County, KS",643,730,877,1103,1471
NCNTY01005N01005,"Barbour County, AL",585,703,787,1032,1083
NCNTY54001N54001,"Barbour County, WV",667,793,869,1147,1313
NCNTY38003N38003,"Barnes County, ND",755,760,997,1195,1673
METRO12700M12700,"Barnstable Town, MA MSA",1952,1965,2578,3177,3648
NCNTY45011N45011,"Barnwell County, SC",740,751,985,1181,1304
METRO41980N72923,"Barranquitas-Aibonito, PR HUD Metro FMR Area",445,449,511,644,729
NCNTY21009N21009,"Barren County, KY",699,703,923,1172,1361
NCNTY55005N55005,"Barron County, WI",741,790,1036,1328,1674
METRO24340N26015,"Barry County, MI HUD Metro FMR Area",1082,1089,1429,1859,2156
NCNTY29009N29009,"Barry County, MO",672,677,888,1235,1311
NCNTY20009N20009,"Barton County, KS",643,693,877,1220,1296
NCNTY29011N29011,"Barton County, MO",660,734,888,1235,1273
METRO28140N29013,"Bates County, MO HUD Metro FMR Area",744,749,983,1306,1649
NCNTY21011N21011,"Bath County, KY",619,668,866,1124,1360
NCNTY51017N51017,"Bath County, VA",807,812,991,1188,1549
METRO12940M12940,"Baton Rouge, LA HUD Metro FMR Area",1123,1158,1310,1644,2114
METRO12980M12980,"Battle Creek, MI MSA",896,1050,1265,1517,1683
NCNTY05005N05005,"Baxter County, AR",765,770,1010,1335,1337
METRO13020M13020,"Bay City, MI MSA",875,881,1115,1515,1643
NCNTY55007N55007,"Bayfield County, WI",727,804,1055,1392,1397
NCNTY48023N48023,"Baylor County, TX",737,742,973,1353,1432
NCNTY46005N46005,"Beadle County, SD",685,758,994,1296,1532
NCNTY16007N16007,"Bear Lake County, ID",768,773,973,1353,1632
NCNTY37013N37013,"Beaufort County, NC",770,775,973,1283,1632
METRO25940N45013,"Beaufort County, SC HUD Metro FMR Area",1753,1835,2012,2412,3014
METRO13140M13140,"Beaumont-Port Arthur, TX MSA",962,968,1189,1558,1867
NCNTY22011N22011,"Beauregard Parish, LA",703,765,1004,1240,1684
NCNTY40007N40007,"Beaver County, OK",754,784,1003,1337,1586
NCNTY49001N49001,"Beaver County, UT",965,1100,1321,1633,1821
NCNTY30001N30001,"Beaverhead County, MT",889,1082,1186,1649,1990
NCNTY27005N27005,"Becker County, MN",754,833,1093,1427,1569
NCNTY40009N40009,"Beckham County, OK",836,847,1111,1332,1592
NCNTY42009N42009,"Bedford County, PA",712,780,1024,1290,1553
NCNTY47003N47003,"Bedford County, TN",844,983,1078,1499,1740
NCNTY48025N48025,"Bee County, TX",941,947,1243,1539,1646
NCNTY33001N33001,"Belknap County, NH",1336,1534,1938,2389,2882
NCNTY21013N21013,"Bell County, KY",597,790,866,1133,1294
METRO13380M13380,"Bellingham, WA MSA",1552,1584,1903,2647,3192
NCNTY27007N27007,"Beltrami County, MN",918,924,1197,1435,1809
NCNTY13017N13017,"Ben Hill County, GA",788,793,973,1167,1395
METRO13460M13460,"Bend-Redmond, OR HUD Metro FMR Area",1482,1492,1942,2701,3258
NCNTY16009N16009,"Benewah County, ID",770,851,1117,1520,1713
NCNTY46007N46007,"Bennett County, SD",848,937,1230,1475,1904
NCNTY50003N50003,"Bennington County, VT",1068,1195,1357,1887,2259
NCNTY38005N38005,"Benson County, ND",760,769,873,1214,1464
NCNTY08011N08011,"Bent County, CO",841,847,1111,1545,1742
METRO16300N19011,"Benton County, IA HUD Metro FMR Area",702,776,1018,1287,1435
NCNTY29015N29015,"Benton County, MO",735,755,990,1273,1548
METRO32820N28009,"Benton County, MS HUD Metro FMR Area",727,768,842,1157,1284
NCNTY47005N47005,"Benton County, TN",700,705,925,1286,1402
METRO45900N26019,"Benzie County, MI HUD Metro FMR Area",982,1017,1329,1722,1868
METRO35620MM0875,"Bergen-Passaic, NJ HUD Metro FMR Area",1913,2178,2500,3049,3892
METRO38340N25003,"Berkshire County, MA (part) HUD Metro FMR Area",1328,1383,1815,2343,3045
NCNTY13019N13019,"Berrien County, GA",737,742,973,1353,1632
NCNTY37015N37015,"Bertie County, NC",807,812,1066,1278,1479
NCNTY02050N02050,"Bethel Census Area, AK",1879,1913,2157,2586,2856
NCNTY22013N22013,"Bienville Parish, LA",601,707,834,1160,1399
NCNTY30003N30003,"Big Horn County, MT",1005,1022,1341,1707,2178
NCNTY56003N56003,"Big Horn County, WY",761,871,963,1189,1515
NCNTY27011N27011,"Big Stone County, MN",671,816,973,1178,1329
NCNTY38007N38007,"Billings County, ND",697,702,873,1214,1464
METRO13740M13740,"Billings, MT HUD Metro FMR Area",1083,1182,1511,2080,2363
NCNTY16011N16011,"Bingham County, ID",743,748,981,1364,1646
METRO13780M13780,"Binghamton, NY MSA",811,917,1165,1492,1713
METRO13820M13820,"Birmingham-Hoover, AL HUD Metro FMR Area",1121,1265,1387,1735,1973
METRO13900M13900,"Bismarck, ND MSA",1029,1103,1258,1750,2017
NCNTY18009N18009,"Blackford County, IN",685,766,956,1268,1555
METRO13980M13980,"Blacksburg-Christiansburg-Radford, VA HUD Metro FMR Area",985,1074,1375,1845,2307
NCNTY37017N37017,"Bladen County, NC",700,705,925,1258,1298
NCNTY16013N16013,"Blaine County, ID",1183,1308,1716,2253,2575
NCNTY30005N30005,"Blaine County, MT",892,907,1190,1427,1924
NCNTY31009N31009,"Blaine County, NE",672,739,969,1197,1295
NCNTY40011N40011,"Blaine County, OK",789,799,1049,1258,1551
NCNTY48031N48031,"Blanco County, TX",932,938,1231,1712,1811
NCNTY51021N51021,"Bland County, VA",745,749,914,1271,1429
NCNTY13023N13023,"Bleckley County, GA",737,742,973,1266,1395
NCNTY47007N47007,"Bledsoe County, TN",760,765,1004,1204,1684
METRO14010M14010,"Bloomington, IL MSA",999,1077,1404,1852,1859
METRO14020MM1020,"Bloomington, IN HUD Metro FMR Area",1038,1151,1300,1689,2048
METRO14260M14260,"Boise City, ID HUD Metro FMR Area",1175,1381,1655,2318,2772
NCNTY28011N28011,"Bolivar County, MS",650,655,859,1118,1137
NCNTY46009N46009,"Bon Homme County, SD",641,762,929,1292,1558
METRO41180N17005,"Bond County, IL HUD Metro FMR Area",632,836,916,1154,1213
NCNTY16017N16017,"Bonner County, ID",1015,1022,1341,1865,2030
NCNTY05009N05009,"Boone County, AR",607,671,880,1224,1343
METRO11180M19015,"Boone County, IA HUD Metro FMR Area",813,818,1065,1481,1557
NCNTY31011N31011,"Boone County, NE",666,732,961,1268,1272
METRO16620N54005,"Boone County, WV HUD Metro FMR Area",733,737,951,1308,1595
NCNTY48033N48033,"Borden County, TX",849,873,1092,1421,1607
METRO47380N48035,"Bosque County, TX HUD Metro FMR Area",685,758,994,1311,1316
METRO14460MM1120,"Boston-Cambridge-Quincy, MA-NH HUD Metro FMR Area",2462,2584,3069,3680,4063
NCNTY38009N38009,"Bottineau County, ND",855,896,982,1228,1647
METRO14500M14500,"Boulder, CO MSA",1671,1932,2286,3035,3487
NCNTY16021N16021,"Boundary County, ID",772,777,1019,1417,1709
NCNTY20011N20011,"Bourbon County, KS",693,766,1005,1205,1451
METRO14540M14540,"Bowling Green, KY HUD Metro FMR Area",938,1038,1216,1459,1905
NCNTY38011N38011,"Bowman County, ND",760,796,873,1214,1427
NCNTY31013N31013,"Box Butte County, NE",694,762,1000,1230,1336
NCNTY49003N49003,"Box Elder County, UT",862,1099,1250,1738,2097
NCNTY31015N31015,"Boyd County, NE",666,732,961,1187,1284
NCNTY21021N21021,"Boyle County, KY",723,728,952,1251,1409
METRO14580M14580,"Bozeman, MT MSA",1600,1768,2320,3227,3810
NCNTY12007N12007,"Bradford County, FL",1021,1069,1172,1499,1966
NCNTY42015N42015,"Bradford County, PA",872,877,1108,1394,1582
NCNTY05011N05011,"Bradley County, AR",630,710,880,1212,1476
NCNTY26023N26023,"Branch County, MI",755,920,1066,1451,1456
NCNTY54007N54007,"Braxton County, WV",660,665,869,1147,1311
METRO26420MM1145,"Brazoria County, TX HUD Metro FMR Area",1186,1361,1492,2019,2503
NCNTY21025N21025,"Breathitt County, KY",619,714,866,1204,1259
NCNTY21027N21027,"Breckinridge County, KY",686,690,866,1204,1209
METRO47940N19017,"Bremer County, IA HUD Metro FMR Area",725,802,1052,1388,1393
METRO14740M14740,"Bremerton-Silverdale-Port Orchard, WA MSA",1498,1656,2173,2863,3147
NCNTY48043N48043,"Brewster County, TX",826,864,1063,1478,1564
METRO14860M14860,"Bridgeport-Stamford-Danbury, CT MSA",1902,2307,2758,3335,3952
NCNTY48045N48045,"Briscoe County, TX",849,873,1092,1421,1607
NCNTY02060N02060,"Bristol Bay Borough, AK",955,1215,1332,1852,2194
METRO25740N30007,"Broadwater County, MT HUD Metro FMR Area",1268,1631,1788,2144,2921
METRO14460MM1200,"Brockton, MA HUD Metro FMR Area",1766,1907,2502,3128,3313
NCNTY46011N46011,"Brookings County, SD",831,836,1020,1419,1711
NCNTY48047N48047,"Brooks County, TX",756,778,973,1353,1432
NCNTY17009N17009,"Brown County, IL",785,868,1139,1366,1627
NCNTY20013N20013,"Brown County, KS",643,668,877,1143,1162
NCNTY27015N27015,"Brown County, MN",725,802,1052,1273,1740
NCNTY31017N31017,"Brown County, NE",666,732,961,1279,1284
METRO17140MM1220,"Brown County, OH HUD Metro FMR Area",862,868,1091,1473,1830
NCNTY46013N46013,"Brown County, SD",682,740,971,1221,1544
NCNTY48049N48049,"Brown County, TX",838,871,1143,1442,1714
METRO15180M15180,"Brownsville-Harlingen, TX MSA",821,920,1112,1501,1571
NCNTY46015N46015,"Brule County, SD",653,722,947,1317,1478
METRO48900M37019,"Brunswick County, NC HUD Metro FMR Area",1479,1549,1698,2362,2848
NCNTY51025N51025,"Brunswick County, VA",794,798,974,1355,1480
METRO15260M15260,"Brunswick-St. Simons, GA MSA",1117,1193,1396,1674,2058
NCNTY40013N40013,"Bryan County, OK",791,796,1045,1381,1558
NCNTY19019N19019,"Buchanan County, IA",758,763,1001,1361,1560
NCNTY51027N51027,"Buchanan County, VA",792,834,914,1271,1494
NCNTY51029N51029,"Buckingham County, VA",886,933,1023,1351,1513
NCNTY19021N19021,"Buena Vista County, IA",793,798,1047,1285,1386
NCNTY31019N31019,"Buffalo County, NE",837,919,1097,1447,1840
NCNTY46017N46017,"Buffalo County, SD",853,943,1237,1483,1915
NCNTY55011N55011,"Buffalo County, WI",721,774,1016,1236,1607
METRO15380M15380,"Buffalo-Cheektowaga, NY MSA",1196,1233,1453,1775,2023
NCNTY13031N13031,"Bulloch County, GA",858,949,1245,1515,1648
NCNTY01011N01011,"Bullock County, AL",607,745,817,980,1371
NCNTY17011N17011,"Bureau County, IL",771,852,1118,1381,1548
NCNTY38013N38013,"Burke County, ND",661,665,873,1101,1464
METRO15540M15540,"Burlington-South Burlington, VT MSA",1604,1769,2293,2942,3036
METRO15500M15500,"Burlington, NC MSA",1048,1298,1423,1763,2082
NCNTY48053N48053,"Burnet County, TX",1039,1069,1337,1764,1770
NCNTY55013N55013,"Burnett County, WI",751,806,1058,1269,1596
NCNTY31021N31021,"Burt County, NE",666,836,961,1231,1384
NCNTY01013N01013,"Butler County, AL",642,658,864,1036,1176
NCNTY19023N19023,"Butler County, IA",696,715,938,1125,1395
METRO14540N21031,"Butler County, KY HUD Metro FMR Area",685,685,899,1250,1272
NCNTY29023N29023,"Butler County, MO",695,718,942,1257,1262
NCNTY31023N31023,"Butler County, NE",666,732,961,1268,1272
METRO26820N16023,"Butte County, ID HUD Metro FMR Area",1081,1159,1382,1922,2318
NCNTY46019N46019,"Butte County, SD",789,872,1144,1372,1771
METRO12060N13035,"Butts County, GA HUD Metro FMR Area",1071,1118,1230,1632,2063
NCNTY40015N40015,"Caddo County, OK",647,734,937,1162,1241
METRO41980MM1310,"Caguas, PR HUD Metro FMR Area",490,493,599,833,1005
NCNTY06009N06009,"Calaveras County, CA",1215,1325,1739,2419,2612
NCNTY21033N21033,"Caldwell County, KY",629,725,880,1055,1228
NCNTY22021N22021,"Caldwell Parish, LA",604,647,834,1072,1249
NCNTY50005N50005,"Caledonia County, VT",1034,1040,1215,1688,1815
NCNTY05013N05013,"Calhoun County, AR",797,848,1113,1334,1569
NCNTY12013N12013,"Calhoun County, FL",848,888,973,1283,1288
NCNTY13037N13037,"Calhoun County, GA",765,770,973,1353,1474
NCNTY19025N19025,"Calhoun County, IA",682,736,919,1162,1217
NCNTY28013N28013,"Calhoun County, MS",637,642,842,1167,1217
NCNTY48057N48057,"Calhoun County, TX",836,982,1076,1496,1583
NCNTY54013N54013,"Calhoun County, WV",667,706,869,1173,1177
METRO27620N29027,"Callaway County, MO HUD Metro FMR Area",846,852,1118,1340,1580
NCNTY21035N21035,"Calloway County, KY",854,910,1194,1432,1581
METRO30500N24009,"Calvert County, MD HUD Metro FMR Area",1811,1851,2162,2825,3324
NCNTY16025N16025,"Camas County, ID",1015,1022,1286,1789,2157
NCNTY13039N13039,"Camden County, GA",1176,1261,1382,1922,2253
NCNTY29029N29029,"Camden County, MO",725,744,976,1357,1429
METRO47260M37029,"Camden County, NC HUD Metro FMR Area",1177,1196,1351,1879,2266
NCNTY42023N42023,"Cameron County, PA",760,796,1045,1256,1548
NCNTY48063N48063,"Camp County, TX",749,754,973,1353,1432
NCNTY46021N46021,"Campbell County, SD",701,869,1017,1414,1574
METRO28940N47013,"Campbell County, TN HUD Metro FMR Area",763,768,1008,1330,1335
NCNTY56005N56005,"Campbell County, WY",834,928,1055,1392,1770
NCNTY13043N13043,"Candler County, GA",765,770,973,1353,1632
METRO15940M15940,"Canton-Massillon, OH MSA",788,890,1143,1443,1527
METRO15980M15980,"Cape Coral-Fort Myers, FL MSA",1758,1769,2117,2764,3062
METRO16020M16020,"Cape Girardeau, MO-IL MSA",845,894,1098,1527,1842
METRO12100N36140,"Cape May County, NJ HUD Metro FMR Area",1508,1561,2048,2739,2749
NCNTY49007N49007,"Carbon County, UT",799,900,1093,1389,1710
NCNTY56007N56007,"Carbon County, WY",813,897,1029,1357,1454
NCNTY16029N16029,"Caribou County, ID",758,763,973,1353,1632
METRO37140N21039,"Carlisle County, KY HUD Metro FMR Area",776,814,1040,1334,1591
NCNTY24011N24011,"Caroline County, MD",1052,1059,1390,1737,2311
NCNTY51033N51033,"Caroline County, VA",905,1075,1312,1825,2201
NCNTY51035N51035,"Carroll County-Galax city, VA HUD Nonmetro FMR Area",765,770,914,1271,1481
NCNTY05015N05015,"Carroll County, AR",691,780,1002,1201,1412
NCNTY19027N19027,"Carroll County, IA",775,788,919,1162,1217
NCNTY17015N17015,"Carroll County, IL",765,769,937,1239,1492
METRO29200N18015,"Carroll County, IN HUD Metro FMR Area",739,774,1015,1272,1385
NCNTY21041N21041,"Carroll County, KY",727,779,1018,1221,1348
NCNTY29033N29033,"Carroll County, MO",686,703,923,1203,1389
NCNTY28015N28015,"Carroll County, MS",731,735,869,1078,1151
NCNTY33003N33003,"Carroll County, NH",1253,1414,1800,2478,2985
NCNTY47017N47017,"Carroll County, TN",735,757,939,1168,1502
METRO16180M16180,"Carson City, NV MSA",1173,1287,1642,2284,2755
METRO26580M21043,"Carter County, KY HUD Metro FMR Area",698,703,866,1204,1254
NCNTY29035N29035,"Carter County, MO",660,677,888,1065,1320
NCNTY30011N30011,"Carter County, MT",1043,1122,1392,1669,2250
NCNTY40019N40019,"Carter County, OK",824,853,1119,1406,1649
NCNTY37031N37031,"Carteret County, NC",978,985,1292,1662,2120
NCNTY21045N21045,"Casey County, KY",619,790,866,1038,1169
METRO16220M16220,"Casper, WY MSA",818,909,1154,1605,1936
NCNTY19029N19029,"Cass County, IA",682,710,919,1278,1496
NCNTY17017N17017,"Cass County, IL",632,836,916,1263,1537
NCNTY18017N18017,"Cass County, IN",791,796,956,1278,1282
METRO43780N26027,"Cass County, MI HUD Metro FMR Area",842,983,1078,1381,1808
NCNTY27021N27021,"Cass County, MN",743,768,992,1326,1664
NCNTY48067N48067,"Cass County, TX",737,742,973,1328,1432
NCNTY16031N16031,"Cassia County, ID",821,827,1085,1509,1820
NCNTY48069N48069,"Castro County, TX",959,965,1266,1518,1863
NCNTY37033N37033,"Caswell County, NC",743,748,925,1270,1390
NCNTY22025N22025,"Catahoula Parish, LA",601,647,834,1139,1249
NCNTY35003N35003,"Catron County, NM",833,919,1121,1535,1808
NCNTY36009N36009,"Cattaraugus County, NY",834,840,1080,1322,1522
NCNTY38019N38019,"Cavalier County, ND",697,702,873,1170,1464
NCNTY36011N36011,"Cayuga County, NY",936,942,1190,1549,1778
NCNTY19031N19031,"Cedar County, IA",743,763,1001,1305,1325
NCNTY29039N29039,"Cedar County, MO",665,682,895,1223,1331
NCNTY31027N31027,"Cedar County, NE",666,795,961,1268,1612
METRO16300M16300,"Cedar Rapids, IA HUD Metro FMR Area",794,878,1152,1602,1933
NCNTY19033N19033,"Cerro Gordo County, IA",801,806,1019,1317,1552
NCNTY08015N08015,"Chaffee County, CO",1252,1260,1653,2299,2592
NCNTY01017N01017,"Chambers County, AL",743,827,1077,1360,1426
METRO16540M16540,"Chambersburg, PA MSA",1079,1191,1467,1942,2118
NCNTY39021N39021,"Champaign County, OH",774,859,1099,1401,1544
METRO16580M16580,"Champaign-Urbana, IL HUD Metro FMR Area",1017,1023,1213,1553,1606
NCNTY29041N29041,"Chariton County, MO",660,677,888,1235,1320
NCNTY46023N46023,"Charles Mix County, SD",803,807,929,1292,1558
METRO16700M16700,"Charleston-North Charleston, SC MSA",1712,1793,1965,2444,2817
METRO16620M16620,"Charleston, WV HUD Metro FMR Area",762,884,1105,1413,1463
NCNTY26029N26029,"Charlevoix County, MI",790,860,1116,1552,1742
NCNTY51037N51037,"Charlotte County, VA",692,697,914,1146,1533
METRO16740M16740,"Charlotte-Concord-Gastonia, NC-SC HUD Metro FMR Area",1609,1685,1847,2275,2888
METRO16820M16820,"Charlottesville, VA MSA",1559,1758,2002,2435,2997
NCNTY13049N13049,"Charlton County, GA",819,825,1082,1297,1551
NCNTY20017N20017,"Chase County, KS",643,712,877,1184,1276
NCNTY31029N31029,"Chase County, NE",666,738,961,1152,1612
METRO16860M16860,"Chattanooga, TN-GA MSA",1336,1394,1534,1913,2044
NCNTY13055N13055,"Chattooga County, GA",789,794,973,1353,1632
NCNTY20019N20019,"Chautauqua County, KS",643,668,877,1108,1161
NCNTY36013N36013,"Chautauqua County, NY",723,801,1037,1369,1373
NCNTY35005N35005,"Chaves County, NM",795,955,1153,1530,1682
NCNTY26031N26031,"Cheboygan County, MI",775,835,1095,1313,1458
NCNTY36017N36017,"Chenango County, NY",909,917,1044,1452,1590
NCNTY01019N01019,"Cherokee County, AL",685,745,922,1105,1375
NCNTY19035N19035,"Cherokee County, IA",682,811,919,1278,1414
METRO27900N20021,"Cherokee County, KS HUD Metro FMR Area",664,668,877,1157,1161
NCNTY37039N37039,"Cherokee County, NC",705,779,1022,1410,1637
NCNTY40021N40021,"Cherokee County, OK",801,806,994,1274,1316
NCNTY45021N45021,"Cherokee County, SC",815,859,974,1226,1457
NCNTY48073N48073,"Cherokee County, TX",809,815,1061,1469,1561
NCNTY31031N31031,"Cherry County, NE",729,801,1051,1260,1404
NCNTY33005N33005,"Cheshire County, NH",1437,1588,2084,2725,2759
METRO16740N45023,"Chester County, SC HUD Metro FMR Area",894,900,1165,1620,1707
NCNTY45025N45025,"Chesterfield County, SC",694,703,923,1196,1323
NCNTY08017N08017,"Cheyenne County, CO",823,828,1087,1398,1704
NCNTY20023N20023,"Cheyenne County, KS",643,682,877,1052,1249
NCNTY31033N31033,"Cheyenne County, NE",862,868,1139,1366,1508
METRO16940M16940,"Cheyenne, WY MSA",860,974,1248,1736,2094
METRO16980M16980,"Chicago-Joliet-Naperville, IL HUD Metro FMR Area",1619,1730,1949,2510,2903
NCNTY19037N19037,"Chickasaw County, IA",687,783,926,1288,1303
NCNTY28017N28017,"Chickasaw County, MS",638,642,842,1121,1411
METRO17020M17020,"Chico, CA MSA",1245,1369,1751,2435,2937
NCNTY05017N05017,"Chicot County, AR",649,691,907,1185,1282
NCNTY48075N48075,"Childress County, TX",845,884,1087,1460,1599
METRO13820N01021,"Chilton County, AL HUD Metro FMR Area",801,806,1058,1389,1579
NCNTY26033N26033,"Chippewa County, MI",802,897,1163,1394,1540
NCNTY27023N27023,"Chippewa County, MN",671,772,973,1353,1382
NCNTY01023N01023,"Choctaw County, AL",688,733,926,1219,1381
NCNTY28019N28019,"Choctaw County, MS",638,642,842,1115,1118
NCNTY40023N40023,"Choctaw County, OK",705,714,937,1134,1241
NCNTY30015N30015,"Chouteau County, MT",1007,1024,1344,1710,2006
NCNTY37041N37041,"Chowan County, NC",988,995,1305,1565,1728
NCNTY17021N17021,"Christian County, IL",695,768,1008,1209,1467
NCNTY02063N02063,"Chugach Census Area, AK",1080,1429,1567,2179,2629
NCNTY32001N32001,"Churchill County, NV",1121,1129,1481,2060,2268
NCNTY35006N35006,"Cibola County, NM",778,868,1047,1289,1386
NCNTY40025N40025,"Cimarron County, OK",705,732,937,1303,1343
METRO17140M17140,"Cincinnati, OH-KY-IN  HUD Metro FMR Area",1041,1142,1470,1940,2147
NCNTY28021N28021,"Claiborne County, MS",708,713,842,1111,1118
NCNTY47025N47025,"Claiborne County, TN",724,844,925,1155,1277
NCNTY22027N22027,"Claiborne Parish, LA",601,706,834,1000,1249
NCNTY53009N53009,"Clallam County, WA",947,1039,1361,1893,2178
NCNTY26035N26035,"Clare County, MI",734,790,1037,1251,1695
NCNTY45027N45027,"Clarendon County, SC",683,687,902,1205,1380
NCNTY42031N42031,"Clarion County, PA",808,813,1039,1263,1743
NCNTY05019N05019,"Clark County, AR",772,772,930,1290,1433
NCNTY16033N16033,"Clark County, ID",768,773,973,1353,1632
NCNTY17023N17023,"Clark County, IL",727,803,1054,1300,1396
NCNTY20025N20025,"Clark County, KS",643,752,877,1075,1276
NCNTY29045N29045,"Clark County, MO",660,677,888,1154,1320
NCNTY46025N46025,"Clark County, SD",641,847,929,1144,1256
NCNTY55019N55019,"Clark County, WI",723,754,973,1238,1399
NCNTY01025N01025,"Clarke County, AL",665,682,895,1170,1427
NCNTY19039N19039,"Clarke County, IA",682,803,919,1222,1227
NCNTY28023N28023,"Clarke County, MS",816,862,945,1133,1251
METRO17300M17300,"Clarksville, TN-KY HUD Metro FMR Area",1180,1184,1457,2026,2444
NCNTY41007N41007,"Clatsop County, OR",1110,1162,1525,2088,2558
NCNTY01027N01027,"Clay County, AL",576,591,776,1024,1027
NCNTY05021N05021,"Clay County, AR",658,671,880,1191,1240
NCNTY13061N13061,"Clay County, GA",822,827,1045,1307,1498
NCNTY19041N19041,"Clay County, IA",720,739,970,1264,1284
NCNTY17025N17025,"Clay County, IL",634,710,920,1172,1314
NCNTY20027N20027,"Clay County, KS",718,747,980,1293,1298
NCNTY21051N21051,"Clay County, KY",662,759,866,1176,1308
NCNTY28025N28025,"Clay County, MS",714,718,849,1159,1424
NCNTY37043N37043,"Clay County, NC",1064,1149,1259,1732,1892
NCNTY31035N31035,"Clay County, NE",666,759,961,1152,1304
NCNTY46027N46027,"Clay County, SD",678,750,984,1369,1651
NCNTY47027N47027,"Clay County, TN",700,705,925,1286,1289
NCNTY19043N19043,"Clayton County, IA",699,718,942,1155,1336
NCNTY42033N42033,"Clearfield County, PA",768,829,1038,1372,1377
NCNTY16035N16035,"Clearwater County, ID",863,869,1140,1585,1912
NCNTY27029N27029,"Clearwater County, MN",673,788,976,1182,1637
NCNTY01029N01029,"Cleburne County, AL",663,707,892,1114,1181
NCNTY05023N05023,"Cleburne County, AR",720,774,1005,1293,1363
NCNTY05025N05025,"Cleveland County, AR",630,671,880,1055,1240
NCNTY37045N37045,"Cleveland County, NC",790,794,963,1339,1376
METRO17410N17460,"Cleveland, OH HUD Metro FMR Area",1009,1144,1382,1778,1902
METRO17420M17420,"Cleveland, TN MSA",905,1001,1313,1687,1738
NCNTY13065N13065,"Clinch County, GA",765,770,973,1353,1395
NCNTY19045N19045,"Clinton County, IA",710,785,1030,1276,1623
NCNTY18023N18023,"Clinton County, IN",765,841,1053,1389,1404
NCNTY21053N21053,"Clinton County, KY",619,660,866,1041,1209
NCNTY36019N36019,"Clinton County, NY",1053,1060,1348,1616,1785
NCNTY39027N39027,"Clinton County, OH",819,882,1083,1420,1785
NCNTY42035N42035,"Clinton County, PA",813,819,1051,1329,1763
NCNTY20029N20029,"Cloud County, KS",643,676,877,1052,1275
NCNTY28027N28027,"Coahoma County, MS",730,748,842,1177,1380
NCNTY40029N40029,"Coal County, OK",705,714,937,1279,1535
METRO31180N48079,"Cochran County, TX HUD Metro FMR Area",694,835,991,1192,1636
NCNTY47029N47029,"Cocke County, TN",683,795,991,1296,1312
NCNTY46029N46029,"Codington County, SD",787,870,1142,1391,1693
METRO17660M17660,"Coeur d'Alene, ID MSA",1205,1422,1690,2350,2835
NCNTY01031N01031,"Coffee County, AL",769,789,1035,1439,1535
NCNTY13069N13069,"Coffee County, GA",675,885,973,1275,1610
NCNTY47031N47031,"Coffee County, TN",854,860,1057,1412,1417
NCNTY20031N20031,"Coffey County, KS",678,706,926,1120,1226
NCNTY48081N48081,"Coke County, TX",737,742,973,1234,1432
NCNTY48083N48083,"Coleman County, TX",851,857,1124,1348,1654
NCNTY17029N17029,"Coles County, IL",703,802,1020,1333,1425
NCNTY31037N31037,"Colfax County, NE",791,968,1140,1367,1509
NCNTY35007N35007,"Colfax County, NM",730,888,973,1302,1569
METRO17780M17780,"College Station-Bryan, TX MSA",1096,1157,1268,1763,2062
NCNTY45029N45029,"Colleton County, SC",734,744,976,1170,1591
NCNTY48087N48087,"Collingsworth County, TX",756,778,973,1266,1432
NCNTY48089N48089,"Colorado County, TX",932,958,1199,1438,1764
METRO17820M17820,"Colorado Springs, CO HUD Metro FMR Area",1285,1573,1864,2592,2948
NCNTY13071N13071,"Colquitt County, GA",805,810,1063,1275,1738
NCNTY05027N05027,"Columbia County, AR",674,717,941,1241,1246
NCNTY12023N12023,"Columbia County, FL",1049,1096,1396,1674,1848
NCNTY36021N36021,"Columbia County, NY",1348,1363,1548,1867,2050
NCNTY42037N42037,"Columbia County, PA",834,998,1209,1450,1667
NCNTY53013N53013,"Columbia County, WA",772,995,1101,1531,1847
METRO31540N55021,"Columbia County, WI HUD Metro FMR Area",877,969,1272,1752,1914
METRO17860M17860,"Columbia, MO HUD Metro FMR Area",838,1060,1216,1649,1951
METRO17900M17900,"Columbia, SC HUD Metro FMR Area",1116,1258,1379,1754,2066
NCNTY39029N39029,"Columbiana County, OH",713,801,1001,1253,1325
NCNTY37047N37047,"Columbus County, NC",732,736,943,1131,1249
METRO17980M17980,"Columbus, GA-AL HUD Metro FMR Area",960,1007,1167,1550,1827
METRO18020M18020,"Columbus, IN MSA",1316,1343,1511,1812,2136
METRO18140M18140,"Columbus, OH HUD Metro FMR Area",1200,1290,1545,1852,2082
NCNTY06011N06011,"Colusa County, CA",1065,1072,1406,1855,1862
NCNTY20033N20033,"Comanche County, KS",643,668,877,1144,1276
NCNTY48093N48093,"Comanche County, TX",747,751,986,1371,1451
NCNTY48095N48095,"Concho County, TX",913,939,1175,1529,1729
NCNTY22029N22029,"Concordia Parish, LA",609,656,846,1147,1267
NCNTY01035N01035,"Conecuh County, AL",576,615,776,1079,1157
NCNTY08021N08021,"Conejos County, CO",746,865,973,1332,1336
NCNTY56009N56009,"Converse County, WY",817,822,1079,1485,1782
NCNTY05029N05029,"Conway County, AR",607,671,880,1224,1448
NCNTY13075N13075,"Cook County, GA",772,776,981,1325,1370
NCNTY27031N27031,"Cook County, MN",731,967,1060,1403,1541
NCNTY48097N48097,"Cooke County, TX",1024,1030,1352,1664,1844
METRO17860M29053,"Cooper County, MO HUD Metro FMR Area",726,794,1042,1286,1628
NCNTY33007N33007,"Coos County, NH",1046,1053,1363,1802,1809
NCNTY41011N41011,"Coos County, OR",1028,1062,1368,1903,2295
NCNTY01037N01037,"Coosa County, AL",620,661,835,1161,1245
NCNTY02066N02066,"Copper River Census Area, AK",827,949,1153,1604,1934
METRO18580M18580,"Corpus Christi, TX HUD Metro FMR Area",1105,1198,1465,1926,2202
NCNTY46031N46031,"Corson County, SD",641,708,929,1186,1370
NCNTY36023N36023,"Cortland County, NY",1016,1022,1275,1608,2139
METRO18700M18700,"Corvallis, OR MSA",1294,1391,1749,2432,2744
NCNTY39031N39031,"Coshocton County, OH",736,824,973,1254,1632
NCNTY08023N08023,"Costilla County, CO",737,742,973,1353,1525
NCNTY48101N48101,"Cottle County, TX",849,873,1092,1421,1607
METRO30020N40033,"Cotton County, OK HUD Metro FMR Area",778,783,1028,1233,1725
NCNTY27033N27033,"Cottonwood County, MN",671,766,973,1353,1415
NCNTY01039N01039,"Covington County, AL",598,614,805,1036,1350
NCNTY28031N28031,"Covington County, MS",708,713,842,1111,1115
NCNTY20035N20035,"Cowley County, KS",649,675,886,1150,1336
NCNTY40035N40035,"Craig County, OK",833,844,1108,1351,1467
NCNTY48103N48103,"Crane County, TX",786,808,1011,1316,1488
NCNTY37049N37049,"Craven County, NC",956,963,1263,1679,2028
NCNTY19047N19047,"Crawford County, IA",682,788,919,1212,1451
NCNTY17033N17033,"Crawford County, IL",663,802,962,1304,1614
NCNTY18025N18025,"Crawford County, IN",685,852,956,1330,1508
NCNTY20037N20037,"Crawford County, KS",719,724,950,1321,1594
NCNTY26039N26039,"Crawford County, MI",768,939,1114,1336,1580
NCNTY29055N29055,"Crawford County, MO",628,748,911,1267,1411
NCNTY39033N39033,"Crawford County, OH",794,825,990,1306,1311
NCNTY42039N42039,"Crawford County, PA",742,808,999,1340,1516
NCNTY55023N55023,"Crawford County, WI",694,892,978,1173,1332
NCNTY01041N01041,"Crenshaw County, AL",604,608,798,957,1057
METRO18880M18880,"Crestview-Fort Walton Beach-Destin, FL HUD Metro FMR Area",1471,1707,1928,2645,3218
NCNTY13081N13081,"Crisp County, GA",825,831,1030,1235,1364
NCNTY21055N21055,"Crittenden County, KY",654,697,915,1097,1277
METRO27180N47033,"Crockett County, TN HUD Metro FMR Area",819,916,1178,1511,1757
NCNTY48105N48105,"Crockett County, TX",849,873,1092,1421,1607
METRO13460N41013,"Crook County, OR HUD Metro FMR Area",1115,1123,1473,2049,2471
NCNTY56011N56011,"Crook County, WY",759,764,996,1270,1645
NCNTY05037N05037,"Cross County, AR",639,681,893,1242,1498
NCNTY27035N27035,"Crow Wing County, MN",820,906,1189,1428,1666
NCNTY08025N08025,"Crowley County, CO",1040,1046,1373,1646,2153
NCNTY48109N48109,"Culberson County, TX",849,873,1092,1421,1607
NCNTY01043N01043,"Cullman County, AL",743,748,981,1269,1542
METRO47900N51047,"Culpeper County, VA HUD Metro FMR Area",1249,1272,1547,2150,2182
NCNTY17035N17035,"Cumberland County, IL",632,717,916,1098,1537
NCNTY21057N21057,"Cumberland County, KY",619,701,866,1204,1209
METRO38860N23005,"Cumberland County, ME (part) HUD Metro FMR Area",1355,1498,1965,2551,3256
NCNTY47035N47035,"Cumberland County, TN",781,786,1024,1417,1422
NCNTY51049N51049,"Cumberland County, VA",852,857,1046,1254,1755
NCNTY31039N31039,"Cuming County, NE",666,826,961,1268,1272
NCNTY35009N35009,"Curry County, NM",815,961,1182,1534,1983
NCNTY41015N41015,"Curry County, OR",1065,1177,1545,2077,2321
NCNTY08027N08027,"Custer County, CO",1006,1010,1312,1573,2057
NCNTY16037N16037,"Custer County, ID",934,940,1109,1542,1860
NCNTY30017N30017,"Custer County, MT",1178,1302,1708,2288,2466
NCNTY31041N31041,"Custer County, NE",670,736,966,1343,1480
NCNTY40039N40039,"Custer County, OK",677,767,982,1366,1647
METRO39660N46033,"Custer County, SD HUD Metro FMR Area",846,935,1227,1706,2058
NCNTY29057N29057,"Dade County, MO",660,729,888,1209,1490
NCNTY49009N49009,"Daggett County, UT",924,1053,1264,1720,2120
NCNTY01045N01045,"Dale County, AL",607,756,850,1182,1426
NCNTY48111N48111,"Dallam County, TX",1081,1268,1390,1850,2045
NCNTY01047N01047,"Dallas County, AL",656,674,884,1166,1170
NCNTY05039N05039,"Dallas County, AR",630,671,880,1207,1240
METRO44180N29059,"Dallas County, MO HUD Metro FMR Area",727,732,888,1235,1490
METRO19100M19100,"Dallas, TX HUD Metro FMR Area",1736,1808,2119,2668,3392
METRO19140M19140,"Dalton, GA HUD Metro FMR Area",828,959,1196,1559,2002
NCNTY30019N30019,"Daniels County, MT",1251,1469,1669,2307,2698
METRO19300M19300,"Daphne-Fairhope-Foley, AL MSA",1227,1346,1509,1898,2436
NCNTY37055N37055,"Dare County, NC",1191,1388,1521,1937,2014
NCNTY39037N39037,"Darke County, OH",801,806,973,1290,1295
METRO22500N45031,"Darlington County, SC HUD Metro FMR Area",913,919,1179,1414,1609
METRO19340M19340,"Davenport-Moline-Rock Island, IA-IL MSA",869,986,1215,1593,1934
METRO49180N37057,"Davidson County, NC HUD Metro FMR Area",883,947,1038,1423,1721
NCNTY18027N18027,"Daviess County, IN",762,810,1063,1318,1407
NCNTY29061N29061,"Daviess County, MO",664,681,894,1146,1303
NCNTY19051N19051,"Davis County, IA",806,828,1086,1302,1450
NCNTY46035N46035,"Davison County, SD",674,745,977,1359,1639
NCNTY31045N31045,"Dawes County, NE",759,835,1095,1458,1463
NCNTY30021N30021,"Dawson County, MT",1008,1025,1345,1613,2083
NCNTY31047N31047,"Dawson County, NE",725,926,1046,1331,1385
NCNTY48115N48115,"Dawson County, TX",856,862,1131,1356,1664
NCNTY46037N46037,"Day County, SD",641,751,929,1292,1438
METRO19430M19430,"Dayton-Kettering-Beavercreek, OH MSA",991,1078,1360,1764,1942
NCNTY35011N35011,"De Baca County, NM",728,803,979,1174,1579
NCNTY17039N17039,"De Witt County, IL",766,847,1111,1332,1864
NCNTY48117N48117,"Deaf Smith County, TX",769,891,1115,1337,1672
NCNTY13087N13087,"Decatur County, GA",889,892,1021,1350,1352
NCNTY19053N19053,"Decatur County, IA",634,700,919,1102,1542
NCNTY18031N18031,"Decatur County, IN",801,851,1117,1339,1479
NCNTY20039N20039,"Decatur County, KS",643,668,877,1220,1318
NCNTY47039N47039,"Decatur County, TN",724,736,925,1286,1289
METRO19460M19460,"Decatur, AL MSA",800,823,1019,1338,1644
METRO19500M19500,"Decatur, IL MSA",884,890,1119,1451,1796
NCNTY30023N30023,"Deer Lodge County, MT",884,1076,1180,1641,1980
NCNTY39039N39039,"Defiance County, OH",811,859,1054,1332,1514
NCNTY01049N01049,"DeKalb County, AL",576,591,776,992,1302
METRO16980MM2050,"DeKalb County, IL HUD Metro FMR Area",1000,1106,1451,1928,2328
NCNTY18033N18033,"DeKalb County, IN",718,764,1002,1248,1327
NCNTY47041N47041,"DeKalb County, TN",784,790,1036,1242,1666
NCNTY06015N06015,"Del Norte County, CA",1017,1299,1456,2025,2420
NCNTY19055N19055,"Delaware County, IA",682,838,919,1102,1227
NCNTY36025N36025,"Delaware County, NY",886,963,1125,1565,1623
NCNTY40041N40041,"Delaware County, OK",785,791,1033,1303,1456
NCNTY08029N08029,"Delta County, CO",932,944,1215,1676,2038
NCNTY26041N26041,"Delta County, MI",720,748,981,1299,1646
NCNTY48119N48119,"Delta County, TX",756,808,973,1345,1359
METRO19660M19660,"Deltona-Daytona Beach-Ormond Beach, FL HUD Metro FMR Area",1293,1486,1825,2405,2608
NCNTY02068N02068,"Denali Borough, AK",957,1051,1334,1855,2197
NCNTY29065N29065,"Dent County, MO",695,713,935,1121,1390
METRO19740M19740,"Denver-Aurora-Centennial, CO MSA",1769,1888,2249,2944,3283
NCNTY19057N19057,"Des Moines County, IA",763,843,1106,1424,1484
METRO19780M19780,"Des Moines-West Des Moines, IA HUD Metro FMR Area",1144,1193,1418,1930,1981
NCNTY05041N05041,"Desha County, AR",630,671,880,1208,1476
NCNTY12027N12027,"DeSoto County, FL",1124,1131,1290,1774,1990
METRO19820M19820,"Detroit-Warren-Livonia, MI HUD Metro FMR Area",1085,1206,1517,1853,2009
NCNTY31049N31049,"Deuel County, NE",666,732,961,1279,1284
NCNTY46039N46039,"Deuel County, SD",641,708,929,1292,1438
NCNTY40043N40043,"Dewey County, OK",778,788,1034,1429,1616
NCNTY46041N46041,"Dewey County, SD",641,832,929,1207,1230
NCNTY48123N48123,"DeWitt County, TX",928,954,1194,1432,1757
NCNTY48125N48125,"Dickens County, TX",756,778,973,1167,1432
NCNTY51051N51051,"Dickenson County, VA",745,749,914,1096,1346
NCNTY38021N38021,"Dickey County, ND",725,730,873,1214,1464
NCNTY19059N19059,"Dickinson County, IA",868,874,1147,1382,1519
NCNTY20041N20041,"Dickinson County, KS",693,697,915,1202,1211
NCNTY26043N26043,"Dickinson County, MI",692,845,978,1188,1641
NCNTY02070N02070,"Dillingham Census Area, AK",1046,1331,1459,2029,2403
NCNTY45033N45033,"Dillon County, SC",758,762,902,1235,1513
NCNTY48127N48127,"Dimmit County, TX",756,888,973,1353,1432
NCNTY38023N38023,"Divide County, ND",1301,1309,1629,1953,2733
NCNTY12029N12029,"Dixie County, FL",943,950,1246,1644,1650
NCNTY31051N31051,"Dixon County, NE",666,862,961,1337,1382
NCNTY54017N54017,"Doddridge County, WV",743,786,968,1259,1312
NCNTY13091N13091,"Dodge County, GA",757,762,1000,1199,1324
NCNTY31053N31053,"Dodge County, NE",851,935,1227,1471,1625
NCNTY55027N55027,"Dodge County, WI",794,931,1152,1551,1584
NCNTY08033N08033,"Dolores County, CO",896,1066,1168,1491,1831
NCNTY48129N48129,"Donley County, TX",756,778,973,1178,1376
NCNTY13093N13093,"Dooly County, GA",765,770,973,1283,1288
NCNTY55029N55029,"Door County, WI",868,932,1223,1485,1619
NCNTY24019N24019,"Dorchester County, MD",987,993,1193,1659,2001
METRO20020M20020,"Dothan, AL HUD Metro FMR Area",815,820,1023,1387,1538
NCNTY17041N17041,"Douglas County, IL",681,887,972,1316,1348
NCNTY27041N27041,"Douglas County, MN",793,831,1067,1484,1552
NCNTY29067N29067,"Douglas County, MO",660,677,888,1065,1320
NCNTY32005N32005,"Douglas County, NV",1186,1384,1720,2392,2885
NCNTY41019N41019,"Douglas County, OR",935,1033,1356,1886,2275
NCNTY46043N46043,"Douglas County, SD",654,722,948,1206,1468
METRO20100M20100,"Dover, DE MSA",1252,1260,1589,2210,2470
NCNTY05043N05043,"Drew County, AR",689,733,962,1270,1274
NCNTY18037N18037,"Dubois County, IN",715,760,997,1385,1673
METRO20220M20220,"Dubuque, IA MSA",825,895,1147,1544,1924
NCNTY49013N49013,"Duchesne County, UT",870,991,1190,1561,1656
NCNTY25007N25007,"Dukes County, MA",1754,1765,2316,3221,3419
METRO20260M20260,"Duluth, MN-WI MSA",912,1051,1323,1813,2219
NCNTY31057N31057,"Dundy County, NE",666,746,961,1187,1284
NCNTY29069N29069,"Dunklin County, MO",660,677,888,1228,1416
NCNTY38025N38025,"Dunn County, ND",767,772,960,1151,1610
NCNTY55033N55033,"Dunn County, WI",826,831,1082,1441,1815
NCNTY37061N37061,"Duplin County, NC",769,774,1016,1218,1427
METRO20500M20500,"Durham-Chapel Hill, NC HUD Metro FMR Area",1532,1630,1850,2289,2679
NCNTY48131N48131,"Duval County, TX",849,873,1092,1421,1607
NCNTY47045N47045,"Dyer County, TN",724,778,925,1220,1225
NCNTY08037N08037,"Eagle County, CO",1746,1930,2533,3037,3927
METRO20580M20580,"Eagle Pass, TX MSA",869,948,1039,1427,1601
NCNTY13099N13099,"Early County, GA",782,888,973,1238,1340
NCNTY22035N22035,"East Carroll Parish, LA",635,684,881,1143,1319
METRO49340MM1120,"Eastern Worcester County, MA HUD Metro FMR Area",1645,1818,2386,3318,3724
NCNTY48133N48133,"Eastland County, TX",756,862,973,1353,1632
METRO39300MM1200,"Easton-Raynham, MA HUD Metro FMR Area",2053,2067,2712,3252,3913
METRO20740M20740,"Eau Claire, WI MSA",989,1020,1252,1677,1684
NCNTY38027N38027,"Eddy County, ND",661,665,873,1214,1464
NCNTY35015N35015,"Eddy County, NM",1191,1247,1367,1862,1869
NCNTY17045N17045,"Edgar County, IL",632,768,916,1226,1405
NCNTY46045N46045,"Edmunds County, SD",720,796,1044,1400,1405
NCNTY17047N17047,"Edwards County, IL",664,734,963,1155,1275
NCNTY20047N20047,"Edwards County, KS",643,668,877,1134,1348
NCNTY48137N48137,"Edwards County, TX",849,873,1092,1421,1607
NCNTY17049N17049,"Effingham County, IL",763,773,939,1239,1420
METRO20940M20940,"El Centro, CA MSA",1005,1111,1458,1975,2446
METRO21340M21340,"El Paso, TX HUD Metro FMR Area",883,1089,1280,1755,2147
NCNTY13105N13105,"Elbert County, GA",874,880,1130,1355,1496
METRO21060M21060,"Elizabethtown, KY HUD Metro FMR Area",894,900,1123,1562,1884
NCNTY20049N20049,"Elk County, KS",643,668,877,1132,1276
NCNTY42047N42047,"Elk County, PA",730,851,1004,1324,1329
METRO21140M21140,"Elkhart-Goshen, IN MSA",1047,1073,1279,1679,1709
NCNTY32007N32007,"Elko County, NV",1116,1234,1619,2045,2716
NCNTY21063N21063,"Elliott County, KY",648,715,907,1132,1266
NCNTY20051N20051,"Ellis County, KS",689,762,1000,1368,1678
NCNTY40045N40045,"Ellis County, OK",727,881,966,1209,1384
NCNTY20053N20053,"Ellsworth County, KS",643,708,877,1052,1285
METRO21300M21300,"Elmira, NY MSA",1021,1052,1380,1727,1842
NCNTY16039N16039,"Elmore County, ID",956,963,1263,1757,2119
NCNTY13107N13107,"Emanuel County, GA",832,892,978,1246,1641
NCNTY49015N49015,"Emery County, UT",711,888,973,1310,1632
NCNTY19063N19063,"Emmet County, IA",682,771,919,1222,1227
NCNTY26047N26047,"Emmet County, MI",933,1018,1336,1602,1769
NCNTY38029N38029,"Emmons County, ND",679,683,873,1047,1464
METRO21420M21420,"Enid, OK MSA",830,844,1085,1412,1437
NCNTY48143N48143,"Erath County, TX",968,975,1279,1779,2075
METRO41780N39043,"Erie County, OH HUD Metro FMR Area",914,948,1184,1482,1666
METRO21500M21500,"Erie, PA MSA",896,1013,1300,1608,1806
NCNTY01053N01053,"Escambia County, AL",589,690,793,993,1229
NCNTY32009N32009,"Esmeralda County, NV",1133,1140,1496,2081,2510
NCNTY36031N36031,"Essex County, NY",945,957,1256,1542,1743
NCNTY51057N51057,"Essex County, VA",936,942,1149,1384,1607
NCNTY50009N50009,"Essex County, VT",840,989,1084,1508,1766
NCNTY21065N21065,"Estill County, KY",619,790,866,1120,1259
METRO21660M21660,"Eugene-Springfield, OR MSA",1321,1390,1824,2537,3060
NCNTY32011N32011,"Eureka County, NV",1133,1140,1496,2081,2510
NCNTY22039N22039,"Evangeline Parish, LA",601,667,834,1085,1104
NCNTY13109N13109,"Evans County, GA",763,768,1008,1209,1335
METRO21780M21780,"Evansville, IN MSA",902,909,1176,1447,1626
METRO21820M21820,"Fairbanks-College, AK MSA",1221,1350,1771,2463,2971
METRO41980M21940,"Fajardo, PR HUD Metro FMR Area",526,530,649,796,864
NCNTY46047N46047,"Fall River County, SD",821,908,1191,1428,1844
NCNTY30025N30025,"Fallon County, MT",1122,1168,1497,2069,2420
METRO47380N48145,"Falls County, TX HUD Metro FMR Area",671,742,973,1353,1632
NCNTY13111N13111,"Fannin County, GA",762,767,1007,1369,1374
NCNTY48147N48147,"Fannin County, TX",771,852,1118,1555,1875
METRO22020M22020,"Fargo, ND-MN MSA",822,982,1190,1655,1996
NCNTY27043N27043,"Faribault County, MN",671,790,973,1312,1317
METRO22140M22140,"Farmington, NM MSA",926,929,1139,1584,1711
NCNTY46049N46049,"Faulk County, SD",683,755,991,1261,1534
NCNTY01057N01057,"Fayette County, AL",576,671,776,1079,1157
NCNTY19065N19065,"Fayette County, IA",712,756,960,1264,1503
NCNTY17051N17051,"Fayette County, IL",734,762,931,1203,1314
NCNTY18041N18041,"Fayette County, IN",681,778,987,1223,1307
NCNTY39047N39047,"Fayette County, OH",778,866,1028,1319,1467
NCNTY48149N48149,"Fayette County, TX",821,940,1086,1479,1702
METRO13220N54019,"Fayette County, WV HUD Metro FMR Area",657,726,953,1244,1599
METRO22220M22220,"Fayetteville-Springdale-Rogers, AR MSA",1086,1202,1452,2019,2385
METRO22180M22180,"Fayetteville, NC HUD Metro FMR Area",1190,1215,1366,1820,2258
NCNTY47049N47049,"Fentress County, TN",700,705,925,1204,1290
NCNTY30027N30027,"Fergus County, MT",1107,1126,1477,2034,2388
NCNTY53019N53019,"Ferry County, WA",683,742,973,1353,1632
METRO40340N27045,"Fillmore County, MN HUD Metro FMR Area",815,821,1077,1443,1449
NCNTY31059N31059,"Fillmore County, NE",666,877,961,1279,1284
NCNTY20055N20055,"Finney County, KS",825,831,1090,1503,1785
NCNTY48151N48151,"Fisher County, TX",751,755,973,1167,1432
METRO49340MM2600,"Fitchburg-Leominster, MA HUD Metro FMR Area",1290,1509,1871,2403,2821
METRO22380M22380,"Flagstaff, AZ MSA",1770,1914,2129,2596,2846
NCNTY30029N30029,"Flathead County, MT",1348,1370,1798,2364,3016
NCNTY21069N21069,"Fleming County, KY",619,703,866,1142,1147
METRO22420M22420,"Flint, MI MSA",793,929,1121,1380,1625
NCNTY55037N55037,"Florence County, WI",911,978,1283,1582,1763
METRO22520M22520,"Florence-Muscle Shoals, AL MSA",740,823,1061,1318,1495
METRO22500M22500,"Florence, SC HUD Metro FMR Area",1017,1023,1199,1539,1705
NCNTY19067N19067,"Floyd County, IA",682,700,919,1192,1217
NCNTY21071N21071,"Floyd County, KY",690,736,966,1185,1296
NCNTY48153N48153,"Floyd County, TX",759,764,1003,1203,1476
METRO13980N51063,"Floyd County, VA HUD Metro FMR Area",844,848,1113,1334,1474
NCNTY48155N48155,"Foard County, TX",745,750,973,1266,1432
METRO22540M22540,"Fond du Lac, WI MSA",892,1041,1294,1675,1832
METRO16580N17053,"Ford County, IL HUD Metro FMR Area",698,703,922,1282,1308
NCNTY20057N20057,"Ford County, KS",712,787,1033,1339,1476
NCNTY42053N42053,"Forest County, PA",727,911,999,1269,1676
NCNTY55041N55041,"Forest County, WI",694,742,973,1182,1288
METRO22660M22660,"Fort Collins-Loveland, CO MSA",1628,1658,1869,2573,2741
METRO33100MM2680,"Fort Lauderdale, FL HUD Metro FMR Area",1869,2044,2510,3460,4099
METRO22900M22900,"Fort Smith, AR-OK MSA",690,721,946,1279,1547
METRO23060M23060,"Fort Wayne, IN HUD Metro FMR Area",950,976,1186,1472,1612
METRO19100MM2800,"Fort Worth-Arlington, TX HUD Metro FMR Area",1540,1591,1860,2454,3039
NCNTY38031N38031,"Foster County, ND",727,755,873,1214,1464
NCNTY18045N18045,"Fountain County, IN",698,742,974,1200,1634
NCNTY01059N01059,"Franklin County, AL",576,704,776,976,1071
NCNTY05047N05047,"Franklin County, AR",666,671,880,1094,1476
NCNTY12037N12037,"Franklin County, FL",1183,1212,1358,1791,1798
NCNTY13119N13119,"Franklin County, GA",805,810,1063,1275,1524
NCNTY19069N19069,"Franklin County, IA",682,700,919,1168,1542
NCNTY17055N17055,"Franklin County, IL",663,732,961,1239,1394
METRO17140M18047,"Franklin County, IN HUD Metro FMR Area",833,902,1169,1542,1548
NCNTY20059N20059,"Franklin County, KS",833,838,1084,1300,1446
NCNTY21073N21073,"Franklin County, KY",789,907,1144,1490,1775
NCNTY25011N25011,"Franklin County, MA",1378,1523,1999,2397,2647
NCNTY23007N23007,"Franklin County, ME",938,1037,1361,1802,1809
NCNTY28037N28037,"Franklin County, MS",744,759,884,1166,1170
NCNTY31061N31061,"Franklin County, NE",666,732,961,1187,1284
NCNTY36033N36033,"Franklin County, NY",753,901,1092,1358,1557
NCNTY47051N47051,"Franklin County, TN",785,790,1037,1383,1716
NCNTY48159N48159,"Franklin County, TX",882,907,1135,1361,1670
METRO40220N51067,"Franklin County, VA HUD Metro FMR Area",831,928,1017,1414,1706
NCNTY22041N22041,"Franklin Parish, LA",601,698,834,1067,1249
NCNTY27047N27047,"Freeborn County, MN",704,778,1021,1345,1501
NCNTY48161N48161,"Freestone County, TX",737,742,973,1298,1432
NCNTY08043N08043,"Fremont County, CO",1002,1008,1323,1694,1752
NCNTY19071N19071,"Fremont County, IA",682,708,919,1278,1379
NCNTY16043N16043,"Fremont County, ID",848,884,973,1353,1632
NCNTY56013N56013,"Fremont County, WY",755,760,972,1333,1631
METRO23420M23420,"Fresno, CA HUD Metro FMR Area",1455,1464,1797,2499,2872
NCNTY48163N48163,"Frio County, TX",889,914,1144,1489,1683
NCNTY31063N31063,"Frontier County, NE",666,732,961,1337,1340
NCNTY05049N05049,"Fulton County, AR",630,746,880,1145,1321
NCNTY17057N17057,"Fulton County, IL",751,756,978,1360,1375
NCNTY18049N18049,"Fulton County, IN",752,799,1049,1258,1389
NCNTY21075N21075,"Fulton County, KY",620,661,867,1206,1454
NCNTY36035N36035,"Fulton County, NY",857,863,1132,1357,1528
NCNTY42057N42057,"Fulton County, PA",741,785,1018,1221,1619
NCNTY31065N31065,"Furnas County, NE",666,859,961,1305,1602
METRO23460M23460,"Gadsden, AL MSA",725,899,1052,1275,1480
NCNTY31067N31067,"Gage County, NE",685,757,993,1191,1341
NCNTY48165N48165,"Gaines County, TX",791,871,1018,1221,1498
METRO23540M23540,"Gainesville, FL HUD Metro FMR Area",1263,1364,1635,2046,2165
METRO23580M23580,"Gainesville, GA MSA",1255,1473,1615,1957,2269
NCNTY17059N17059,"Gallatin County, IL",632,698,916,1098,1308
NCNTY39053N39053,"Gallia County, OH",736,871,973,1240,1632
NCNTY31069N31069,"Garden County, NE",680,747,980,1175,1298
NCNTY08045N08045,"Garfield County, CO",1329,1338,1755,2441,2615
NCNTY30033N30033,"Garfield County, MT",945,984,1261,1548,2039
NCNTY31071N31071,"Garfield County, NE",666,732,961,1279,1284
NCNTY49017N49017,"Garfield County, UT",737,920,1009,1242,1693
NCNTY53023N53023,"Garfield County, WA",765,831,1091,1517,1830
NCNTY21079N21079,"Garrard County, KY",667,852,934,1199,1333
NCNTY24023N24023,"Garrett County, MD",848,864,973,1353,1441
NCNTY40049N40049,"Garvin County, OK",705,714,937,1249,1534
METRO16980MM2960,"Gary, IN HUD Metro FMR Area",1025,1155,1407,1722,1863
METRO31180N48169,"Garza County, TX HUD Metro FMR Area",716,862,1023,1423,1650
NCNTY29073N29073,"Gasconade County, MO",660,677,888,1192,1197
METRO47260N37073,"Gates County, NC HUD Metro FMR Area",1489,1513,1709,2364,2794
METRO31740M20061,"Geary County, KS HUD Metro FMR Area",884,890,1099,1528,1844
METRO14260N16045,"Gem County, ID HUD Metro FMR Area",834,953,1190,1601,1882
NCNTY36037N36037,"Genesee County, NY",847,1002,1229,1474,1627
NCNTY29075N29075,"Gentry County, MO",660,691,888,1235,1490
NCNTY28039N28039,"George County, MS",801,806,952,1141,1451
NCNTY45043N45043,"Georgetown County, SC",1012,1026,1346,1614,2174
METRO23900M23900,"Gettysburg, PA MSA",1109,1212,1515,2023,2138
NCNTY18051N18051,"Gibson County, IN",813,818,1062,1339,1444
METRO27180M47053,"Gibson County, TN HUD Metro FMR Area",708,776,1018,1416,1708
NCNTY04007N04007,"Gila County, AZ",1226,1234,1619,2049,2375
NCNTY47055N47055,"Giles County, TN",807,812,1066,1278,1486
METRO13980N51071,"Giles County, VA HUD Metro FMR Area",787,947,1038,1245,1741
NCNTY48171N48171,"Gillespie County, TX",1173,1181,1549,1945,2279
NCNTY41021N41021,"Gilliam County, OR",768,841,1104,1535,1852
NCNTY13123N13123,"Gilmer County, GA",792,921,1149,1505,1928
NCNTY54021N54021,"Gilmer County, WV",667,793,869,1140,1390
NCNTY30035N30035,"Glacier County, MT",1010,1092,1348,1616,1941
NCNTY12043N12043,"Glades County, FL",1091,1117,1252,1516,1658
NCNTY26051N26051,"Gladwin County, MI",689,742,973,1353,1606
NCNTY13125N13125,"Glascock County, GA",822,827,1045,1307,1498
NCNTY48173N48173,"Glasscock County, TX",849,873,1092,1421,1607
NCNTY06021N06021,"Glenn County, CA",1003,1109,1455,1930,2328
METRO24020M24020,"Glens Falls, NY MSA",1092,1119,1415,1829,1874
NCNTY26053N26053,"Gogebic County, MI",689,761,973,1353,1411
NCNTY30037N30037,"Golden Valley County, MT",1028,1071,1372,1908,2218
NCNTY38033N38033,"Golden Valley County, ND",840,846,1052,1463,1765
METRO24140M24140,"Goldsboro, NC MSA",1017,1024,1343,1615,2182
NCNTY48177N48177,"Gonzales County, TX",692,764,1003,1395,1439
NCNTY27049N27049,"Goodhue County, MN",787,939,1141,1587,1914
NCNTY16047N16047,"Gooding County, ID",888,893,1076,1496,1805
NCNTY13129N13129,"Gordon County, GA",745,884,1072,1491,1686
NCNTY56015N56015,"Goshen County, WY",729,734,963,1293,1615
NCNTY31073N31073,"Gosper County, NE",669,735,965,1246,1467
NCNTY20063N20063,"Gove County, KS",643,800,877,1157,1161
NCNTY13131N13131,"Grady County, GA",762,767,1007,1390,1542
METRO36420N40051,"Grady County, OK HUD Metro FMR Area",725,802,1052,1408,1765
NCNTY33009N33009,"Grafton County, NH",1635,1646,2160,2930,2976
NCNTY04009N04009,"Graham County, AZ",887,1024,1285,1724,2156
NCNTY20065N20065,"Graham County, KS",643,668,877,1115,1276
NCNTY37075N37075,"Graham County, NC",782,844,925,1199,1390
METRO28940M47057,"Grainger County, TN HUD Metro FMR Area",761,766,1005,1326,1331
NCNTY08049N08049,"Grand County, CO",1215,1447,1620,1942,2718
NCNTY49019N49019,"Grand County, UT",1333,1519,1824,2481,3060
METRO24220M24220,"Grand Forks, ND-MN MSA",931,937,1175,1634,1971
METRO24300M24300,"Grand Junction, CO MSA",955,1069,1354,1883,2271
METRO24340M24340,"Grand Rapids-Wyoming, MI HUD Metro FMR Area",1318,1367,1638,2118,2342
METRO45900N26055,"Grand Traverse County, MI HUD Metro FMR Area",1266,1273,1512,1946,2002
NCNTY30039N30039,"Granite County, MT",790,823,1054,1466,1704
METRO30780N05053,"Grant County, AR HUD Metro FMR Area",834,839,1016,1286,1615
NCNTY18053N18053,"Grant County, IN",711,781,974,1280,1439
NCNTY20067N20067,"Grant County, KS",643,668,877,1220,1276
METRO17140MM3020,"Grant County, KY HUD Metro FMR Area",852,931,1195,1433,1736
NCNTY27051N27051,"Grant County, MN",671,742,973,1353,1632
NCNTY38037N38037,"Grant County, ND",678,683,873,1214,1464
NCNTY31075N31075,"Grant County, NE",703,773,1014,1252,1355
NCNTY35017N35017,"Grant County, NM",826,832,1089,1355,1442
NCNTY40053N40053,"Grant County, OK",705,714,937,1279,1343
NCNTY41023N41023,"Grant County, OR",807,1013,1159,1576,1944
NCNTY46051N46051,"Grant County, SD",641,708,929,1292,1438
NCNTY53025N53025,"Grant County, WA",1002,1009,1324,1834,2221
NCNTY55043N55043,"Grant County, WI",745,762,973,1213,1594
NCNTY54023N54023,"Grant County, WV",658,662,869,1127,1177
METRO24420M24420,"Grants Pass, OR MSA",1003,1109,1455,2024,2150
NCNTY37077N37077,"Granville County, NC",1031,1113,1220,1598,1745
NCNTY26057N26057,"Gratiot County, MI",710,764,1003,1344,1500
NCNTY21083N21083,"Graves County, KY",619,660,866,1204,1311
NCNTY20069N20069,"Gray County, KS",661,823,902,1121,1194
NCNTY48179N48179,"Gray County, TX",820,825,1083,1299,1434
NCNTY53027N53027,"Grays Harbor County, WA",883,977,1281,1782,1969
NCNTY21085N21085,"Grayson County, KY",708,712,866,1200,1209
NCNTY51077N51077,"Grayson County, VA",792,834,914,1241,1252
METRO24500M24500,"Great Falls, MT MSA",1063,1083,1421,1976,2252
NCNTY20071N20071,"Greeley County, KS",643,668,877,1052,1276
NCNTY31077N31077,"Greeley County, NE",666,732,961,1152,1301
METRO24540M24540,"Greeley, CO MSA",1280,1353,1708,2375,2830
METRO24580M24580,"Green Bay, WI HUD Metro FMR Area",932,1001,1251,1660,1739
NCNTY21087N21087,"Green County, KY",619,790,866,1142,1147
METRO31540N55045,"Green County, WI HUD Metro FMR Area",833,882,1151,1380,1524
NCNTY55047N55047,"Green Lake County, WI",700,752,987,1183,1307
NCNTY54025N54025,"Greenbrier County, WV",765,793,997,1272,1332
METRO46220M01063,"Greene County, AL HUD Metro FMR Area",921,928,1217,1459,1611
NCNTY05055N05055,"Greene County, AR",685,817,957,1331,1578
NCNTY13133N13133,"Greene County, GA",819,824,993,1347,1352
NCNTY19073N19073,"Greene County, IA",682,700,919,1278,1486
NCNTY17061N17061,"Greene County, IL",731,808,1060,1271,1480
NCNTY18055N18055,"Greene County, IN",754,759,996,1257,1386
NCNTY28041N28041,"Greene County, MS",771,814,892,1070,1181
NCNTY37079N37079,"Greene County, NC",809,851,957,1230,1438
NCNTY36039N36039,"Greene County, NY",1121,1243,1526,2015,2306
NCNTY42059N42059,"Greene County, PA",878,883,1159,1390,1535
NCNTY47059N47059,"Greene County, TN",638,797,925,1279,1420
NCNTY04011N04011,"Greenlee County, AZ",809,970,1174,1408,1763
METRO24660M24660,"Greensboro-High Point, NC HUD Metro FMR Area",1260,1319,1446,1851,2131
NCNTY51081N51081,"Greensville County-Emporia city, VA HUD Nonmetro FMR Area",815,820,1067,1484,1790
METRO24860M24860,"Greenville-Mauldin-Easley, SC HUD Metro FMR Area",1269,1329,1457,1754,2114
METRO24780M24780,"Greenville, NC MSA",960,966,1180,1578,1980
NCNTY20073N20073,"Greenwood County, KS",643,668,877,1052,1276
NCNTY45047N45047,"Greenwood County, SC",746,805,993,1207,1356
NCNTY40055N40055,"Greer County, OK",705,732,937,1303,1343
NCNTY46053N46053,"Gregory County, SD",641,749,929,1242,1438
NCNTY28043N28043,"Grenada County, MS",709,713,936,1122,1239
NCNTY38039N38039,"Griggs County, ND",661,665,873,1076,1464
NCNTY48185N48185,"Grimes County, TX",900,926,1158,1397,1704
METRO16980MM3170,"Grundy County, IL HUD Metro FMR Area",1089,1180,1540,2089,2325
NCNTY29079N29079,"Grundy County, MO",660,677,888,1171,1353
NCNTY47061N47061,"Grundy County, TN",724,844,925,1162,1289
NCNTY35019N35019,"Guadalupe County, NM",723,791,973,1332,1569
NCNTY66010N66010,Guam,1100,1211,1589,2226,2668
METRO25020M25020,"Guayama, PR MSA",424,429,487,653,655
NCNTY39059N39059,"Guernsey County, OH",739,744,976,1284,1579
NCNTY12045N12045,"Gulf County, FL",1404,1414,1855,2224,2456
METRO25060M25060,"Gulfport-Biloxi, MS HUD Metro FMR Area",838,985,1216,1569,1719
NCNTY08051N08051,"Gunnison County, CO",1075,1217,1413,1965,2370
NCNTY46055N46055,"Haakon County, SD",701,775,1017,1294,1574
NCNTY13137N13137,"Habersham County, GA",931,936,1115,1487,1492
METRO25180MM3180,"Hagerstown, MD HUD Metro FMR Area",925,1023,1342,1810,2023
NCNTY02100N02100,"Haines Borough, AK",1146,1259,1598,2158,2632
NCNTY48189N48189,"Hale County, TX",671,888,973,1304,1477
NCNTY37083N37083,"Halifax County, NC",654,761,949,1221,1403
NCNTY51083N51083,"Halifax County, VA",803,839,927,1184,1359
METRO24260N31079,"Hall County, NE HUD Metro FMR Area",916,1034,1284,1617,2118
NCNTY48191N48191,"Hall County, TX",746,751,973,1353,1432
NCNTY12047N12047,"Hamilton County, FL",943,966,1083,1429,1434
NCNTY19079N19079,"Hamilton County, IA",771,827,1039,1246,1376
NCNTY17065N17065,"Hamilton County, IL",632,727,916,1274,1308
NCNTY20075N20075,"Hamilton County, KS",805,838,1099,1318,1599
NCNTY31081N31081,"Hamilton County, NE",666,824,961,1337,1594
NCNTY36041N36041,"Hamilton County, NY",1131,1146,1504,1803,1991
NCNTY48193N48193,"Hamilton County, TX",781,787,1032,1388,1518
NCNTY46057N46057,"Hamlin County, SD",641,708,929,1225,1230
METRO25220M25220,"Hammond, LA MSA",899,917,1188,1483,1573
NCNTY45049N45049,"Hampton County, SC",694,720,923,1228,1411
NCNTY13141N13141,"Hancock County, GA",765,770,973,1252,1632
NCNTY19081N19081,"Hancock County, IA",682,745,919,1170,1542
NCNTY17067N17067,"Hancock County, IL",658,824,954,1157,1263
NCNTY21091N21091,"Hancock County, KY",769,774,1016,1345,1347
NCNTY23009N23009,"Hancock County, ME",1329,1337,1626,2218,2226
NCNTY39063N39063,"Hancock County, OH",847,936,1228,1617,1845
NCNTY47067N47067,"Hancock County, TN",724,844,925,1109,1225
NCNTY46059N46059,"Hand County, SD",641,788,929,1292,1438
METRO25260M25260,"Hanford-Corcoran, CA MSA",1249,1257,1596,2220,2663
NCNTY48195N48195,"Hansford County, TX",907,913,1198,1484,1586
NCNTY46061N46061,"Hanson County, SD",641,824,929,1292,1438
METRO12060N13143,"Haralson County, GA HUD Metro FMR Area",881,886,1163,1413,1805
NCNTY12049N12049,"Hardee County, FL",1134,1140,1337,1812,2243
NCNTY47069N47069,"Hardeman County, TN",700,705,925,1286,1348
NCNTY48197N48197,"Hardeman County, TX",737,742,973,1220,1432
NCNTY19083N19083,"Hardin County, IA",682,700,919,1208,1347
NCNTY17069N17069,"Hardin County, IL",632,698,916,1098,1308
NCNTY39065N39065,"Hardin County, OH",817,822,986,1247,1392
NCNTY47071N47071,"Hardin County, TN",710,715,938,1237,1242
NCNTY35021N35021,"Harding County, NM",833,919,1121,1535,1808
NCNTY46063N46063,"Harding County, SD",701,775,1017,1294,1574
NCNTY54031N54031,"Hardy County, WV",748,820,975,1199,1321
NCNTY21095N21095,"Harlan County, KY",694,699,866,1142,1147
NCNTY31083N31083,"Harlan County, NE",701,791,1011,1334,1339
NCNTY40057N40057,"Harmon County, OK",721,749,958,1149,1607
NCNTY37085N37085,"Harnett County, NC",882,887,1074,1494,1802
NCNTY41025N41025,"Harney County, OR",740,811,1064,1480,1785
NCNTY20077N20077,"Harper County, KS",643,740,877,1093,1276
NCNTY40059N40059,"Harper County, OK",705,732,937,1146,1343
METRO25420M25420,"Harrisburg-Carlisle, PA MSA",1139,1305,1607,2067,2128
NCNTY21097N21097,"Harrison County, KY",629,803,880,1224,1234
NCNTY29081N29081,"Harrison County, MO",675,693,909,1187,1204
NCNTY39067N39067,"Harrison County, OH",744,749,973,1283,1288
METRO30980M48203,"Harrison County, TX HUD Metro FMR Area",903,998,1310,1571,1734
NCNTY54033N54033,"Harrison County, WV",847,927,1051,1391,1614
METRO25500M25500,"Harrisonburg, VA MSA",1144,1151,1440,1962,2314
NCNTY13147N13147,"Hart County, GA",882,888,1127,1351,1616
NCNTY21099N21099,"Hart County, KY",619,747,866,1077,1198
METRO25540M25540,"Hartford-West Hartford-East Hartford, CT MSA",1373,1576,1991,2387,2709
NCNTY48205N48205,"Hartley County, TX",903,929,1162,1533,1539
NCNTY20081N20081,"Haskell County, KS",643,668,877,1089,1276
NCNTY40061N40061,"Haskell County, OK",646,714,937,1147,1338
NCNTY48207N48207,"Haskell County, TX",756,778,973,1353,1550
METRO25620M25620,"Hattiesburg, MS MSA",811,946,1116,1437,1478
NCNTY15001N15001,"Hawaii County, HI",1621,1632,2114,2670,3079
NCNTY31085N31085,"Hayes County, NE",666,732,961,1187,1284
NCNTY37087N37087,"Haywood County, NC",1102,1189,1304,1563,1955
NCNTY47075N47075,"Haywood County, TN",700,705,925,1226,1417
NCNTY48211N48211,"Hemphill County, TX",756,778,973,1353,1432
NCNTY05057N05057,"Hempstead County, AR",665,708,929,1216,1437
NCNTY17071N17071,"Henderson County, IL",662,732,960,1335,1371
NCNTY21101N21101,"Henderson County, KY",747,804,950,1284,1488
NCNTY47077N47077,"Henderson County, TN",745,764,952,1212,1327
NCNTY48213N48213,"Henderson County, TX",804,885,1075,1415,1592
NCNTY12051N12051,"Hendry County, FL",1168,1175,1386,1709,2044
NCNTY51089N51089,"Henry County-Martinsville city, VA HUD Nonmetro FMR Area",749,753,914,1096,1282
METRO20020N01067,"Henry County, AL HUD Metro FMR Area",702,706,927,1139,1284
NCNTY19087N19087,"Henry County, IA",674,745,977,1292,1415
NCNTY18065N18065,"Henry County, IN",792,797,983,1179,1302
NCNTY29083N29083,"Henry County, MO",673,698,916,1208,1213
NCNTY39069N39069,"Henry County, OH",821,826,1059,1405,1777
NCNTY47079N47079,"Henry County, TN",735,740,971,1164,1353
NCNTY37091N37091,"Hertford County, NC",650,719,943,1234,1249
NCNTY38041N38041,"Hettinger County, ND",767,772,960,1190,1610
NCNTY21105N21105,"Hickman County, KY",619,660,866,1142,1147
METRO34980N47081,"Hickman County, TN HUD Metro FMR Area",876,881,1051,1353,1763
NCNTY29085N29085,"Hickory County, MO",660,796,888,1235,1320
METRO25860M25860,"Hickory-Lenoir-Morganton, NC MSA",916,969,1169,1465,1772
NCNTY35023N35023,"Hidalgo County, NM",723,798,973,1353,1569
NCNTY39071N39071,"Highland County, OH",765,878,1011,1212,1550
NCNTY51091N51091,"Highland County, VA",745,749,914,1233,1429
NCNTY30041N30041,"Hill County, MT",1055,1150,1407,1856,1863
NCNTY48217N48217,"Hill County, TX",750,853,1088,1486,1825
METRO31700N33011,"Hillsborough County, NH (part) HUD Metro FMR Area",1379,1389,1822,2185,3050
NCNTY26059N26059,"Hillsdale County, MI",713,788,1034,1292,1369
METRO25980M25980,"Hinesville, GA HUD Metro FMR Area",1328,1390,1524,2024,2557
NCNTY08053N08053,"Hinsdale County, CO",890,896,1176,1501,1844
NCNTY31087N31087,"Hitchcock County, NE",666,732,961,1152,1496
METRO18140N39073,"Hocking County, OH HUD Metro FMR Area",737,742,973,1338,1383
METRO31180N48219,"Hockley County, TX HUD Metro FMR Area",848,854,973,1353,1632
NCNTY20083N20083,"Hodgeman County, KS",723,803,987,1373,1632
METRO22180N37093,"Hoke County, NC HUD Metro FMR Area",811,816,1071,1490,1797
METRO24340M26100,"Holland-Grand Haven, MI HUD Metro FMR Area",1118,1423,1622,2061,2409
NCNTY12059N12059,"Holmes County, FL",995,1042,1142,1507,1512
METRO27140M28051,"Holmes County, MS HUD Metro FMR Area",733,768,842,1111,1115
NCNTY39075N39075,"Holmes County, OH",754,760,997,1226,1320
NCNTY29087N29087,"Holt County, MO",660,677,888,1111,1373
NCNTY31089N31089,"Holt County, NE",676,818,980,1175,1309
METRO26140M26140,"Homosassa Springs, FL MSA",1071,1078,1337,1859,2200
NCNTY48221N48221,"Hood County, TX",1189,1341,1530,1834,2379
NCNTY41027N41027,"Hood River County, OR",1430,1566,2055,2858,3447
NCNTY31091N31091,"Hooker County, NE",666,874,961,1187,1284
NCNTY02105N02105,"Hoonah-Angoon Census Area, AK",1069,1182,1551,1860,2054
NCNTY21107N21107,"Hopkins County, KY",696,721,946,1223,1398
NCNTY48223N48223,"Hopkins County, TX",947,990,1160,1530,1536
NCNTY05059N05059,"Hot Spring County, AR",635,695,912,1197,1285
NCNTY56017N56017,"Hot Springs County, WY",729,734,963,1339,1577
METRO26300M26300,"Hot Springs, AR MSA",871,877,1146,1465,1756
NCNTY26061N26061,"Houghton County, MI",835,841,1023,1423,1716
METRO26380M26380,"Houma-Bayou Cane-Thibodaux, LA MSA",802,954,1163,1404,1540
NCNTY47083N47083,"Houston County, TN",724,726,925,1253,1552
NCNTY48225N48225,"Houston County, TX",782,787,1033,1272,1368
METRO26420M26420,"Houston-The Woodlands-Sugar Land, TX HUD Metro FMR Area",1387,1434,1705,2294,2860
NCNTY05061N05061,"Howard County, AR",647,689,904,1084,1302
NCNTY19089N19089,"Howard County, IA",682,838,919,1278,1476
METRO17860M29089,"Howard County, MO HUD Metro FMR Area",736,814,1068,1281,1414
METRO24260N31093,"Howard County, NE HUD Metro FMR Area",807,977,1126,1350,1491
NCNTY48227N48227,"Howard County, TX",980,986,1252,1501,1842
NCNTY29091N29091,"Howell County, MO",612,677,888,1224,1490
NCNTY27057N27057,"Hubbard County, MN",725,802,1052,1456,1714
METRO21340N48229,"Hudspeth County, TX HUD Metro FMR Area",883,1089,1280,1535,2147
NCNTY08055N08055,"Huerfano County, CO",774,898,1122,1345,1759
NCNTY40063N40063,"Hughes County, OK",705,714,937,1150,1343
NCNTY46065N46065,"Hughes County, SD",750,876,1088,1376,1684
NCNTY06023N06023,"Humboldt County, CA",1192,1271,1662,2311,2788
NCNTY19091N19091,"Humboldt County, IA",682,798,919,1278,1436
NCNTY32013N32013,"Humboldt County, NV",1058,1065,1397,1742,2344
NCNTY28053N28053,"Humphreys County, MS",727,768,842,1111,1115
NCNTY47085N47085,"Humphreys County, TN",777,782,1026,1277,1430
NCNTY42061N42061,"Huntingdon County, PA",790,833,973,1320,1632
NCNTY18069N18069,"Huntington County, IN",707,755,987,1279,1531
METRO26580M26580,"Huntington-Ashland, WV-KY-OH HUD Metro FMR Area",881,886,1011,1297,1465
METRO26620M26620,"Huntsville, AL MSA",1128,1243,1434,1850,2308
NCNTY26063N26063,"Huron County, MI",689,806,973,1197,1288
NCNTY39077N39077,"Huron County, OH",781,787,1032,1286,1613
NCNTY46067N46067,"Hutchinson County, SD",641,708,929,1210,1230
NCNTY48233N48233,"Hutchinson County, TX",750,755,991,1378,1662
NCNTY37095N37095,"Hyde County, NC",814,819,1018,1304,1530
NCNTY46069N46069,"Hyde County, SD",701,775,1017,1294,1574
NCNTY22045N22045,"Iberia Parish, LA",732,824,976,1286,1589
METRO12940N22047,"Iberville Parish, LA HUD Metro FMR Area",775,820,899,1250,1508
NCNTY19093N19093,"Ida County, IA",686,768,924,1108,1223
NCNTY16049N16049,"Idaho County, ID",823,909,1193,1659,2001
METRO26820M26820,"Idaho Falls, ID HUD Metro FMR Area",1097,1161,1384,1925,2322
NCNTY05063N05063,"Independence County, AR",728,732,948,1250,1255
NCNTY42063N42063,"Indiana County, PA",805,898,1035,1402,1593
METRO26900M26900,"Indianapolis-Carmel, IN HUD Metro FMR Area",1200,1361,1582,2048,2511
NCNTY06027N06027,"Inyo County, CA",1178,1538,1686,2160,2828
METRO24340M26067,"Ionia County, MI HUD Metro FMR Area",910,1006,1320,1617,2108
NCNTY26069N26069,"Iosco County, MI",819,824,973,1348,1632
METRO26980MM3500,"Iowa City, IA HUD Metro FMR Area",946,1033,1226,1705,2057
NCNTY19095N19095,"Iowa County, IA",682,709,919,1278,1452
METRO31540N55049,"Iowa County, WI HUD Metro FMR Area",911,917,1203,1581,2018
METRO16740N37097,"Iredell County, NC HUD Metro FMR Area",1301,1363,1494,2017,2506
NCNTY26071N26071,"Iron County, MI",786,847,1111,1332,1471
NCNTY29093N29093,"Iron County, MO",660,810,888,1084,1371
NCNTY49021N49021,"Iron County, UT",832,903,1139,1584,1911
NCNTY55051N55051,"Iron County, WI",691,758,973,1214,1499
NCNTY17075N17075,"Iroquois County, IL",737,742,974,1208,1587
NCNTY13155N13155,"Irwin County, GA",951,957,1209,1450,1733
NCNTY26073N26073,"Isabella County, MI",935,941,1083,1412,1434
NCNTY53029N53029,"Island County, WA",1254,1450,1787,2485,2923
NCNTY28055N28055,"Issaquena County, MS",744,748,884,1097,1170
NCNTY27061N27061,"Itasca County, MN",806,918,1147,1496,1620
NCNTY28057N28057,"Itawamba County, MS",810,815,964,1156,1276
METRO27060M27060,"Ithaca, NY MSA",1391,1613,1930,2314,2889
NCNTY05065N05065,"Izard County, AR",630,715,880,1202,1476
NCNTY48237N48237,"Jack County, TX",881,1034,1133,1576,1667
NCNTY01071N01071,"Jackson County, AL",637,711,858,1110,1365
NCNTY05067N05067,"Jackson County, AR",653,695,912,1093,1208
NCNTY08057N08057,"Jackson County, CO",766,771,1012,1292,1587
NCNTY12063N12063,"Jackson County, FL",787,870,1142,1501,1512
NCNTY13157N13157,"Jackson County, GA",1058,1082,1243,1599,2085
NCNTY19097N19097,"Jackson County, IA",691,710,931,1193,1233
NCNTY17077N17077,"Jackson County, IL",667,779,967,1275,1280
NCNTY18071N18071,"Jackson County, IN",851,857,1124,1409,1488
NCNTY21109N21109,"Jackson County, KY",619,660,866,1204,1209
NCNTY27063N27063,"Jackson County, MN",671,846,973,1283,1288
NCNTY37099N37099,"Jackson County, NC",882,924,1013,1336,1341
NCNTY39079N39079,"Jackson County, OH",761,788,1006,1299,1390
NCNTY40065N40065,"Jackson County, OK",705,714,937,1289,1572
NCNTY46071N46071,"Jackson County, SD",641,826,929,1182,1365
NCNTY47087N47087,"Jackson County, TN",712,717,941,1238,1311
NCNTY48239N48239,"Jackson County, TX",861,985,1108,1328,1630
NCNTY55053N55053,"Jackson County, WI",677,794,982,1177,1493
NCNTY54035N54035,"Jackson County, WV",668,727,870,1139,1222
NCNTY22049N22049,"Jackson Parish, LA",601,761,834,1160,1225
METRO27100M27100,"Jackson, MI MSA",900,1016,1251,1647,1746
METRO27140M27140,"Jackson, MS HUD Metro FMR Area",1184,1191,1398,1676,1851
METRO27180M27180,"Jackson, TN HUD Metro FMR Area",951,1052,1380,1837,1925
METRO27260M27260,"Jacksonville, FL HUD Metro FMR Area",1484,1513,1816,2238,2806
METRO27340M27340,"Jacksonville, NC MSA",1008,1015,1273,1770,2136
METRO27500M27500,"Janesville-Beloit, WI MSA",958,1018,1327,1700,1757
METRO19780M19099,"Jasper County, IA HUD Metro FMR Area",815,821,1049,1403,1427
NCNTY17079N17079,"Jasper County, IL",663,741,962,1153,1374
METRO16980N18073,"Jasper County, IN HUD Metro FMR Area",924,930,1220,1595,1615
NCNTY28061N28061,"Jasper County, MS",708,713,842,1115,1118
METRO25940N45053,"Jasper County, SC HUD Metro FMR Area",1578,1652,1811,2171,2638
NCNTY48241N48241,"Jasper County, TX",784,869,1009,1266,1485
NCNTY18075N18075,"Jay County, IN",694,738,968,1277,1282
NCNTY13161N13161,"Jeff Davis County, GA",765,770,973,1167,1417
NCNTY48243N48243,"Jeff Davis County, TX",849,873,1092,1421,1607
METRO27620M27620,"Jefferson City, MO HUD Metro FMR Area",734,739,970,1349,1470
NCNTY05069N05069,"Jefferson County, AR",750,784,1009,1319,1336
NCNTY13163N13163,"Jefferson County, GA",788,793,973,1167,1452
NCNTY19101N19101,"Jefferson County, IA",876,882,1157,1387,1532
NCNTY17081N17081,"Jefferson County, IL",846,852,1118,1360,1487
NCNTY18077N18077,"Jefferson County, IN",709,866,1029,1273,1615
NCNTY28063N28063,"Jefferson County, MS",708,713,842,1111,1118
METRO25740N30043,"Jefferson County, MT HUD Metro FMR Area",1022,1130,1483,2055,2062
NCNTY31095N31095,"Jefferson County, NE",666,759,961,1337,1476
NCNTY40067N40067,"Jefferson County, OK",705,714,937,1175,1572
METRO13460N41031,"Jefferson County, OR HUD Metro FMR Area",1015,1022,1328,1847,2018
NCNTY42065N42065,"Jefferson County, PA",728,833,1056,1299,1497
NCNTY53031N53031,"Jefferson County, WA",1235,1286,1509,2099,2531
NCNTY55055N55055,"Jefferson County, WI",848,975,1230,1628,1634
METRO47900MM3630,"Jefferson County, WV HUD Metro FMR Area",1001,1008,1322,1839,2218
NCNTY28065N28065,"Jefferson Davis County, MS",693,698,847,1020,1121
METRO29340N22053,"Jefferson Davis Parish, LA HUD Metro FMR Area",648,716,940,1296,1577
NCNTY13165N13165,"Jenkins County, GA",765,770,973,1353,1395
NCNTY18079N18079,"Jennings County, IN",722,768,1008,1402,1644
NCNTY46073N46073,"Jerauld County, SD",701,775,1017,1294,1574
METRO46300N16053,"Jerome County, ID HUD Metro FMR Area",856,1031,1240,1671,2080
METRO35620MM3640,"Jersey City, NJ HUD Metro FMR Area",2636,2692,3026,3688,4331
NCNTY20089N20089,"Jewell County, KS",643,712,877,1132,1276
NCNTY48247N48247,"Jim Hogg County, TX",756,778,973,1167,1432
NCNTY48249N48249,"Jim Wells County, TX",760,765,1004,1330,1477
NCNTY17085N17085,"Jo Daviess County, IL",689,834,1000,1332,1337
METRO27740M27740,"Johnson City, TN MSA",959,965,1224,1512,1674
NCNTY05071N05071,"Johnson County, AR",657,700,918,1125,1294
NCNTY13167N13167,"Johnson County, GA",828,888,973,1181,1395
NCNTY17087N17087,"Johnson County, IL",638,743,926,1172,1360
NCNTY21115N21115,"Johnson County, KY",619,696,866,1154,1280
NCNTY29101N29101,"Johnson County, MO",850,855,1013,1409,1699
NCNTY31097N31097,"Johnson County, NE",722,793,1041,1248,1391
NCNTY47091N47091,"Johnson County, TN",724,844,925,1273,1289
NCNTY56019N56019,"Johnson County, WY",872,878,1152,1413,1903
NCNTY40069N40069,"Johnston County, OK",705,801,937,1269,1572
METRO27780M27780,"Johnstown, PA MSA",898,904,1106,1529,1585
METRO16300N19105,"Jones County, IA HUD Metro FMR Area",659,740,956,1261,1266
NCNTY28067N28067,"Jones County, MS",730,735,964,1156,1311
NCNTY37103N37103,"Jones County, NC",748,752,925,1179,1552
NCNTY46075N46075,"Jones County, SD",641,708,929,1182,1438
METRO27860MM3700,"Jonesboro, AR HUD Metro FMR Area",850,919,1099,1482,1564
METRO27900M27900,"Joplin, MO HUD Metro FMR Area",802,807,999,1305,1355
NCNTY30045N30045,"Judith Basin County, MT",896,933,1196,1633,1934
NCNTY02110N02110,"Juneau City and Borough, AK",1308,1446,1897,2555,2891
NCNTY55057N55057,"Juneau County, WI",763,768,1008,1238,1335
NCNTY42067N42067,"Juniata County, PA",687,748,982,1261,1492
METRO27980M27980,"Kahului-Wailuku-Lahaina, HI HUD Metro FMR Area",2052,2165,2841,3679,4586
METRO28020M28020,"Kalamazoo-Portage, MI MSA",907,1081,1258,1658,1701
METRO27980N15005,"Kalawao County, HI HUD Metro FMR Area",1970,2078,2726,3530,4401
METRO45900N26079,"Kalkaska County, MI HUD Metro FMR Area",732,781,991,1310,1315
NCNTY27065N27065,"Kanabec County, MN",708,905,1027,1428,1464
NCNTY27067N27067,"Kandiyohi County, MN",791,796,984,1369,1651
NCNTY49025N49025,"Kane County, UT",1299,1355,1778,2132,2983
METRO28100M28100,"Kankakee, IL MSA",970,1072,1407,1851,1883
METRO28140M28140,"Kansas City, MO-KS HUD Metro FMR Area",1179,1289,1462,1904,2264
NCNTY48255N48255,"Karnes County, TX",876,968,1270,1523,1869
NCNTY15007N15007,"Kauai County, HI",1960,1973,2589,3182,3529
NCNTY40071N40071,"Kay County, OK",651,719,944,1260,1264
NCNTY31099N31099,"Kearney County, NE",718,789,1035,1241,1383
NCNTY20093N20093,"Kearny County, KS",1131,1177,1544,1851,2044
NCNTY31101N31101,"Keith County, NE",666,760,961,1172,1327
NCNTY28069N28069,"Kemper County, MS",744,748,884,1166,1170
NCNTY02122N02122,"Kenai Peninsula Borough, AK",1065,1072,1407,1957,2360
METRO16980MM3780,"Kendall County, IL HUD Metro FMR Area",1564,1729,2268,3119,3228
METRO41700N48259,"Kendall County, TX HUD Metro FMR Area",1360,1369,1724,2274,2283
NCNTY48261N48261,"Kenedy County, TX",849,873,1092,1421,1607
NCNTY23011N23011,"Kennebec County, ME",1156,1163,1512,1942,2304
METRO28420M28420,"Kennewick-Richland, WA MSA",1202,1359,1648,2220,2556
METRO28450M28450,"Kenosha, WI MSA",1161,1168,1500,2032,2326
NCNTY24029N24029,"Kent County, MD",1159,1240,1359,1783,2280
NCNTY48263N48263,"Kent County, TX",849,873,1092,1421,1607
NCNTY19107N19107,"Keokuk County, IA",726,813,978,1254,1306
NCNTY48265N48265,"Kerr County, TX",933,1036,1200,1583,1589
METRO17900N45055,"Kershaw County, SC HUD Metro FMR Area",895,900,1070,1287,1546
NCNTY02130N02130,"Ketchikan Gateway Borough, AK",1188,1313,1723,2396,2890
NCNTY26083N26083,"Keweenaw County, MI",689,849,973,1242,1380
NCNTY31103N31103,"Keya Paha County, NE",703,773,1014,1252,1355
NCNTY38043N38043,"Kidder County, ND",727,729,873,1214,1403
METRO28660M28660,"Killeen-Temple, TX HUD Metro FMR Area",1066,1072,1336,1854,2241
NCNTY31105N31105,"Kimball County, NE",708,732,961,1279,1351
NCNTY48267N48267,"Kimble County, TX",737,742,973,1340,1432
METRO40060M51097,"King and Queen County, VA HUD Metro FMR Area",1135,1187,1303,1601,2011
NCNTY48269N48269,"King County, TX",849,873,1092,1421,1607
NCNTY51099N51099,"King George County, VA",1244,1275,1546,2150,2593
NCNTY40073N40073,"Kingfisher County, OK",774,877,1122,1428,1697
NCNTY20095N20095,"Kingman County, KS",667,694,911,1267,1527
NCNTY46077N46077,"Kingsbury County, SD",683,755,991,1188,1534
METRO28700M28700,"Kingsport-Bristol, TN-VA MSA",775,881,1124,1441,1577
METRO28740M28740,"Kingston, NY MSA",1439,1530,2007,2479,2657
NCNTY48271N48271,"Kinney County, TX",849,873,1092,1421,1607
NCNTY08061N08061,"Kiowa County, CO",889,895,1174,1498,1841
NCNTY20097N20097,"Kiowa County, KS",643,668,877,1088,1161
NCNTY40075N40075,"Kiowa County, OK",705,761,937,1303,1572
METRO28880M28880,"Kiryas Joel-Poughkeepsie-Newburgh, NY MSA",1491,1693,2163,2745,2945
NCNTY08063N08063,"Kit Carson County, CO",916,922,1210,1451,1897
NCNTY53037N53037,"Kittitas County, WA",1070,1183,1552,2158,2604
NCNTY27069N27069,"Kittson County, MN",684,745,973,1167,1415
NCNTY41035N41035,"Klamath County, OR",904,1007,1311,1823,2199
NCNTY48273N48273,"Kleberg County, TX",958,999,1297,1555,1908
NCNTY53039N53039,"Klickitat County, WA",987,1091,1432,1717,1957
NCNTY21119N21119,"Knott County, KY",664,733,929,1114,1297
NCNTY17095N17095,"Knox County, IL",697,702,921,1206,1219
NCNTY18083N18083,"Knox County, IN",754,758,994,1261,1316
NCNTY21121N21121,"Knox County, KY",619,745,866,1038,1453
NCNTY23013N23013,"Knox County, ME",1349,1400,1683,2126,2299
NCNTY29103N29103,"Knox County, MO",660,677,888,1086,1320
NCNTY31107N31107,"Knox County, NE",666,732,961,1152,1351
NCNTY39083N39083,"Knox County, OH",887,927,1160,1515,1536
NCNTY48275N48275,"Knox County, TX",756,778,973,1266,1432
METRO28940M28940,"Knoxville, TN HUD Metro FMR Area",1283,1291,1603,2031,2367
NCNTY02150N02150,"Kodiak Island Borough, AK",1562,1726,2265,2716,2999
METRO29020M29020,"Kokomo, IN MSA",928,934,1179,1457,1645
NCNTY27071N27071,"Koochiching County, MN",671,742,973,1243,1415
NCNTY18085N18085,"Kosciusko County, IN",952,958,1242,1506,1697
NCNTY19109N19109,"Kossuth County, IA",721,740,971,1164,1286
NCNTY02158N02158,Kusilvak Census Area,708,778,987,1373,1626
METRO29100M29100,"La Crosse-Onalaska, WI-MN HUD Metro FMR Area",854,944,1239,1610,2023
NCNTY04012N04012,"La Paz County, AZ",916,922,1210,1683,2030
NCNTY08067N08067,"La Plata County, CO",1326,1360,1784,2181,2362
NCNTY17099N17099,"La Salle County, IL",817,870,1142,1525,1800
NCNTY48283N48283,"La Salle County, TX",849,873,1092,1421,1607
NCNTY22059N22059,"La Salle Parish, LA",643,693,893,1073,1498
NCNTY20099N20099,"Labette County, KS",633,700,918,1101,1266
NCNTY27073N27073,"Lac qui Parle County, MN",671,833,973,1353,1415
NCNTY29105N29105,"Laclede County, MO",720,739,969,1269,1590
NCNTY05073N05073,"Lafayette County, AR",630,671,880,1055,1240
NCNTY12067N12067,"Lafayette County, FL",1197,1226,1374,1647,1819
NCNTY28071N28071,"Lafayette County, MS",1144,1151,1358,1682,1798
NCNTY55065N55065,"Lafayette County, WI",691,819,973,1353,1466
METRO29200M29140,"Lafayette-West Lafayette, IN HUD Metro FMR Area",942,1088,1309,1569,2099
METRO29180M29180,"Lafayette, LA HUD Metro FMR Area",832,959,1088,1390,1689
NCNTY18087N18087,"LaGrange County, IN",762,767,1007,1207,1333
NCNTY02164N02164,"Lake and Peninsula Borough, AK",768,929,1071,1446,1659
METRO29340M29340,"Lake Charles, LA HUD Metro FMR Area",993,999,1311,1572,1736
NCNTY06033N06033,"Lake County, CA",1297,1306,1713,2382,2874
NCNTY08065N08065,"Lake County, CO",1385,1394,1829,2334,2867
NCNTY26085N26085,"Lake County, MI",762,820,1076,1480,1797
NCNTY27075N27075,"Lake County, MN",916,1013,1329,1593,1932
NCNTY30047N30047,"Lake County, MT",1143,1151,1505,1944,2075
NCNTY41037N41037,"Lake County, OR",829,971,1203,1673,2018
NCNTY46079N46079,"Lake County, SD",707,781,1025,1229,1719
NCNTY47095N47095,"Lake County, TN",700,705,925,1174,1289
METRO29420M29420,"Lake Havasu City-Kingman, AZ MSA",1131,1139,1466,2037,2245
NCNTY27077N27077,"Lake of the Woods County, MN",721,797,1046,1254,1521
METRO29460M29460,"Lakeland-Winter Haven, FL MSA",1333,1338,1628,2200,2731
NCNTY01075N01075,"Lamar County, AL",618,636,776,1024,1040
NCNTY13171N13171,"Lamar County, GA",818,823,1056,1469,1602
NCNTY48277N48277,"Lamar County, TX",785,815,1010,1344,1380
NCNTY48279N48279,"Lamb County, TX",743,748,981,1323,1646
NCNTY50015N50015,"Lamoille County, VT",1074,1161,1465,2027,2035
NCNTY38045N38045,"LaMoure County, ND",700,704,873,1214,1464
METRO28660N48281,"Lampasas County, TX HUD Metro FMR Area",844,850,1115,1541,1870
METRO16740N45057,"Lancaster County, SC HUD Metro FMR Area",976,1022,1120,1531,1879
NCNTY51103N51103,"Lancaster County, VA",916,921,1124,1563,1886
METRO29540M29540,"Lancaster, PA MSA",1195,1324,1655,2147,2191
NCNTY32015N32015,"Lander County, NV",965,971,1274,1618,2137
NCNTY20101N20101,"Lane County, KS",759,790,1036,1338,1507
NCNTY55067N55067,"Langlade County, WI",728,782,1026,1230,1358
METRO29620M29620,"Lansing-East Lansing, MI MSA",1043,1085,1359,1744,1799
METRO29700M29700,"Laredo, TX MSA",1013,1019,1230,1588,1643
NCNTY08071N08071,"Las Animas County, CO",843,931,1222,1507,1618
METRO29740M29740,"Las Cruces, NM MSA",801,1024,1122,1560,1701
METRO29820M29820,"Las Vegas-Henderson-North Las Vegas, NV MSA",1450,1608,1888,2626,3008
NCNTY06035N06035,"Lassen County, CA",948,1092,1375,1912,2307
NCNTY16057N16057,"Latah County, ID",857,916,1074,1494,1802
NCNTY40077N40077,"Latimer County, OK",705,714,937,1165,1429
NCNTY28075N28075,"Lauderdale County, MS",836,869,969,1287,1292
NCNTY47097N47097,"Lauderdale County, TN",706,710,925,1239,1474
NCNTY21125N21125,"Laurel County, KY",636,707,922,1118,1270
NCNTY13175N13175,"Laurens County, GA",688,761,998,1317,1656
METRO24860N45059,"Laurens County, SC HUD Metro FMR Area",918,924,1205,1445,1729
NCNTY48285N48285,"Lavaca County, TX",876,946,1127,1351,1891
NCNTY05075N05075,"Lawrence County, AR",652,694,910,1127,1422
NCNTY17101N17101,"Lawrence County, IL",699,773,1014,1218,1343
NCNTY18093N18093,"Lawrence County, IN",718,764,1002,1201,1517
METRO26580N21127,"Lawrence County, KY HUD Metro FMR Area",756,761,979,1174,1418
NCNTY29109N29109,"Lawrence County, MO",689,706,927,1221,1396
NCNTY28077N28077,"Lawrence County, MS",726,731,959,1216,1270
METRO38300N42073,"Lawrence County, PA HUD Metro FMR Area",767,848,1113,1548,1752
NCNTY46081N46081,"Lawrence County, SD",754,834,1094,1521,1835
NCNTY47099N47099,"Lawrence County, TN",762,767,1007,1207,1333
METRO29940M29940,"Lawrence, KS MSA",973,1093,1285,1787,2156
METRO14460MM4160,"Lawrence, MA-NH HUD Metro FMR Area",1690,1868,2451,2939,3245
METRO30020M30020,"Lawton, OK HUD Metro FMR Area",843,848,1083,1506,1817
NCNTY40079N40079,"Le Flore County, OK",656,741,937,1300,1359
METRO33460N27079,"Le Sueur County, MN HUD Metro FMR Area",862,868,1139,1584,1847
NCNTY35025N35025,"Lea County, NM",1127,1134,1406,1742,1942
NCNTY28079N28079,"Leake County, MS",830,835,987,1183,1307
METRO30140M30140,"Lebanon, PA MSA",1114,1197,1519,1935,2109
NCNTY05077N05077,"Lee County, AR",649,691,907,1261,1278
NCNTY19111N19111,"Lee County, IA",699,773,1014,1338,1402
NCNTY17103N17103,"Lee County, IL",689,883,999,1389,1521
NCNTY21129N21129,"Lee County, KY",687,759,962,1153,1343
NCNTY28081N28081,"Lee County, MS",917,923,1076,1361,1425
NCNTY37105N37105,"Lee County, NC",916,922,1190,1427,1797
NCNTY45061N45061,"Lee County, SC",701,711,933,1149,1235
NCNTY48287N48287,"Lee County, TX",943,970,1213,1520,1637
NCNTY51105N51105,"Lee County, VA",693,697,914,1226,1429
METRO45900N26089,"Leelanau County, MI HUD Metro FMR Area",1184,1462,1603,1922,2122
NCNTY28083N28083,"Leflore County, MS",681,686,900,1128,1192
NCNTY16059N16059,"Lemhi County, ID",887,906,1018,1416,1708
NCNTY26091N26091,"Lenawee County, MI",847,936,1228,1570,1709
NCNTY37107N37107,"Lenoir County, NC",779,784,991,1329,1544
NCNTY48289N48289,"Leon County, TX",773,778,973,1283,1288
NCNTY21131N21131,"Leslie County, KY",619,790,866,1204,1209
NCNTY21133N21133,"Letcher County, KY",619,759,866,1166,1316
METRO23540M12075,"Levy County, FL HUD Metro FMR Area",805,910,1067,1357,1413
METRO25740N30049,"Lewis and Clark County, MT HUD Metro FMR Area",1205,1400,1748,2388,2649
NCNTY16061N16061,"Lewis County, ID",759,764,1003,1395,1683
NCNTY21135N21135,"Lewis County, KY",619,660,866,1136,1209
NCNTY29111N29111,"Lewis County, MO",612,677,888,1171,1176
NCNTY36049N36049,"Lewis County, NY",800,885,1063,1478,1735
NCNTY47101N47101,"Lewis County, TN",724,844,925,1286,1552
NCNTY53041N53041,"Lewis County, WA",930,1028,1349,1780,1933
NCNTY54041N54041,"Lewis County, WV",734,829,956,1261,1266
METRO30340M30340,"Lewiston-Auburn, ME MSA",1204,1287,1676,2166,2435
METRO30300M30300,"Lewiston, ID-WA MSA",1005,1012,1326,1844,2214
METRO30460M30460,"Lexington-Fayette, KY MSA",958,1171,1381,1892,2106
NCNTY12077N12077,"Liberty County, FL",1064,1090,1222,1679,2050
NCNTY30051N30051,"Liberty County, MT",781,813,1042,1449,1685
METRO30620M30620,"Lima, OH MSA",902,908,1192,1439,1606
NCNTY48293N48293,"Limestone County, TX",749,754,989,1251,1455
NCNTY05079N05079,"Lincoln County, AR",630,671,880,1224,1240
NCNTY08073N08073,"Lincoln County, CO",790,796,1044,1452,1637
METRO12260N13181,"Lincoln County, GA HUD Metro FMR Area",758,774,1015,1331,1344
NCNTY16063N16063,"Lincoln County, ID",851,891,977,1359,1639
NCNTY20105N20105,"Lincoln County, KS",643,668,877,1073,1276
NCNTY21137N21137,"Lincoln County, KY",619,753,866,1038,1147
NCNTY23015N23015,"Lincoln County, ME",1282,1343,1472,2031,2038
NCNTY27081N27081,"Lincoln County, MN",671,742,973,1283,1288
NCNTY28085N28085,"Lincoln County, MS",676,681,893,1178,1182
NCNTY30053N30053,"Lincoln County, MT",987,1147,1257,1748,2032
METRO16740N37109,"Lincoln County, NC HUD Metro FMR Area",1015,1063,1165,1620,1954
NCNTY31111N31111,"Lincoln County, NE",838,844,1107,1327,1600
NCNTY35027N35027,"Lincoln County, NM",896,902,1099,1436,1772
NCNTY32017N32017,"Lincoln County, NV",890,1006,1163,1617,1951
METRO36420N40081,"Lincoln County, OK HUD Metro FMR Area",809,814,937,1257,1426
NCNTY41041N41041,"Lincoln County, OR",1204,1212,1590,2195,2667
NCNTY47103N47103,"Lincoln County, TN",745,868,952,1324,1327
NCNTY53043N53043,"Lincoln County, WA",754,819,1074,1494,1802
NCNTY55069N55069,"Lincoln County, WI",741,747,973,1353,1417
NCNTY54043N54043,"Lincoln County, WV",707,757,921,1104,1248
NCNTY56023N56023,"Lincoln County, WY",734,739,969,1348,1626
NCNTY22061N22061,"Lincoln Parish, LA",650,729,902,1225,1440
METRO30700M30700,"Lincoln, NE HUD Metro FMR Area",933,1010,1244,1730,1867
NCNTY29115N29115,"Linn County, MO",668,685,899,1078,1190
NCNTY48295N48295,"Lipscomb County, TX",756,778,973,1270,1432
METRO45500N05081,"Little River County, AR HUD Metro FMR Area",666,671,880,1166,1170
METRO30780M30780,"Little Rock-North Little Rock-Conway, AR HUD Metro FMR Area",1044,1050,1217,1634,1933
NCNTY48297N48297,"Live Oak County, TX",819,825,1082,1376,1620
NCNTY17105N17105,"Livingston County, IL",745,823,1080,1344,1430
METRO37140N21139,"Livingston County, KY HUD Metro FMR Area",938,1042,1257,1507,1922
METRO19820MM0440,"Livingston County, MI HUD Metro FMR Area",1069,1346,1551,2157,2432
NCNTY29117N29117,"Livingston County, MO",690,708,929,1199,1392
NCNTY48299N48299,"Llano County, TX",924,930,1208,1680,1834
NCNTY05083N05083,"Logan County, AR",607,803,880,1224,1362
NCNTY08075N08075,"Logan County, CO",819,893,1172,1546,1552
NCNTY17107N17107,"Logan County, IL",705,808,1022,1263,1353
NCNTY20109N20109,"Logan County, KS",722,899,986,1182,1305
NCNTY21141N21141,"Logan County, KY",650,679,891,1212,1311
NCNTY38047N38047,"Logan County, ND",883,889,1106,1538,1855
NCNTY31113N31113,"Logan County, NE",666,732,961,1152,1284
NCNTY39091N39091,"Logan County, OH",819,825,1083,1320,1434
NCNTY54045N54045,"Logan County, WV",674,801,878,1221,1473
METRO30860M30860,"Logan, UT-ID MSA",1015,1022,1341,1865,2250
METRO25980N13183,"Long County, GA HUD Metro FMR Area",1098,1150,1261,1568,2115
METRO31020M31020,"Longview-Kelso, WA MSA",1067,1280,1548,2153,2597
METRO30980M30980,"Longview, TX HUD Metro FMR Area",1091,1097,1299,1740,1836
NCNTY35028N35028,"Los Alamos County, NM",1300,1437,1886,2261,3081
METRO31080MM4480,"Los Angeles-Long Beach-Glendale, CA HUD Metro FMR Area",2048,2292,2859,3625,4036
NCNTY19115N19115,"Louisa County, IA",718,738,968,1184,1288
NCNTY51109N51109,"Louisa County, VA",1147,1209,1325,1843,2072
METRO31140M31140,"Louisville, KY-IN HUD Metro FMR Area",1038,1124,1366,1745,2030
NCNTY31115N31115,"Loup County, NE",666,732,961,1279,1284
NCNTY40085N40085,"Love County, OK",772,928,1120,1343,1605
NCNTY48301N48301,"Loving County, TX",849,873,1092,1421,1607
METRO14460MM4560,"Lowell, MA HUD Metro FMR Area",1736,1919,2518,3019,3334
NCNTY28087N28087,"Lowndes County, MS",771,775,898,1244,1270
METRO31180M31180,"Lubbock, TX HUD Metro FMR Area",872,1055,1253,1743,2068
NCNTY19117N19117,"Lucas County, IA",822,844,1107,1420,1478
NCNTY26095N26095,"Luce County, MI",749,806,1058,1269,1449
METRO12060N13187,"Lumpkin County, GA HUD Metro FMR Area",1238,1296,1421,1800,2384
NCNTY35029N35029,"Luna County, NM",671,783,973,1280,1528
NCNTY51111N51111,"Lunenburg County, VA",762,767,1007,1242,1382
NCNTY46085N46085,"Lyman County, SD",662,732,960,1151,1486
METRO31340M31340,"Lynchburg, VA MSA",1094,1100,1264,1741,1864
METRO31180N48305,"Lynn County, TX HUD Metro FMR Area",786,856,1123,1346,1634
NCNTY19119N19119,"Lyon County, IA",718,737,967,1159,1280
NCNTY20111N20111,"Lyon County, KS",658,705,925,1204,1457
NCNTY21143N21143,"Lyon County, KY",635,678,889,1236,1491
NCNTY27083N27083,"Lyon County, MN",678,834,973,1353,1632
METRO39900N32019,"Lyon County, NV HUD Metro FMR Area",1129,1136,1343,1868,2253
NCNTY26097N26097,"Mackinac County, MI",835,841,1103,1322,1564
METRO12220N01087,"Macon County, AL HUD Metro FMR Area",747,787,1033,1268,1558
NCNTY13193N13193,"Macon County, GA",737,742,973,1167,1632
NCNTY29121N29121,"Macon County, MO",677,748,982,1272,1389
NCNTY37113N37113,"Macon County, NC",723,882,1049,1258,1409
METRO34980N47111,"Macon County, TN HUD Metro FMR Area",917,961,1053,1398,1630
METRO31420M31420,"Macon-Bibb County, GA HUD Metro FMR Area",1189,1269,1432,1717,1896
METRO41180N17117,"Macoupin County, IL HUD Metro FMR Area",730,735,964,1205,1497
METRO23420M31460,"Madera County, CA HUD Metro FMR Area",1140,1148,1487,2068,2458
NCNTY12079N12079,"Madison County, FL",926,1028,1152,1485,1637
NCNTY16065N16065,"Madison County, ID",1001,1048,1149,1598,1869
NCNTY21151N21151,"Madison County, KY",700,838,965,1342,1511
NCNTY29123N29123,"Madison County, MO",743,762,1000,1211,1487
NCNTY30057N30057,"Madison County, MT",1241,1292,1656,2230,2778
NCNTY31119N31119,"Madison County, NE",716,793,1038,1344,1595
NCNTY48313N48313,"Madison County, TX",745,750,984,1369,1448
NCNTY51113N51113,"Madison County, VA",973,1024,1124,1563,1757
NCNTY22065N22065,"Madison Parish, LA",616,638,834,1100,1399
METRO31540M31540,"Madison, WI HUD Metro FMR Area",1369,1599,1828,2413,2707
NCNTY21153N21153,"Magoffin County, KY",619,790,866,1038,1209
NCNTY19123N19123,"Mahaska County, IA",768,773,1014,1216,1343
NCNTY27087N27087,"Mahnomen County, MN",671,742,973,1217,1488
NCNTY40093N40093,"Major County, OK",705,714,937,1123,1343
NCNTY41045N41045,"Malheur County, OR",814,993,1140,1585,1912
METRO31700MM4760,"Manchester, NH HUD Metro FMR Area",1531,1692,2220,2662,2939
METRO31740M31740,"Manhattan, KS HUD Metro FMR Area",927,933,1139,1584,1911
NCNTY26101N26101,"Manistee County, MI",777,837,1098,1396,1454
NCNTY55071N55071,"Manitowoc County, WI",737,742,973,1167,1288
METRO31860M31860,"Mankato, MN MSA",1072,1078,1292,1797,2114
METRO31900M31900,"Mansfield, OH MSA",706,814,1024,1384,1611
NCNTY01091N01091,"Marengo County, AL",647,771,871,1132,1320
NCNTY29125N29125,"Maries County, MO",660,790,888,1202,1320
NCNTY55075N55075,"Marinette County, WI",741,745,973,1167,1457
NCNTY01093N01093,"Marion County, AL",535,591,776,1039,1302
NCNTY05089N05089,"Marion County, AR",684,729,956,1191,1347
NCNTY19125N19125,"Marion County, IA",756,871,1096,1314,1463
NCNTY17121N17121,"Marion County, IL",684,794,946,1229,1587
NCNTY20115N20115,"Marion County, KS",643,688,877,1157,1161
NCNTY21155N21155,"Marion County, KY",623,665,872,1101,1309
NCNTY29127N29127,"Marion County, MO",764,788,1029,1357,1362
NCNTY28091N28091,"Marion County, MS",662,667,875,1049,1390
NCNTY39101N39101,"Marion County, OH",849,854,1121,1344,1484
NCNTY45067N45067,"Marion County, SC",678,823,902,1197,1424
NCNTY48315N48315,"Marion County, TX",816,839,1049,1335,1543
NCNTY54049N54049,"Marion County, WV",782,883,1062,1303,1712
NCNTY06043N06043,"Mariposa County, CA",1078,1218,1542,2145,2587
NCNTY45069N45069,"Marlboro County, SC",685,687,902,1082,1482
NCNTY26103N26103,"Marquette County, MI",861,1069,1249,1498,1829
NCNTY55077N55077,"Marquette County, WI",691,772,973,1247,1385
NCNTY01095N01095,"Marshall County, AL",622,626,822,1132,1136
NCNTY19127N19127,"Marshall County, IA",747,767,1007,1328,1333
NCNTY18099N18099,"Marshall County, IN",771,880,1076,1308,1425
NCNTY20117N20117,"Marshall County, KS",643,668,877,1164,1471
NCNTY21157N21157,"Marshall County, KY",693,847,970,1307,1354
NCNTY27089N27089,"Marshall County, MN",673,744,976,1186,1637
METRO32820N28093,"Marshall County, MS HUD Metro FMR Area",914,920,1207,1447,1995
NCNTY40095N40095,"Marshall County, OK",767,772,937,1219,1241
NCNTY46091N46091,"Marshall County, SD",641,708,929,1281,1438
NCNTY47117N47117,"Marshall County, TN",828,834,1094,1443,1448
NCNTY18101N18101,"Martin County, IN",685,729,956,1146,1287
NCNTY21159N21159,"Martin County, KY",648,715,907,1132,1266
NCNTY27091N27091,"Martin County, MN",671,803,973,1283,1288
NCNTY37117N37117,"Martin County, NC",741,746,979,1291,1296
METRO33260N48317,"Martin County, TX HUD Metro FMR Area",1496,1564,1924,2404,2854
METRO25180MM0877,"Martinsburg, WV HUD Metro FMR Area",923,1054,1338,1847,2113
NCNTY17125N17125,"Mason County, IL",652,720,945,1314,1585
NCNTY21161N21161,"Mason County, KY",657,797,953,1159,1330
NCNTY26105N26105,"Mason County, MI",760,853,1073,1429,1437
NCNTY48319N48319,"Mason County, TX",810,833,1042,1356,1533
NCNTY53045N53045,"Mason County, WA",1102,1104,1449,2015,2244
NCNTY54053N54053,"Mason County, WV",709,843,924,1149,1223
METRO37140N17127,"Massac County, IL HUD Metro FMR Area",855,861,1057,1470,1543
NCNTY48321N48321,"Matagorda County, TX",955,1006,1229,1570,2002
METRO11260N02170,"Matanuska-Susitna Borough, AK HUD Metro FMR Area",1069,1105,1450,2017,2432
METRO34980N47119,"Maury County, TN HUD Metro FMR Area",1278,1285,1524,1922,2160
METRO32420M32420,"Mayagüez, PR HUD Metro FMR Area",506,530,581,747,888
NCNTY40097N40097,"Mayes County, OK",759,764,973,1280,1463
METRO32580M32580,"McAllen-Edinburg-Mission, TX MSA",894,900,1126,1462,1617
NCNTY30055N30055,"McCone County, MT",1251,1303,1669,2307,2698
NCNTY45065N45065,"McCormick County, SC",719,729,956,1251,1320
METRO37140N21145,"McCracken County, KY HUD Metro FMR Area",772,901,1120,1343,1879
NCNTY21147N21147,"McCreary County, KY",619,790,866,1069,1209
NCNTY48307N48307,"McCulloch County, TX",812,863,1045,1360,1538
NCNTY40089N40089,"McCurtain County, OK",646,747,937,1256,1448
NCNTY29119N29119,"McDonald County, MO",681,685,899,1250,1508
NCNTY17109N17109,"McDonough County, IL",714,792,1035,1340,1645
NCNTY37111N37111,"McDowell County, NC",795,803,941,1201,1246
NCNTY54047N54047,"McDowell County, WV",658,662,869,1146,1151
METRO33500N38049,"McHenry County, ND HUD Metro FMR Area",744,862,1027,1424,1723
NCNTY38051N38051,"McIntosh County, ND",760,787,873,1194,1464
NCNTY40091N40091,"McIntosh County, OK",646,759,937,1303,1343
NCNTY42083N42083,"McKean County, PA",746,876,1025,1284,1524
NCNTY38053N38053,"McKenzie County, ND",1175,1182,1424,1758,2389
NCNTY35031N35031,"McKinley County, NM",809,962,1173,1406,1553
NCNTY38055N38055,"McLean County, ND",760,796,873,1214,1464
NCNTY27085N27085,"McLeod County, MN",889,935,1080,1295,1797
NCNTY47107N47107,"McMinn County, TN",772,900,987,1227,1307
NCNTY48311N48311,"McMullen County, TX",849,873,1092,1421,1607
NCNTY47109N47109,"McNairy County, TN",724,742,925,1286,1442
NCNTY20113N20113,"McPherson County, KS",723,752,987,1262,1455
NCNTY31117N31117,"McPherson County, NE",723,795,1043,1288,1394
NCNTY46089N46089,"McPherson County, SD",641,710,929,1182,1438
NCNTY20119N20119,"Meade County, KS",643,668,877,1078,1276
METRO31140M21163,"Meade County, KY HUD Metro FMR Area",841,847,1111,1513,1680
METRO39660N46093,"Meade County, SD HUD Metro FMR Area",930,1028,1349,1876,2263
NCNTY30059N30059,"Meagher County, MT",1144,1191,1526,2109,2467
NCNTY51117N51117,"Mecklenburg County, VA",753,758,994,1281,1316
NCNTY26107N26107,"Mecosta County, MI",769,856,1086,1385,1540
METRO32780M32780,"Medford, OR MSA",1127,1313,1634,2273,2685
METRO41700N48325,"Medina County, TX HUD Metro FMR Area",987,994,1304,1720,1727
NCNTY27093N27093,"Meeker County, MN",731,908,1060,1474,1496
NCNTY39105N39105,"Meigs County, OH",735,772,991,1188,1580
NCNTY47121N47121,"Meigs County, TN",772,777,1019,1352,1420
NCNTY46095N46095,"Mellette County, SD",880,973,1277,1625,1977
METRO32820M32820,"Memphis, TN-MS-AR HUD Metro FMR Area",1159,1262,1393,1840,2142
NCNTY48327N48327,"Menard County, TX",756,778,973,1353,1432
NCNTY06045N06045,"Mendocino County, CA",1348,1386,1819,2530,2961
NCNTY21165N21165,"Menifee County, KY",619,683,866,1110,1209
NCNTY26109N26109,"Menominee County, MI",697,771,973,1353,1380
NCNTY55078N55078,"Menominee County, WI",691,888,973,1314,1319
METRO32900M32900,"Merced, CA MSA",1196,1299,1610,2214,2681
NCNTY21167N21167,"Mercer County, KY",619,660,866,1204,1453
NCNTY29129N29129,"Mercer County, MO",726,745,978,1360,1454
NCNTY38057N38057,"Mercer County, ND",949,956,1254,1504,1660
NCNTY39107N39107,"Mercer County, OH",784,827,1036,1351,1372
NCNTY42085N42085,"Mercer County, PA",750,843,1061,1476,1638
NCNTY54055N54055,"Mercer County, WV",664,771,963,1296,1352
METRO12060N13199,"Meriwether County, GA HUD Metro FMR Area",838,844,1107,1540,1671
METRO24260N31121,"Merrick County, NE HUD Metro FMR Area",689,732,961,1323,1612
NCNTY33013N33013,"Merrimack County, NH",1458,1612,2115,2790,2800
NCNTY21169N21169,"Metcalfe County, KY",619,755,866,1081,1209
NCNTY18103N18103,"Miami County, IN",685,773,956,1146,1358
METRO33100MM5000,"Miami-Miami Beach-Kendall, FL HUD Metro FMR Area",1970,2151,2626,3370,3895
METRO33140M33140,"Michigan City-La Porte, IN MSA",909,991,1198,1512,1747
NCNTY51119N51119,"Middlesex County, VA",1098,1105,1348,1616,2108
METRO35620MM5015,"Middlesex-Somerset-Hunterdon, NJ HUD Metro FMR Area",1943,2130,2677,3210,3549
METRO33220M33220,"Midland, MI MSA",954,973,1255,1597,1769
METRO33260M33260,"Midland, TX HUD Metro FMR Area",1520,1575,1935,2485,2815
NCNTY42087N42087,"Mifflin County, PA",849,867,1073,1415,1421
NCNTY48331N48331,"Milam County, TX",851,857,1124,1411,1762
NCNTY49027N49027,"Millard County, UT",870,907,1190,1641,1647
METRO33460N27095,"Mille Lacs County, MN HUD Metro FMR Area",896,902,1184,1420,1986
NCNTY13201N13201,"Miller County, GA",765,770,973,1353,1407
NCNTY29131N29131,"Miller County, MO",696,855,937,1135,1478
NCNTY48333N48333,"Mills County, TX",756,888,973,1353,1432
METRO33340M33340,"Milwaukee-Waukesha, WI MSA",1105,1205,1440,1773,1920
NCNTY46097N46097,"Miner County, SD",641,708,929,1182,1438
NCNTY08079N08079,"Mineral County, CO",1436,1446,1897,2421,2974
METRO33540N30061,"Mineral County, MT HUD Metro FMR Area",953,1096,1378,1652,1939
NCNTY32021N32021,"Mineral County, NV",1212,1220,1601,2227,2686
NCNTY54057N54057,"Mineral County, WV",677,706,883,1165,1250
NCNTY54059N54059,"Mingo County, WV",737,745,960,1151,1301
NCNTY16067N16067,"Minidoka County, ID",933,938,1079,1501,1810
METRO33460M33460,"Minneapolis-St. Paul-Bloomington, MN-WI HUD Metro FMR Area",1342,1517,1846,2443,2734
NCNTY26113N26113,"Missaukee County, MI",719,822,1016,1246,1345
NCNTY05093N05093,"Mississippi County, AR",658,707,928,1224,1229
NCNTY29133N29133,"Mississippi County, MO",660,677,888,1196,1407
METRO33540M33540,"Missoula, MT HUD Metro FMR Area",1201,1470,1738,2417,2916
NCNTY13205N13205,"Mitchell County, GA",828,888,973,1275,1468
NCNTY19131N19131,"Mitchell County, IA",682,774,919,1156,1227
NCNTY20123N20123,"Mitchell County, KS",643,668,877,1220,1276
NCNTY37121N37121,"Mitchell County, NC",772,777,1019,1249,1349
NCNTY48335N48335,"Mitchell County, TX",902,908,1192,1551,1754
METRO33660M33660,"Mobile, AL MSA",925,995,1173,1531,1565
METRO33700M33700,"Modesto, CA MSA",1346,1453,1885,2618,3027
NCNTY06049N06049,"Modoc County, CA",828,945,1185,1534,1959
NCNTY08081N08081,"Moffat County, CO",921,927,1216,1458,1686
METRO27620N29135,"Moniteau County, MO HUD Metro FMR Area",737,742,974,1331,1492
METRO35620MM5190,"Monmouth-Ocean, NJ HUD Metro FMR Area",1806,2035,2508,3279,3632
NCNTY06051N06051,"Mono County, CA",1350,1762,1932,2687,3193
NCNTY19133N19133,"Monona County, IA",682,700,919,1145,1542
NCNTY01099N01099,"Monroe County, AL",576,619,776,1079,1254
NCNTY05095N05095,"Monroe County, AR",660,671,880,1055,1240
NCNTY12087N12087,"Monroe County, FL",1966,2519,2852,3762,3776
METRO31420N13207,"Monroe County, GA HUD Metro FMR Area",1030,1097,1229,1474,1662
NCNTY19135N19135,"Monroe County, IA",712,731,959,1275,1280
NCNTY21171N21171,"Monroe County, KY",619,660,866,1204,1209
NCNTY29137N29137,"Monroe County, MO",678,696,913,1095,1339
NCNTY28095N28095,"Monroe County, MS",744,785,861,1032,1140
NCNTY39111N39111,"Monroe County, OH",785,791,1038,1369,1374
NCNTY42089N42089,"Monroe County, PA",1178,1264,1659,2142,2390
NCNTY47123N47123,"Monroe County, TN",684,764,925,1220,1225
NCNTY55081N55081,"Monroe County, WI",753,873,1092,1434,1490
NCNTY54063N54063,"Monroe County, WV",667,706,869,1209,1312
METRO33740M33740,"Monroe, LA HUD Metro FMR Area",819,848,1098,1411,1454
METRO33780M33780,"Monroe, MI MSA",974,1077,1413,1710,2288
NCNTY48337N48337,"Montague County, TX",924,965,1189,1654,1749
METRO24340N26117,"Montcalm County, MI HUD Metro FMR Area",865,1060,1255,1537,1662
NCNTY08083N08083,"Montezuma County, CO",931,990,1289,1714,2021
NCNTY05097N05097,"Montgomery County, AR",630,803,880,1096,1240
NCNTY13209N13209,"Montgomery County, GA",737,742,973,1353,1632
NCNTY19137N19137,"Montgomery County, IA",682,838,919,1265,1319
NCNTY17135N17135,"Montgomery County, IL",740,761,999,1198,1372
NCNTY18107N18107,"Montgomery County, IN",852,857,1026,1360,1486
NCNTY20125N20125,"Montgomery County, KS",656,683,896,1125,1448
NCNTY21173N21173,"Montgomery County, KY",695,742,973,1283,1288
NCNTY29139N29139,"Montgomery County, MO",681,685,899,1241,1352
NCNTY28097N28097,"Montgomery County, MS",764,806,884,1061,1170
NCNTY37123N37123,"Montgomery County, NC",789,794,925,1252,1552
NCNTY36057N36057,"Montgomery County, NY",954,961,1179,1477,1588
METRO33860M33860,"Montgomery, AL MSA",937,948,1107,1421,1675
NCNTY26119N26119,"Montmorency County, MI",698,899,986,1371,1398
NCNTY42093N42093,"Montour County, PA",1027,1135,1489,2033,2236
NCNTY08085N08085,"Montrose County, CO",949,956,1254,1744,2104
NCNTY46101N46101,"Moody County, SD",641,708,929,1243,1438
NCNTY47127N47127,"Moore County, TN",724,742,925,1282,1289
NCNTY48341N48341,"Moore County, TX",819,825,1082,1360,1592
NCNTY35033N35033,"Mora County, NM",833,919,1121,1535,1808
METRO33740M22067,"Morehouse Parish, LA HUD Metro FMR Area",641,645,846,1160,1175
NCNTY08087N08087,"Morgan County, CO",953,960,1259,1743,1979
METRO12060N13211,"Morgan County, GA HUD Metro FMR Area",1297,1358,1489,1785,2498
NCNTY17137N17137,"Morgan County, IL",662,732,960,1193,1610
NCNTY21175N21175,"Morgan County, KY",619,660,866,1204,1272
NCNTY29141N29141,"Morgan County, MO",660,745,888,1171,1176
NCNTY39115N39115,"Morgan County, OH",736,875,973,1193,1462
METRO28940N47129,"Morgan County, TN HUD Metro FMR Area",788,793,1041,1373,1378
METRO25180M54065,"Morgan County, WV HUD Metro FMR Area",723,799,1048,1331,1758
METRO34060M34060,"Morgantown, WV MSA",935,940,1179,1414,1777
NCNTY31123N31123,"Morrill County, NE",670,793,966,1158,1291
NCNTY20127N20127,"Morris County, KS",643,679,877,1052,1424
NCNTY48343N48343,"Morris County, TX",756,778,973,1254,1632
NCNTY27097N27097,"Morrison County, MN",694,784,1007,1400,1505
METRO34100M34100,"Morristown, TN HUD Metro FMR Area",942,948,1213,1544,1952
NCNTY41049N41049,"Morrow County, OR",761,885,1093,1520,1834
NCNTY20129N20129,"Morton County, KS",643,668,877,1052,1276
NCNTY48345N48345,"Motley County, TX",756,778,973,1167,1432
NCNTY17139N17139,"Moultrie County, IL",632,698,916,1274,1537
METRO34580M34580,"Mount Vernon-Anacortes, WA MSA",1292,1428,1874,2606,2832
NCNTY38061N38061,"Mountrail County, ND",796,917,1155,1494,1623
NCNTY27099N27099,"Mower County, MN",769,850,1115,1435,1552
NCNTY21177N21177,"Muhlenberg County, KY",639,681,894,1072,1264
METRO34620M34620,"Muncie, IN MSA",851,895,1105,1430,1785
METRO19140N13213,"Murray County, GA HUD Metro FMR Area",783,892,1089,1515,1821
NCNTY27101N27101,"Murray County, MN",671,852,973,1232,1573
NCNTY40099N40099,"Murray County, OK",766,794,1042,1286,1579
NCNTY19139N19139,"Muscatine County, IA",844,911,1137,1459,1704
METRO34740M34740,"Muskegon-Norton Shores, MI MSA",926,1008,1322,1593,1750
NCNTY39119N39119,"Muskingum County, OH",868,874,1037,1411,1532
NCNTY40101N40101,"Muskogee County, OK",756,761,999,1254,1542
NCNTY30065N30065,"Musselshell County, MT",1022,1243,1363,1896,2286
METRO34820M34820,"Myrtle Beach-North Myrtle Beach-Conway, SC HUD Metro FMR Area",1231,1321,1575,1941,2269
NCNTY48347N48347,"Nacogdoches County, TX",881,927,1107,1327,1759
NCNTY31125N31125,"Nance County, NE",666,732,961,1152,1272
NCNTY25019N25019,"Nantucket County, MA",2552,2569,3324,4389,5571
METRO34900M34900,"Napa, CA MSA",2093,2314,3036,3867,4526
METRO34940M34940,"Naples-Marco Island, FL MSA",1528,1967,2174,2826,3071
METRO31700MM5350,"Nashua, NH HUD Metro FMR Area",1582,1805,2295,3045,3238
METRO34980M34980,"Nashville-Davidson--Murfreesboro--Franklin, TN HUD Metro FMR Area",1638,1715,1880,2403,2930
METRO35620MM5380,"Nassau-Suffolk, NY HUD Metro FMR Area",2168,2589,2989,3877,4100
NCNTY22069N22069,"Natchitoches Parish, LA",634,705,925,1146,1501
NCNTY04017N04017,"Navajo County, AZ",1051,1151,1469,1820,1945
NCNTY48349N48349,"Navarro County, TX",830,924,1130,1571,1663
METRO31140N21179,"Nelson County, KY HUD Metro FMR Area",823,834,1085,1453,1820
NCNTY38063N38063,"Nelson County, ND",732,745,873,1214,1464
NCNTY20131N20131,"Nemaha County, KS",643,722,877,1132,1471
NCNTY31127N31127,"Nemaha County, NE",666,732,961,1337,1444
NCNTY20133N20133,"Neosho County, KS",687,691,877,1125,1349
NCNTY28099N28099,"Neshoba County, MS",727,768,842,1147,1354
NCNTY20135N20135,"Ness County, KS",643,668,877,1163,1168
NCNTY05099N05099,"Nevada County, AR",687,731,959,1150,1352
NCNTY06057N06057,"Nevada County, CA",1484,1494,1960,2726,3288
METRO39300MM5400,"New Bedford, MA HUD Metro FMR Area",1281,1310,1626,1950,2438
METRO35300M35300,"New Haven, CT MSA",1484,1722,2130,2632,3107
NCNTY29143N29143,"New Madrid County, MO",716,735,964,1156,1276
METRO35380M35380,"New Orleans-Metairie, LA HUD Metro FMR Area",1018,1151,1382,1757,2090
METRO35620MM5600,"New York, NY HUD Metro FMR Area",2777,2916,3196,4002,4348
METRO35620MM5640,"Newark, NJ HUD Metro FMR Area",1752,1980,2396,3000,3409
NCNTY26123N26123,"Newaygo County, MI",759,817,1072,1421,1426
NCNTY45071N45071,"Newberry County, SC",816,860,1086,1302,1479
METRO39300N44005,"Newport-Middleton-Portsmouth, RI HUD Metro FMR Area",1898,1911,2507,3392,3895
NCNTY05101N05101,"Newton County, AR",614,803,880,1055,1476
NCNTY28101N28101,"Newton County, MS",666,671,880,1055,1165
NCNTY48351N48351,"Newton County, TX",760,781,977,1359,1601
NCNTY21181N21181,"Nicholas County, KY",619,696,866,1204,1311
NCNTY54067N54067,"Nicholas County, WV",674,704,878,1136,1190
METRO35660M35660,"Niles, MI MSA",867,959,1258,1653,1666
NCNTY56027N56027,"Niobrara County, WY",934,940,1225,1686,2023
NCNTY18113N18113,"Noble County, IN",733,793,1040,1247,1745
NCNTY39121N39121,"Noble County, OH",765,771,1011,1244,1426
NCNTY40103N40103,"Noble County, OK",729,791,969,1162,1619
NCNTY27105N27105,"Nobles County, MN",767,847,1112,1372,1472
NCNTY29147N29147,"Nodaway County, MO",755,760,959,1228,1609
NCNTY48353N48353,"Nolan County, TX",809,848,1041,1448,1746
NCNTY02180N02180,"Nome Census Area, AK",1368,1487,1709,2377,2815
NCNTY27107N27107,"Norman County, MN",688,761,998,1197,1321
METRO35840M35840,"North Port-Bradenton-Sarasota, FL MSA",1559,1854,2153,2790,3328
NCNTY02185N02185,"North Slope Borough, AK",1234,1364,1790,2146,2952
NCNTY37131N37131,"Northampton County, NC",784,790,1036,1242,1432
NCNTY51131N51131,"Northampton County, VA",757,762,1000,1391,1678
NCNTY09150N09150,"Northeastern Connecticut Planning Region, CT",1159,1369,1681,2166,2442
NCNTY69999N69999,Northern Mariana Islands,709,783,1028,1430,1717
NCNTY42097N42097,"Northumberland County, PA",713,896,1034,1319,1369
NCNTY51133N51133,"Northumberland County, VA",1152,1159,1414,1695,2211
NCNTY02188N02188,"Northwest Arctic Borough, AK",1406,1554,2039,2691,2700
NCNTY09160N09160,"Northwest Hills Planning Region, CT",1182,1397,1715,2209,2491
NCNTY20137N20137,"Norton County, KS",643,678,877,1132,1276
METRO35980M35980,"Norwich-New London-Willimantic, CT MSA",1385,1610,2009,2591,3217
NCNTY51135N51135,"Nottoway County, VA",765,771,1011,1406,1645
NCNTY40105N40105,"Nowata County, OK",734,744,976,1217,1637
NCNTY28103N28103,"Noxubee County, MS",708,713,842,1049,1118
NCNTY31129N31129,"Nuckolls County, NE",666,732,961,1174,1284
NCNTY32023N32023,"Nye County, NV",995,1065,1300,1801,2181
NCNTY19141N19141,"O'Brien County, IA",697,716,939,1135,1243
METRO41860MM5775,"Oakland-Fremont, CA HUD Metro FMR Area",2336,2601,3176,4061,4813
NCNTY47131N47131,"Obion County, TN",737,742,944,1212,1250
METRO36100M36100,"Ocala, FL MSA",1209,1259,1474,1903,2045
NCNTY26127N26127,"Oceana County, MI",733,790,1036,1277,1651
NCNTY48357N48357,"Ochiltree County, TX",843,867,1085,1391,1596
NCNTY45073N45073,"Oconee County, SC",747,752,987,1209,1402
METRO24580N55083,"Oconto County, WI HUD Metro FMR Area",733,805,987,1290,1307
METRO36220M36220,"Odessa, TX MSA",1298,1323,1663,1994,2307
METRO36260M36260,"Ogden, UT MSA",1310,1389,1750,2346,2832
NCNTY26129N26129,"Ogemaw County, MI",716,886,1039,1246,1376
NCNTY46102N46102,Oglala Lakota County,641,708,929,1282,1511
NCNTY17141N17141,"Ogle County, IL",809,894,1173,1432,1681
NCNTY21183N21183,"Ohio County, KY",664,708,929,1119,1307
NCNTY53047N53047,"Okanogan County, WA",799,904,1139,1560,1703
NCNTY12093N12093,"Okeechobee County, FL",1106,1113,1452,1780,1922
NCNTY40107N40107,"Okfuskee County, OK",705,738,937,1176,1397
METRO36420M36420,"Oklahoma City, OK HUD Metro FMR Area",1004,1088,1331,1792,1987
METRO46140N40111,"Okmulgee County, OK HUD Metro FMR Area",792,796,973,1334,1339
NCNTY28105N28105,"Oktibbeha County, MS",886,928,1017,1341,1347
METRO11100N48359,"Oldham County, TX HUD Metro FMR Area",856,994,1217,1657,1917
METRO36500M36500,"Olympia-Lacey-Tumwater, WA MSA",1663,1820,2120,2826,3556
METRO36540M36540,"Omaha-Council Bluffs, NE-IA HUD Metro FMR Area",1166,1229,1464,1940,2190
NCNTY16071N16071,"Oneida County, ID",884,889,1119,1556,1877
NCNTY55085N55085,"Oneida County, WI",769,949,1084,1300,1557
NCNTY26131N26131,"Ontonagon County, MI",689,888,973,1242,1632
NCNTY18117N18117,"Orange County, IN",685,729,956,1330,1564
NCNTY51137N51137,"Orange County, VA",1080,1086,1325,1843,2072
NCNTY50017N50017,"Orange County, VT",1094,1227,1433,1849,1976
NCNTY45075N45075,"Orangeburg County, SC",736,806,979,1174,1296
NCNTY29149N29149,"Oregon County, MO",660,677,888,1235,1349
METRO36740M36740,"Orlando-Kissimmee-Sanford, FL MSA",1793,1881,2143,2690,3177
NCNTY50019N50019,"Orleans County, VT",989,1045,1246,1608,2090
NCNTY20141N20141,"Osborne County, KS",643,668,877,1108,1276
NCNTY19143N19143,"Osceola County, IA",702,721,946,1248,1253
NCNTY26133N26133,"Osceola County, MI",782,787,1033,1242,1465
NCNTY26135N26135,"Oscoda County, MI",696,749,983,1300,1394
METRO36780M36780,"Oshkosh-Neenah, WI MSA",922,937,1211,1626,1740
NCNTY08089N08089,"Otero County, CO",774,779,1022,1368,1714
NCNTY35035N35035,"Otero County, NM",692,817,1003,1395,1683
NCNTY31131N31131,"Otoe County, NE",776,853,1119,1492,1558
NCNTY26137N26137,"Otsego County, MI",904,910,1167,1533,1655
NCNTY36077N36077,"Otsego County, NY",908,1035,1317,1579,1744
NCNTY20143N20143,"Ottawa County, KS",733,763,1001,1227,1456
METRO41780M39123,"Ottawa County, OH HUD Metro FMR Area",861,899,1180,1415,1809
NCNTY40115N40115,"Ottawa County, OK",710,727,954,1204,1263
NCNTY27111N27111,"Otter Tail County, MN",719,795,1043,1451,1520
NCNTY05103N05103,"Ouachita County, AR",634,698,885,1139,1247
NCNTY08091N08091,"Ouray County, CO",1329,1414,1733,2410,2717
NCNTY47133N47133,"Overton County, TN",724,742,925,1165,1225
METRO14020N18119,"Owen County, IN HUD Metro FMR Area",804,834,999,1207,1577
NCNTY21187N21187,"Owen County, KY",748,797,1046,1397,1460
METRO36980M36980,"Owensboro, KY MSA",887,892,1171,1546,1550
NCNTY21189N21189,"Owsley County, KY",619,683,866,1115,1209
NCNTY23017N23017,"Oxford County, ME",978,1083,1419,1973,2380
METRO37100M37100,"Oxnard-Thousand Oaks-Ventura, CA MSA",2173,2447,2929,3972,4612
NCNTY29153N29153,"Ozark County, MO",681,699,917,1099,1214
NCNTY53049N53049,"Pacific County, WA",828,964,1180,1620,1980
NCNTY19145N19145,"Page County, IA",707,726,952,1189,1269
NCNTY51139N51139,"Page County, VA",838,849,968,1212,1624
METRO37340M37340,"Palm Bay-Melbourne-Titusville, FL MSA",1380,1611,1863,2540,2883
METRO19660M37380,"Palm Coast, FL HUD Metro FMR Area",1373,1539,1940,2651,3004
NCNTY19147N19147,"Palo Alto County, IA",682,700,919,1222,1227
NCNTY48363N48363,"Palo Pinto County, TX",858,863,1117,1461,1874
NCNTY37137N37137,"Pamlico County, NC",930,935,1163,1394,1748
METRO37460M37460,"Panama City, FL HUD Metro FMR Area",1565,1624,1845,2379,2949
NCNTY28107N28107,"Panola County, MS",633,777,918,1169,1455
NCNTY48365N48365,"Panola County, TX",780,785,1030,1279,1484
NCNTY30067N30067,"Park County, MT",1151,1441,1670,2323,2802
NCNTY56029N56029,"Park County, WY",711,786,1031,1432,1730
NCNTY18121N18121,"Parke County, IN",768,817,1072,1414,1419
METRO37620M37620,"Parkersburg-Vienna, WV MSA",790,795,990,1274,1337
NCNTY48369N48369,"Parmer County, TX",912,918,1205,1445,1882
METRO25060M37700,"Pascagoula, MS HUD Metro FMR Area",994,1017,1141,1548,1885
NCNTY37139N37139,"Pasquotank County, NC",993,1000,1312,1769,2049
NCNTY51141N51141,"Patrick County, VA",758,763,914,1146,1429
NCNTY39125N39125,"Paulding County, OH",736,780,973,1343,1530
NCNTY20145N20145,"Pawnee County, KS",691,719,943,1272,1372
NCNTY31133N31133,"Pawnee County, NE",666,753,961,1152,1284
METRO46140N40117,"Pawnee County, OK HUD Metro FMR Area",815,861,1059,1406,1777
NCNTY16075N16075,"Payette County, ID",845,851,1116,1552,1872
NCNTY40119N40119,"Payne County, OK",831,897,1097,1526,1662
METRO47580N13225,"Peach County, GA HUD Metro FMR Area",958,1115,1222,1586,1618
NCNTY28109N28109,"Pearl River County, MS",879,904,1018,1389,1401
NCNTY48371N48371,"Pecos County, TX",823,966,1059,1473,1558
NCNTY38067N38067,"Pembina County, ND",760,791,873,1214,1464
NCNTY29155N29155,"Pemiscot County, MO",660,713,888,1171,1176
NCNTY53051N53051,"Pend Oreille County, WA",833,920,1207,1514,2025
METRO48900N37141,"Pender County, NC HUD Metro FMR Area",1127,1180,1294,1800,2171
NCNTY54071N54071,"Pendleton County, WV",667,706,869,1209,1219
NCNTY27113N27113,"Pennington County, MN",845,934,1226,1635,1783
METRO12620N23019,"Penobscot County, ME (part) HUD Metro FMR Area",1049,1134,1488,1923,2148
METRO37860M37860,"Pensacola-Ferry Pass-Brent, FL MSA",1203,1360,1592,2113,2569
METRO37900M37900,"Peoria, IL MSA",807,871,1107,1434,1544
NCNTY55091N55091,"Pepin County, WI",691,742,973,1329,1632
NCNTY31135N31135,"Perkins County, NE",666,849,961,1152,1284
NCNTY46105N46105,"Perkins County, SD",641,722,929,1212,1438
NCNTY37143N37143,"Perquimans County, NC",962,968,1204,1665,1671
NCNTY01105N01105,"Perry County, AL",621,662,836,1002,1247
NCNTY17145N17145,"Perry County, IL",632,698,916,1148,1537
NCNTY18123N18123,"Perry County, IN",691,737,967,1214,1622
NCNTY21193N21193,"Perry County, KY",702,749,983,1179,1302
NCNTY29157N29157,"Perry County, MO",795,976,1070,1417,1422
METRO18140N39127,"Perry County, OH HUD Metro FMR Area",794,799,984,1215,1445
NCNTY47135N47135,"Perry County, TN",738,834,943,1131,1367
NCNTY32027N32027,"Pershing County, NV",802,934,1048,1458,1758
METRO20500N37145,"Person County, NC HUD Metro FMR Area",791,796,1014,1410,1473
NCNTY02195N02195,Petersburg Borough,1127,1300,1571,1884,2171
NCNTY30069N30069,"Petroleum County, MT",1251,1303,1669,2307,2698
NCNTY29159N29159,"Pettis County, MO",781,787,1032,1338,1489
NCNTY29161N29161,"Phelps County, MO",775,788,990,1306,1311
NCNTY31137N31137,"Phelps County, NE",666,760,961,1311,1463
METRO37980M37980,"Philadelphia-Camden-Wilmington, PA-NJ-DE-MD MSA",1516,1650,1964,2355,2629
NCNTY05107N05107,"Phillips County, AR",630,671,880,1224,1407
NCNTY08095N08095,"Phillips County, CO",860,866,1136,1450,1781
NCNTY20147N20147,"Phillips County, KS",643,695,877,1185,1276
NCNTY30071N30071,"Phillips County, MT",734,893,979,1362,1583
METRO38060M38060,"Phoenix-Mesa-Chandler, AZ MSA",1588,1725,2004,2672,2964
METRO46220N01107,"Pickens County, AL HUD Metro FMR Area",646,650,853,1093,1418
NCNTY47137N47137,"Pickett County, TN",755,760,997,1195,1389
NCNTY13229N13229,"Pierce County, GA",805,810,1063,1275,1407
NCNTY38069N38069,"Pierce County, ND",727,755,873,1214,1464
NCNTY31139N31139,"Pierce County, NE",666,810,961,1152,1541
NCNTY01109N01109,"Pike County, AL",760,780,1023,1227,1354
NCNTY05109N05109,"Pike County, AR",630,803,880,1224,1274
NCNTY17149N17149,"Pike County, IL",632,698,916,1114,1368
NCNTY18125N18125,"Pike County, IN",685,729,956,1330,1347
NCNTY21195N21195,"Pike County, KY",738,787,1033,1239,1641
NCNTY29163N29163,"Pike County, MO",721,739,970,1163,1284
NCNTY28113N28113,"Pike County, MS",890,895,1054,1264,1516
NCNTY39131N39131,"Pike County, OH",812,818,1073,1335,1590
NCNTY42103N42103,"Pike County, PA",1155,1279,1588,2190,2664
NCNTY27115N27115,"Pine County, MN",911,917,1203,1442,1593
METRO38240M38240,"Pinehurst-Southern Pines, NC MSA",1344,1439,1577,2193,2645
NCNTY27117N27117,"Pipestone County, MN",671,742,973,1203,1538
NCNTY23021N23021,"Piscataquis County, ME",1092,1207,1584,1899,2097
NCNTY08097N08097,"Pitkin County, CO",1675,2217,2430,3102,3810
NCNTY40121N40121,"Pittsburg County, OK",692,837,1004,1336,1684
METRO38300M38300,"Pittsburgh, PA HUD Metro FMR Area",1093,1175,1418,1813,1953
METRO38340M38340,"Pittsfield, MA HUD Metro FMR Area",1336,1362,1745,2263,2766
NCNTY51143N51143,"Pittsylvania County-Danville city, VA HUD Nonmetro FMR Area",660,773,957,1322,1482
NCNTY49031N49031,"Piute County, UT",924,1053,1264,1720,2120
NCNTY31141N31141,"Platte County, NE",795,874,1147,1513,1519
NCNTY56031N56031,"Platte County, WY",825,851,1044,1359,1724
NCNTY54073N54073,"Pleasants County, WV",658,662,869,1173,1177
NCNTY06063N06063,"Plumas County, CA",1051,1161,1524,2120,2155
NCNTY19149N19149,"Plymouth County, IA",811,816,1036,1360,1444
NCNTY19151N19151,"Pocahontas County, IA",660,703,922,1129,1221
NCNTY54075N54075,"Pocahontas County, WV",667,788,869,1146,1177
METRO38540M38540,"Pocatello, ID MSA",844,933,1224,1702,2053
METRO27860N05111,"Poinsett County, AR HUD Metro FMR Area",698,702,902,1190,1194
NCNTY05113N05113,"Polk County, AR",669,733,935,1121,1238
NCNTY13233N13233,"Polk County, GA",809,815,1069,1354,1415
METRO44180N29167,"Polk County, MO HUD Metro FMR Area",737,742,898,1249,1506
NCNTY37149N37149,"Polk County, NC",925,930,1103,1515,1850
NCNTY31143N31143,"Polk County, NE",666,732,961,1152,1284
NCNTY48373N48373,"Polk County, TX",918,924,1213,1454,1785
NCNTY55095N55095,"Polk County, WI",800,885,1161,1436,1766
METRO38660M38660,"Ponce, PR HUD Metro FMR Area",503,526,577,802,905
NCNTY30073N30073,"Pondera County, MT",956,1164,1276,1648,1926
NCNTY28115N28115,"Pontotoc County, MS",674,892,978,1198,1557
NCNTY40123N40123,"Pontotoc County, OK",745,807,1059,1310,1421
NCNTY05115N05115,"Pope County, AR",674,745,978,1307,1312
NCNTY17151N17151,"Pope County, IL",769,851,1116,1412,1594
NCNTY27121N27121,"Pope County, MN",760,841,1103,1322,1460
METRO38940M38940,"Port St. Lucie, FL MSA",1595,1608,1926,2654,2827
NCNTY55097N55097,"Portage County, WI",758,842,1099,1318,1455
METRO38900M38900,"Portland-Vancouver-Hillsboro, OR-WA MSA",1687,1802,2065,2814,3340
METRO38860MM6400,"Portland, ME HUD Metro FMR Area",1575,1778,2284,2778,3024
METRO14460MM6450,"Portsmouth-Rochester, NH HUD Metro FMR Area",1731,1814,2373,2913,3181
NCNTY40125N40125,"Pottawatomie County, OK",729,767,1007,1351,1584
NCNTY42105N42105,"Potter County, PA",748,783,1028,1292,1428
NCNTY46107N46107,"Potter County, SD",765,846,1110,1413,1718
NCNTY30075N30075,"Powder River County, MT",815,849,1088,1513,1759
NCNTY21197N21197,"Powell County, KY",619,660,866,1204,1453
NCNTY30077N30077,"Powell County, MT",959,998,1279,1779,2068
NCNTY16077N16077,"Power County, ID",768,773,973,1353,1632
NCNTY19157N19157,"Poweshiek County, IA",765,890,1031,1360,1365
NCNTY05117N05117,"Prairie County, AR",674,718,942,1231,1328
NCNTY30079N30079,"Prairie County, MT",1251,1303,1669,2307,2698
NCNTY20151N20151,"Pratt County, KS",660,787,901,1188,1193
NCNTY39135N39135,"Preble County, OH",746,751,986,1315,1443
NCNTY28117N28117,"Prentiss County, MS",638,642,842,1012,1118
METRO39150M39150,"Prescott Valley-Prescott, AZ MSA",1238,1435,1795,2496,2738
NCNTY48377N48377,"Presidio County, TX",849,873,1092,1421,1607
NCNTY26141N26141,"Presque Isle County, MI",671,742,973,1167,1506
NCNTY55099N55099,"Price County, WI",779,784,1029,1280,1362
NCNTY51147N51147,"Prince Edward County, VA",965,971,1152,1381,1525
NCNTY02198N02198,"Prince of Wales-Hyder Census Area, AK",898,1118,1252,1590,2062
METRO39300M39300,"Providence-Fall River, RI-MA HUD Metro FMR Area",1437,1529,1885,2276,2704
METRO39340M39340,"Provo-Orem-Lehi, UT MSA",1338,1346,1554,2161,2607
NCNTY08099N08099,"Prowers County, CO",746,888,973,1249,1542
METRO39380M39380,"Pueblo, CO MSA",947,1046,1373,1749,2048
NCNTY72923N72923,Puerto Rico HUD Nonmetro Area,434,454,498,693,752
NCNTY13235N13235,"Pulaski County, GA",882,886,1036,1322,1485
NCNTY17153N17153,"Pulaski County, IL",632,836,916,1274,1537
NCNTY18131N18131,"Pulaski County, IN",685,872,956,1330,1604
NCNTY21199N21199,"Pulaski County, KY",702,748,982,1177,1437
NCNTY29169N29169,"Pulaski County, MO",831,853,1119,1556,1790
METRO13980N51155,"Pulaski County, VA HUD Metro FMR Area",752,904,991,1347,1662
METRO39460M39460,"Punta Gorda, FL MSA",1255,1263,1592,2210,2519
NCNTY40127N40127,"Pushmataha County, OK",646,750,937,1303,1475
NCNTY12107N12107,"Putnam County, FL",961,967,1269,1595,1680
NCNTY13237N13237,"Putnam County, GA",923,929,1174,1601,1683
NCNTY17155N17155,"Putnam County, IL",670,882,972,1257,1611
NCNTY18133N18133,"Putnam County, IN",776,887,1083,1462,1718
NCNTY29171N29171,"Putnam County, MO",660,698,888,1065,1320
NCNTY39137N39137,"Putnam County, OH",832,844,1100,1319,1456
NCNTY47141N47141,"Putnam County, TN",794,864,1071,1488,1644
METRO26580M54079,"Putnam County, WV HUD Metro FMR Area",865,870,1142,1584,1654
NCNTY35037N35037,"Quay County, NM",769,788,1034,1304,1667
NCNTY13239N13239,"Quitman County, GA",822,827,1045,1307,1498
NCNTY28119N28119,"Quitman County, MS",708,713,842,1171,1412
NCNTY13241N13241,"Rabun County, GA",811,896,1176,1636,1776
METRO39540M39540,"Racine-Mount Pleasant, WI MSA",907,1052,1315,1695,2089
NCNTY48379N48379,"Rains County, TX",767,900,987,1373,1656
METRO13220N54081,"Raleigh County, WV HUD Metro FMR Area",752,757,993,1381,1448
METRO39580M39580,"Raleigh-Cary, NC MSA",1653,1731,1898,2382,3184
NCNTY29173N29173,"Ralls County, MO",705,723,949,1206,1592
NCNTY38071N38071,"Ramsey County, ND",611,729,886,1232,1486
NCNTY01111N01111,"Randolph County, AL",585,692,849,1041,1228
NCNTY05121N05121,"Randolph County, AR",630,681,880,1224,1282
NCNTY13243N13243,"Randolph County, GA",815,821,1077,1291,1426
NCNTY17157N17157,"Randolph County, IL",639,706,927,1159,1468
NCNTY18135N18135,"Randolph County, IN",675,841,956,1261,1266
NCNTY29175N29175,"Randolph County, MO",660,693,888,1235,1384
NCNTY54083N54083,"Randolph County, WV",667,738,968,1233,1529
NCNTY38073N38073,"Ransom County, ND",763,768,992,1285,1664
METRO39660M39660,"Rapid City, SD HUD Metro FMR Area",998,1104,1448,1889,2360
METRO47900N51157,"Rappahannock County, VA HUD Metro FMR Area",1257,1316,1443,1730,2421
NCNTY30081N30081,"Ravalli County, MT",1160,1191,1480,2058,2483
NCNTY20153N20153,"Rawlins County, KS",763,794,1042,1249,1516
METRO39740M39740,"Reading, PA MSA",1171,1335,1699,2089,2250
NCNTY48383N48383,"Reagan County, TX",856,880,1101,1433,1620
NCNTY48385N48385,"Real County, TX",846,993,1088,1416,1601
NCNTY27125N27125,"Red Lake County, MN",671,742,973,1277,1288
NCNTY48387N48387,"Red River County, TX",671,778,973,1353,1632
NCNTY22081N22081,"Red River Parish, LA",623,671,865,1113,1295
NCNTY31145N31145,"Red Willow County, NE",666,732,961,1152,1272
METRO39820M39820,"Redding, CA MSA",1259,1302,1708,2375,2865
NCNTY27127N27127,"Redwood County, MN",671,742,973,1321,1566
NCNTY48389N48389,"Reeves County, TX",861,1010,1107,1327,1629
NCNTY48391N48391,"Refugio County, TX",756,778,973,1353,1432
NCNTY20155N20155,"Reno County, KS",693,766,1005,1227,1392
METRO39900M39900,"Reno, NV HUD Metro FMR Area",1404,1621,2036,2764,3211
NCNTY27129N27129,"Renville County, MN",776,781,973,1353,1602
METRO33500N38075,"Renville County, ND HUD Metro FMR Area",811,853,1119,1376,1612
NCNTY20157N20157,"Republic County, KS",643,800,877,1200,1276
NCNTY29179N29179,"Reynolds County, MO",666,684,897,1076,1188
NCNTY47143N47143,"Rhea County, TN",756,761,998,1316,1321
NCNTY20159N20159,"Rice County, KS",643,668,877,1178,1276
NCNTY27131N27131,"Rice County, MN",946,952,1249,1614,2095
NCNTY49033N49033,"Rich County, UT",711,810,973,1299,1632
NCNTY31147N31147,"Richardson County, NE",666,732,961,1152,1272
NCNTY17159N17159,"Richland County, IL",647,747,938,1125,1423
NCNTY30083N30083,"Richland County, MT",1172,1227,1345,1613,2256
NCNTY38077N38077,"Richland County, ND",661,665,873,1214,1464
NCNTY55103N55103,"Richland County, WI",672,817,975,1169,1464
METRO33740N22083,"Richland Parish, LA HUD Metro FMR Area",777,782,973,1167,1386
NCNTY37153N37153,"Richmond County, NC",724,826,938,1305,1410
NCNTY51159N51159,"Richmond County, VA",909,915,1201,1519,1894
METRO40060M40060,"Richmond, VA HUD Metro FMR Area",1571,1643,1804,2259,2783
NCNTY19159N19159,"Ringgold County, IA",682,748,919,1125,1227
NCNTY35039N35039,"Rio Arriba County, NM",781,786,1031,1270,1522
NCNTY08103N08103,"Rio Blanco County, CO",812,818,1073,1366,1682
NCNTY08105N08105,"Rio Grande County, CO",880,1024,1148,1376,1800
NCNTY18137N18137,"Ripley County, IN",727,804,1055,1392,1397
NCNTY29181N29181,"Ripley County, MO",660,731,888,1141,1420
NCNTY54085N54085,"Ritchie County, WV",666,671,880,1055,1165
METRO40140M40140,"Riverside-San Bernardino-Ontario, CA MSA",1866,1959,2427,3211,3875
METRO28940N47145,"Roane County, TN HUD Metro FMR Area",952,958,1140,1495,1912
NCNTY54087N54087,"Roane County, WV",667,793,869,1173,1177
METRO40220M40220,"Roanoke, VA HUD Metro FMR Area",1072,1125,1340,1863,2248
NCNTY46109N46109,"Roberts County, SD",641,799,929,1234,1558
NCNTY48393N48393,"Roberts County, TX",849,873,1092,1421,1607
NCNTY21201N21201,"Robertson County, KY",619,660,866,1081,1209
NCNTY37155N37155,"Robeson County, NC",754,759,938,1203,1408
METRO40340M40340,"Rochester, MN HUD Metro FMR Area",1212,1296,1534,2133,2573
METRO40380M40380,"Rochester, NY MSA",1192,1341,1680,2024,2224
METRO43620N27133,"Rock County, MN HUD Metro FMR Area",769,784,1029,1431,1435
NCNTY31149N31149,"Rock County, NE",666,732,961,1187,1284
NCNTY51163N51163,"Rockbridge County-Buena Vista city-Lexington city, VA HUD Nonmetr",929,979,1073,1492,1800
NCNTY21203N21203,"Rockcastle County, KY",619,741,866,1126,1209
METRO40420M40420,"Rockford, IL MSA",863,954,1252,1657,1699
METRO24660N37157,"Rockingham County, NC HUD Metro FMR Area",761,841,1104,1365,1553
METRO40580M40580,"Rocky Mount, NC MSA",982,988,1230,1668,1950
NCNTY40129N40129,"Roger Mills County, OK",789,820,1049,1305,1503
NCNTY38079N38079,"Rolette County, ND",742,747,980,1354,1644
METRO40660M40660,"Rome, GA MSA",902,1013,1308,1690,1784
NCNTY20163N20163,"Rooks County, KS",643,668,877,1052,1276
NCNTY30085N30085,"Roosevelt County, MT",1003,1010,1325,1589,2142
NCNTY35041N35041,"Roosevelt County, NM",779,830,1048,1458,1758
NCNTY26143N26143,"Roscommon County, MI",703,757,993,1268,1666
NCNTY27135N27135,"Roseau County, MN",703,909,1020,1317,1520
NCNTY30087N30087,"Rosebud County, MT",911,1018,1216,1691,2040
NCNTY39141N39141,"Ross County, OH",816,917,1099,1388,1455
NCNTY08107N08107,"Routt County, CO",1862,1991,2182,2616,3421
NCNTY21205N21205,"Rowan County, KY",665,779,965,1224,1619
METRO16740N37159,"Rowan County, NC HUD Metro FMR Area",1038,1045,1305,1717,2189
NCNTY48399N48399,"Runnels County, TX",875,881,1156,1386,1701
NCNTY18139N18139,"Rush County, IN",694,771,968,1161,1282
NCNTY20165N20165,"Rush County, KS",643,710,877,1220,1302
METRO30980N48401,"Rusk County, TX HUD Metro FMR Area",959,966,1267,1565,1731
NCNTY55107N55107,"Rusk County, WI",754,759,996,1224,1319
NCNTY20167N20167,"Russell County, KS",681,811,929,1125,1352
NCNTY21207N21207,"Russell County, KY",619,660,866,1038,1147
NCNTY51167N51167,"Russell County, VA",744,748,914,1156,1377
NCNTY37161N37161,"Rutherford County, NC",801,806,925,1275,1332
NCNTY50021N50021,"Rutland County, VT",1087,1094,1435,1747,2120
NCNTY48403N48403,"Sabine County, TX",737,742,973,1167,1432
NCNTY22085N22085,"Sabine Parish, LA",718,722,892,1070,1307
NCNTY19161N19161,"Sac County, IA",786,791,919,1226,1231
METRO40900M40900,"Sacramento--Roseville--Arden-Arcade, CA HUD Metro FMR Area",1891,1983,2440,3248,3744
METRO38860N23023,"Sagadahoc County, ME HUD Metro FMR Area",1172,1341,1673,2327,2807
METRO40980M40980,"Saginaw, MI MSA",812,898,1178,1518,1560
NCNTY08109N08109,"Saguache County, CO",803,856,1047,1391,1641
METRO41420M41420,"Salem, OR MSA",1257,1278,1660,2298,2487
METRO41500M41500,"Salinas, CA MSA",2173,2232,2684,3623,3945
NCNTY17165N17165,"Saline County, IL",687,760,997,1308,1370
NCNTY20169N20169,"Saline County, KS",794,799,1047,1268,1386
NCNTY29195N29195,"Saline County, MO",702,720,945,1227,1251
NCNTY31151N31151,"Saline County, NE",700,769,1009,1403,1519
METRO41540M41540,"Salisbury, MD HUD Metro FMR Area",1130,1137,1477,1948,1956
METRO41620M41620,"Salt Lake City, UT HUD Metro FMR Area",1343,1553,1864,2489,2844
NCNTY37163N37163,"Sampson County, NC",698,848,973,1167,1369
METRO41660M41660,"San Angelo, TX MSA",987,1121,1431,1946,2183
METRO41700M41700,"San Antonio-New Braunfels, TX HUD Metro FMR Area",1162,1269,1538,1973,2299
NCNTY48405N48405,"San Augustine County, TX",789,811,1015,1321,1493
METRO41940N06069,"San Benito County, CA HUD Metro FMR Area",2248,2254,2958,4020,4271
METRO41740M41740,"San Diego-Chula Vista-Carlsbad, CA MSA",2482,2667,3255,4336,5255
METRO41860MM7360,"San Francisco, CA HUD Metro FMR Area",2808,3364,4072,5201,5391
METRO32420M41900,"San Germán, PR HUD Metro FMR Area",425,427,553,688,732
METRO26420N48407,"San Jacinto County, TX HUD Metro FMR Area",1065,1194,1309,1750,2196
METRO41940M41940,"San Jose-Sunnyvale-Santa Clara, CA HUD Metro FMR Area",2853,3246,3791,5009,5453
NCNTY08111N08111,"San Juan County, CO",945,1194,1309,1610,2052
NCNTY49037N49037,"San Juan County, UT",887,924,1213,1454,1724
NCNTY53055N53055,"San Juan County, WA",1372,1517,1990,2634,2635
METRO41980MM7440,"San Juan-Guaynabo, PR HUD Metro FMR Area",605,619,718,940,1133
METRO42020M42020,"San Luis Obispo-Paso Robles, CA MSA",1848,2043,2680,3596,4119
NCNTY08113N08113,"San Miguel County, CO",1390,1399,1836,2553,2878
NCNTY35047N35047,"San Miguel County, NM",831,976,1070,1488,1726
NCNTY48411N48411,"San Saba County, TX",814,819,1075,1343,1582
NCNTY46111N46111,"Sanborn County, SD",641,766,929,1292,1438
NCNTY30089N30089,"Sanders County, MT",808,923,1172,1405,1895
NCNTY39143N39143,"Sandusky County, OH",696,830,1010,1260,1363
NCNTY26151N26151,"Sanilac County, MI",704,778,1021,1314,1381
NCNTY49039N49039,"Sanpete County, UT",919,959,1258,1534,1666
METRO31080MM5945,"Santa Ana-Anaheim-Irvine, CA HUD Metro FMR Area",2874,2943,3468,4708,5622
NCNTY04023N04023,"Santa Cruz County, AZ",807,892,1171,1629,1676
METRO42100M42100,"Santa Cruz-Watsonville, CA MSA",3310,3434,4388,5599,5892
METRO42140M42140,"Santa Fe, NM MSA",1418,1566,1898,2391,2513
METRO42200M42200,"Santa Maria-Santa Barbara, CA MSA",2752,3073,3496,4560,5200
METRO42220M42220,"Santa Rosa-Petaluma, CA MSA",2064,2282,2994,4116,4392
NCNTY38081N38081,"Sargent County, ND",860,861,987,1331,1656
NCNTY55111N55111,"Sauk County, WI",870,1025,1198,1514,1598
METRO36540N31155,"Saunders County, NE HUD Metro FMR Area",937,1029,1173,1543,1744
METRO42340M42340,"Savannah, GA MSA",1596,1680,1842,2450,2792
NCNTY55113N55113,"Sawyer County, WI",820,851,1117,1339,1479
NCNTY48413N48413,"Schleicher County, TX",756,778,973,1266,1432
NCNTY13249N13249,"Schley County, GA",765,770,973,1342,1395
NCNTY26153N26153,"Schoolcraft County, MI",689,858,973,1338,1380
NCNTY17169N17169,"Schuyler County, IL",663,878,962,1153,1374
NCNTY29197N29197,"Schuyler County, MO",678,749,983,1179,1302
NCNTY36097N36097,"Schuyler County, NY",876,969,1271,1669,1683
NCNTY42107N42107,"Schuylkill County, PA",784,847,1110,1445,1518
NCNTY39145N39145,"Scioto County, OH",683,822,991,1352,1493
NCNTY29199N29199,"Scotland County, MO",660,705,888,1235,1490
NCNTY37165N37165,"Scotland County, NC",750,755,925,1244,1249
NCNTY05127N05127,"Scott County, AR",661,703,923,1215,1301
NCNTY17171N17171,"Scott County, IL",701,775,1017,1219,1347
NCNTY18143N18143,"Scott County, IN",773,822,1078,1440,1445
NCNTY20171N20171,"Scott County, KS",643,668,877,1132,1471
NCNTY29201N29201,"Scott County, MO",742,761,999,1229,1323
METRO27140N28123,"Scott County, MS HUD Metro FMR Area",858,863,1034,1240,1369
NCNTY47151N47151,"Scott County, TN",724,762,925,1159,1552
NCNTY31157N31157,"Scotts Bluff County, NE",716,793,1033,1376,1462
METRO42540M42540,"Scranton--Wilkes-Barre, PA MSA",916,1091,1329,1731,1875
NCNTY13251N13251,"Screven County, GA",737,742,973,1222,1395
NCNTY48415N48415,"Scurry County, TX",892,1047,1148,1582,1644
NCNTY05129N05129,"Searcy County, AR",630,671,880,1224,1240
METRO42660MM7600,"Seattle-Bellevue, WA HUD Metro FMR Area",2250,2328,2713,3550,4173
METRO42680M42680,"Sebastian-Vero Beach-West Vero Corridor, FL MSA",1305,1314,1724,2103,2892
METRO42700M42700,"Sebring, FL MSA",918,1054,1331,1611,2113
NCNTY08115N08115,"Sedgwick County, CO",746,759,973,1167,1525
NCNTY13253N13253,"Seminole County, GA",780,785,992,1373,1422
NCNTY40133N40133,"Seminole County, OK",673,734,937,1256,1368
NCNTY36099N36099,"Seneca County, NY",904,947,1202,1594,2016
NCNTY39147N39147,"Seneca County, OH",802,807,1059,1289,1402
NCNTY05133N05133,"Sevier County, AR",666,671,880,1097,1210
NCNTY47155N47155,"Sevier County, TN",953,1051,1252,1645,1658
NCNTY49041N49041,"Sevier County, UT",806,1018,1169,1552,1667
NCNTY20175N20175,"Seward County, KS",776,816,1059,1423,1594
METRO30700N31159,"Seward County, NE HUD Metro FMR Area",767,794,1016,1413,1523
NCNTY48417N48417,"Shackelford County, TX",756,778,973,1266,1432
NCNTY29203N29203,"Shannon County, MO",682,706,926,1129,1377
NCNTY28125N28125,"Sharkey County, MS",708,713,842,1115,1118
NCNTY05135N05135,"Sharp County, AR",659,671,880,1224,1432
NCNTY55115N55115,"Shawano County, WI",704,828,989,1266,1309
METRO43100M43100,"Sheboygan, WI MSA",832,961,1207,1462,1652
NCNTY19165N19165,"Shelby County, IA",682,838,919,1278,1309
NCNTY17173N17173,"Shelby County, IL",702,844,1018,1221,1536
METRO31140N21211,"Shelby County, KY HUD Metro FMR Area",1025,1103,1227,1521,1822
NCNTY29205N29205,"Shelby County, MO",660,703,888,1189,1429
NCNTY39149N39149,"Shelby County, OH",763,834,1094,1466,1533
NCNTY48419N48419,"Shelby County, TX",756,888,973,1353,1439
NCNTY51171N51171,"Shenandoah County, VA",875,880,1124,1437,1569
NCNTY20179N20179,"Sheridan County, KS",643,699,877,1052,1276
NCNTY30091N30091,"Sheridan County, MT",981,998,1309,1821,1956
NCNTY38083N38083,"Sheridan County, ND",806,811,1009,1403,1693
NCNTY31161N31161,"Sheridan County, NE",666,732,961,1152,1497
NCNTY56033N56033,"Sheridan County, WY",918,924,1212,1453,2030
NCNTY20181N20181,"Sherman County, KS",703,731,959,1150,1395
NCNTY31163N31163,"Sherman County, NE",666,732,961,1337,1507
NCNTY41055N41055,"Sherman County, OR",991,1085,1424,1774,2389
NCNTY48421N48421,"Sherman County, TX",764,786,983,1279,1446
METRO43300M43300,"Sherman-Denison, TX MSA",1149,1150,1426,1983,2277
NCNTY26155N26155,"Shiawassee County, MI",832,859,1127,1510,1661
NCNTY16079N16079,"Shoshone County, ID",875,899,1180,1415,1980
METRO43340M43340,"Shreveport-Bossier City, LA MSA",948,1070,1211,1590,1692
NCNTY27143N27143,"Sibley County, MN",693,766,1005,1342,1347
NCNTY06091N06091,"Sierra County, CA",1162,1267,1663,2313,2749
NCNTY35051N35051,"Sierra County, NM",756,835,1096,1524,1767
METRO43420M43420,"Sierra Vista-Douglas, AZ MSA",942,1180,1335,1857,2240
NCNTY30093N30093,"Silver Bow County, MT",1065,1191,1465,2037,2259
NCNTY21213N21213,"Simpson County, KY",785,908,1099,1464,1534
METRO27140N28127,"Simpson County, MS HUD Metro FMR Area",631,813,915,1273,1535
METRO43580M43580,"Sioux City, IA-NE-SD MSA",855,994,1240,1489,1642
NCNTY19167N19167,"Sioux County, IA",775,780,1023,1313,1423
NCNTY38085N38085,"Sioux County, ND",727,733,873,1146,1385
NCNTY31165N31165,"Sioux County, NE",703,773,1014,1252,1355
METRO43620M43620,"Sioux Falls, SD HUD Metro FMR Area",908,1035,1214,1665,2037
NCNTY06093N06093,"Siskiyou County, CA",1028,1034,1334,1855,2046
NCNTY02220N02220,"Sitka City and Borough, AK",1178,1447,1679,2335,2817
NCNTY02230N02230,"Skagway Municipality, AK",1255,1387,1820,2485,2997
METRO43640M43640,"Slidell-Mandeville-Covington, LA MSA",1063,1213,1428,1851,2068
NCNTY38087N38087,"Slope County, ND",806,811,1009,1403,1693
NCNTY20183N20183,"Smith County, KS",687,815,938,1213,1365
NCNTY28129N28129,"Smith County, MS",727,768,842,1012,1118
METRO34980N47159,"Smith County, TN HUD Metro FMR Area",857,863,1132,1473,1499
NCNTY51173N51173,"Smyth County, VA",642,753,914,1191,1429
NCNTY42109N42109,"Snyder County, PA",828,960,1138,1419,1683
NCNTY35053N35053,"Socorro County, NM",723,888,973,1353,1569
METRO41540N24039,"Somerset County, MD HUD Metro FMR Area",974,980,1261,1714,1801
NCNTY23025N23025,"Somerset County, ME",1060,1132,1323,1765,1894
NCNTY42111N42111,"Somerset County, PA",830,835,973,1307,1469
NCNTY48425N48425,"Somervell County, TX",849,873,1092,1421,1607
METRO43780M43780,"South Bend-Mishawaka, IN HUD Metro FMR Area",973,1197,1400,1698,1854
NCNTY51175N51175,"Southampton County-Franklin city, VA HUD Nonmetro FMR Area",851,857,1091,1412,1830
NCNTY02240N02240,"Southeast Fairbanks Census Area, AK",1024,1303,1428,1986,2352
METRO43900M43900,"Spartanburg, SC HUD Metro FMR Area",1107,1159,1271,1541,1778
NCNTY18147N18147,"Spencer County, IN",659,729,956,1330,1382
NCNTY46115N46115,"Spink County, SD",641,777,929,1114,1537
METRO44060M44060,"Spokane, WA HUD Metro FMR Area",1172,1267,1626,2217,2661
METRO44100M44100,"Springfield, IL MSA",878,1026,1273,1704,1780
METRO44140M44140,"Springfield, MA MSA",1310,1485,1864,2287,2468
METRO44180M44180,"Springfield, MO HUD Metro FMR Area",933,939,1164,1592,1808
METRO44220M44220,"Springfield, OH MSA",807,892,1171,1434,1664
NCNTY29185N29185,"St. Clair County, MO",612,677,888,1065,1320
METRO41060M41060,"St. Cloud, MN MSA",942,990,1299,1728,2017
NCNTY78010N78010,"St. Croix Island, VI",1106,1113,1330,1609,1761
NCNTY05123N05123,"St. Francis County, AR",690,735,964,1212,1368
NCNTY29187N29187,"St. Francois County, MO",728,733,962,1244,1274
METRO41100M41100,"St. George, UT MSA",1302,1310,1694,2229,2822
METRO35380N22093,"St. James Parish, LA HUD Metro FMR Area",818,823,1080,1502,1542
NCNTY78020N78020,"St. John Island, VI",1760,1771,2218,2659,2937
NCNTY26149N26149,"St. Joseph County, MI",752,809,1062,1438,1543
METRO41140M41140,"St. Joseph, MO-KS MSA",818,879,1138,1440,1655
NCNTY22097N22097,"St. Landry Parish, LA",652,656,861,1073,1207
NCNTY36089N36089,"St. Lawrence County, NY",783,862,1131,1356,1497
METRO41180M41180,"St. Louis, MO-IL HUD Metro FMR Area",1036,1079,1321,1700,1965
NCNTY22101N22101,"St. Mary Parish, LA",751,756,992,1303,1584
METRO30500N24037,"St. Mary's County, MD HUD Metro FMR Area",1495,1793,1965,2427,3097
NCNTY78030N78030,"St. Thomas Island, VI",1119,1299,1603,1922,2122
NCNTY20185N20185,"Stafford County, KS",643,682,877,1167,1276
NCNTY46117N46117,"Stanley County, SD",750,829,1088,1385,1684
NCNTY37167N37167,"Stanly County, NC",664,734,963,1334,1471
NCNTY20187N20187,"Stanton County, KS",687,715,938,1211,1365
NCNTY31167N31167,"Stanton County, NE",825,907,1190,1427,1576
NCNTY38089N38089,"Stark County, ND",918,924,1116,1552,1872
NCNTY18149N18149,"Starke County, IN",685,729,956,1151,1517
NCNTY48427N48427,"Starr County, TX",737,742,973,1353,1490
METRO44300M44300,"State College, PA MSA",1275,1282,1510,1890,1999
METRO44420M44420,"Staunton-Stuarts Draft, VA MSA",1145,1152,1327,1825,2042
NCNTY29186N29186,"Ste. Genevieve County, MO",718,805,967,1159,1622
NCNTY27147N27147,"Steele County, MN",852,942,1236,1677,1965
NCNTY38091N38091,"Steele County, ND",697,702,873,1214,1464
NCNTY13257N13257,"Stephens County, GA",813,819,1074,1361,1802
NCNTY40137N40137,"Stephens County, OK",789,793,954,1327,1537
NCNTY48429N48429,"Stephens County, TX",789,811,1015,1321,1493
NCNTY17177N17177,"Stephenson County, IL",708,713,935,1147,1370
NCNTY48431N48431,"Sterling County, TX",849,899,1133,1519,1871
NCNTY18151N18151,"Steuben County, IN",846,851,1117,1441,1479
NCNTY36101N36101,"Steuben County, NY",943,949,1178,1536,1962
NCNTY20189N20189,"Stevens County, KS",701,729,957,1165,1267
NCNTY27149N27149,"Stevens County, MN",710,785,1030,1432,1728
METRO44060N53065,"Stevens County, WA HUD Metro FMR Area",920,926,1184,1647,1986
METRO17980M13259,"Stewart County, GA HUD Metro FMR Area",803,844,974,1294,1352
METRO17300M47161,"Stewart County, TN HUD Metro FMR Area",720,848,1045,1453,1753
METRO13740M30095,"Stillwater County, MT HUD Metro FMR Area",909,985,1292,1797,2167
METRO44700M44700,"Stockton-Lodi, CA MSA",1411,1528,1909,2655,3202
NCNTY29207N29207,"Stoddard County, MO",660,677,888,1183,1247
NCNTY05137N05137,"Stone County, AR",684,729,956,1330,1347
NCNTY29209N29209,"Stone County, MO",685,743,975,1356,1636
METRO25060M28131,"Stone County, MS HUD Metro FMR Area",759,764,1003,1203,1482
NCNTY48433N48433,"Stonewall County, TX",849,873,1092,1421,1607
NCNTY38093N38093,"Stutsman County, ND",699,703,903,1256,1515
NCNTY56035N56035,"Sublette County, WY",776,781,1018,1416,1681
METRO45460N18153,"Sullivan County, IN HUD Metro FMR Area",797,824,1081,1316,1809
NCNTY29211N29211,"Sullivan County, MO",660,809,888,1110,1320
NCNTY33019N33019,"Sullivan County, NH",1274,1396,1830,2533,2822
NCNTY36105N36105,"Sullivan County, NY",1065,1144,1393,1937,2023
NCNTY42113N42113,"Sullivan County, PA",717,786,986,1371,1617
NCNTY46119N46119,"Sully County, SD",701,775,1017,1294,1574
NCNTY54089N54089,"Summers County, WV",707,748,921,1215,1219
NCNTY08117N08117,"Summit County, CO",1826,2019,2649,3176,3509
NCNTY49043N49043,"Summit County, UT",1928,2054,2378,3219,3800
METRO48620N20191,"Sumner County, KS HUD Metro FMR Area",803,868,1139,1366,1508
NCNTY01119N01119,"Sumter County, AL",666,683,896,1246,1336
NCNTY13261N13261,"Sumter County, GA",874,880,1155,1385,1529
METRO44940M44940,"Sumter, SC MSA",955,1056,1385,1661,2031
NCNTY28133N28133,"Sunflower County, MS",581,642,842,1136,1260
NCNTY37171N37171,"Surry County, NC",702,706,927,1111,1409
METRO47260N51181,"Surry County, VA HUD Metro FMR Area",960,976,1102,1533,1849
NCNTY42115N42115,"Susquehanna County, PA",818,866,1124,1444,1515
NCNTY10005N10005,"Sussex County, DE",1191,1199,1573,1975,2442
NCNTY48435N48435,"Sutton County, TX",737,742,973,1214,1432
NCNTY12121N12121,"Suwannee County, FL",1019,1067,1170,1564,1658
NCNTY37173N37173,"Swain County, NC",806,813,925,1264,1390
NCNTY30097N30097,"Sweet Grass County, MT",908,946,1212,1599,1638
NCNTY56037N56037,"Sweetwater County, WY",765,896,1046,1327,1755
NCNTY27151N27151,"Swift County, MN",671,768,973,1285,1314
NCNTY48437N48437,"Swisher County, TX",756,783,973,1353,1432
NCNTY18155N18155,"Switzerland County, IN",685,729,956,1280,1287
METRO45060M45060,"Syracuse, NY MSA",1065,1202,1490,1810,1979
METRO42660MM8200,"Tacoma, WA HUD Metro FMR Area",1528,1717,2109,2924,3319
METRO17980M13263,"Talbot County, GA HUD Metro FMR Area",966,1014,1171,1629,1830
NCNTY24041N24041,"Talbot County, MD",1321,1410,1549,2154,2599
NCNTY13265N13265,"Taliaferro County, GA",822,827,1045,1307,1498
NCNTY01121N01121,"Talladega County, AL",588,715,853,1161,1165
METRO45220M45220,"Tallahassee, FL HUD Metro FMR Area",1187,1302,1463,1811,1937
NCNTY28135N28135,"Tallahatchie County, MS",727,768,842,1096,1412
NCNTY01123N01123,"Tallapoosa County, AL",666,694,897,1078,1273
NCNTY19171N19171,"Tama County, IA",735,755,990,1235,1400
METRO45300M45300,"Tampa-St. Petersburg-Clearwater, FL MSA",1743,1854,2162,2764,3365
NCNTY29213N29213,"Taney County, MO",825,830,1089,1407,1611
NCNTY35055N35055,"Taos County, NM",1056,1247,1487,1852,2495
METRO32820N28137,"Tate County, MS HUD Metro FMR Area",875,881,1156,1419,1531
NCNTY13267N13267,"Tattnall County, GA",737,742,973,1167,1632
METRO39300MM1120,"Taunton-Mansfield-Norton, MA HUD Metro FMR Area",1547,1710,2244,2767,2971
NCNTY12123N12123,"Taylor County, FL",909,932,1044,1377,1386
NCNTY13269N13269,"Taylor County, GA",828,888,973,1353,1395
NCNTY19173N19173,"Taylor County, IA",682,700,919,1116,1217
NCNTY21217N21217,"Taylor County, KY",619,790,866,1204,1209
NCNTY55119N55119,"Taylor County, WI",691,778,973,1245,1570
NCNTY54091N54091,"Taylor County, WV",717,845,1040,1404,1409
NCNTY51185N51185,"Tazewell County, VA",767,772,964,1156,1321
NCNTY06103N06103,"Tehama County, CA",1024,1117,1466,2008,2459
NCNTY13271N13271,"Telfair County, GA",828,852,973,1215,1288
METRO17820N08119,"Teller County, CO HUD Metro FMR Area",1142,1511,1656,2303,2778
NCNTY22107N22107,"Tensas Parish, LA",601,761,834,1160,1249
METRO45460M45460,"Terre Haute, IN HUD Metro FMR Area",919,925,1171,1404,1643
NCNTY48443N48443,"Terrell County, TX",849,873,1092,1421,1607
NCNTY48445N48445,"Terry County, TX",756,778,973,1266,1432
NCNTY16081N16081,"Teton County, ID",1251,1258,1456,1947,2443
NCNTY30099N30099,"Teton County, MT",1062,1293,1417,1971,2262
NCNTY56039N56039,"Teton County, WY",1536,1546,2029,2721,3351
METRO45500M45500,"Texarkana, TX-Texarkana, AR HUD Metro FMR Area",910,919,1166,1450,1755
NCNTY29215N29215,"Texas County, MO",612,694,888,1192,1490
NCNTY40139N40139,"Texas County, OK",879,930,1157,1387,1941
NCNTY31169N31169,"Thayer County, NE",666,732,961,1152,1272
NCNTY13275N13275,"Thomas County, GA",1087,1138,1248,1581,1652
NCNTY20193N20193,"Thomas County, KS",643,688,877,1116,1276
NCNTY31171N31171,"Thomas County, NE",703,773,1014,1252,1355
NCNTY48447N48447,"Throckmorton County, TX",812,835,1044,1252,1536
NCNTY31173N31173,"Thurston County, NE",666,799,961,1189,1272
NCNTY13277N13277,"Tift County, GA",809,866,1027,1239,1543
NCNTY41057N41057,"Tillamook County, OR",1070,1196,1479,2057,2192
NCNTY40141N40141,"Tillman County, OK",705,855,937,1303,1343
NCNTY42117N42117,"Tioga County, PA",763,869,1106,1433,1479
NCNTY28139N28139,"Tippah County, MS",733,768,842,1092,1118
METRO26900N18159,"Tipton County, IN HUD Metro FMR Area",868,873,1146,1374,1783
NCNTY28141N28141,"Tishomingo County, MS",727,759,842,1115,1118
NCNTY48449N48449,"Titus County, TX",817,822,1027,1333,1360
NCNTY21219N21219,"Todd County, KY",707,755,990,1241,1457
NCNTY27153N27153,"Todd County, MN",752,757,993,1345,1582
NCNTY46121N46121,"Todd County, SD",641,840,929,1292,1438
METRO45780M45780,"Toledo, OH MSA",815,870,1141,1464,1541
METRO41620N49045,"Tooele County, UT HUD Metro FMR Area",962,1009,1324,1779,2221
NCNTY30101N30101,"Toole County, MT",958,1098,1284,1777,1784
NCNTY13279N13279,"Toombs County, GA",779,784,973,1293,1297
METRO45820M45820,"Topeka, KS MSA",854,884,1140,1501,1522
NCNTY38095N38095,"Towner County, ND",697,702,873,1214,1464
NCNTY13281N13281,"Towns County, GA",828,888,973,1353,1632
NCNTY38097N38097,"Traill County, ND",695,699,884,1229,1483
NCNTY37175N37175,"Transylvania County, NC",982,988,1297,1555,1949
NCNTY27155N27155,"Traverse County, MN",671,742,973,1353,1609
NCNTY30103N30103,"Treasure County, MT",1251,1303,1669,2307,2698
NCNTY20195N20195,"Trego County, KS",643,782,877,1052,1276
NCNTY55121N55121,"Trempealeau County, WI",789,794,1042,1374,1380
METRO45940M45940,"Trenton-Princeton, NJ MSA",1471,1691,2134,2559,2922
NCNTY13283N13283,"Treutlen County, GA",737,742,973,1167,1395
NCNTY21223N21223,"Trimble County, KY",758,827,1061,1399,1405
NCNTY06105N06105,"Trinity County, CA",881,974,1278,1739,1760
NCNTY48455N48455,"Trinity County, TX",809,843,1041,1248,1532
NCNTY46123N46123,"Tripp County, SD",641,708,929,1251,1438
NCNTY13285N13285,"Troup County, GA",905,1066,1313,1642,2004
NCNTY54093N54093,"Tucker County, WV",667,699,869,1209,1458
METRO46060M46060,"Tucson, AZ MSA",1039,1162,1507,2096,2413
METRO46140M46140,"Tulsa, OK HUD Metro FMR Area",1002,1060,1307,1720,1995
METRO32820N28143,"Tunica County, MS HUD Metro FMR Area",1045,1137,1257,1507,1664
NCNTY06109N06109,"Tuolumne County, CA",1208,1385,1752,2291,2939
NCNTY13287N13287,"Turner County, GA",765,770,973,1283,1288
METRO46220M46220,"Tuscaloosa, AL HUD Metro FMR Area",1037,1043,1254,1598,1660
NCNTY39157N39157,"Tuscarawas County, OH",845,851,1116,1435,1619
NCNTY26157N26157,"Tuscola County, MI",671,786,973,1288,1420
METRO46300N16083,"Twin Falls County, ID HUD Metro FMR Area",943,1042,1367,1901,2293
NCNTY48457N48457,"Tyler County, TX",843,848,1113,1334,1716
NCNTY54095N54095,"Tyler County, WV",681,721,888,1148,1203
METRO46340M46340,"Tyler, TX MSA",1053,1165,1431,1918,2119
NCNTY37177N37177,"Tyrrell County, NC",739,744,925,1286,1390
NCNTY56041N56041,"Uinta County, WY",664,734,963,1339,1467
NCNTY49047N49047,"Uintah County, UT",782,877,1070,1457,1795
NCNTY41059N41059,"Umatilla County, OR",891,985,1293,1798,2168
NCNTY05139N05139,"Union County, AR",771,776,997,1200,1405
NCNTY12125N12125,"Union County, FL",913,919,1206,1514,1597
NCNTY13291N13291,"Union County, GA",803,808,1060,1465,1778
NCNTY19175N19175,"Union County, IA",664,734,963,1270,1275
NCNTY17181N17181,"Union County, IL",659,719,943,1162,1299
NCNTY18161N18161,"Union County, IN",717,763,1001,1278,1477
NCNTY21225N21225,"Union County, KY",666,710,932,1117,1234
NCNTY28145N28145,"Union County, MS",855,895,981,1199,1299
NCNTY35059N35059,"Union County, NM",723,770,973,1332,1569
METRO18140N39159,"Union County, OH HUD Metro FMR Area",1187,1200,1528,1832,2023
NCNTY41061N41061,"Union County, OR",883,1026,1280,1780,2147
NCNTY42119N42119,"Union County, PA",794,995,1091,1517,1830
METRO43900N45087,"Union County, SC HUD Metro FMR Area",849,854,1121,1371,1484
NCNTY54097N54097,"Upshur County, WV",763,768,1008,1263,1691
NCNTY13293N13293,"Upson County, GA",862,924,1013,1336,1341
NCNTY48461N48461,"Upton County, TX",849,873,1092,1421,1607
METRO46520M46520,"Urban Honolulu, HI MSA",2021,2171,2845,3957,4773
METRO46540M46540,"Utica-Rome, NY MSA",958,986,1249,1498,1729
NCNTY48463N48463,"Uvalde County, TX",901,907,1190,1577,1855
NCNTY48465N48465,"Val Verde County, TX",936,941,1161,1582,1588
METRO46660M46660,"Valdosta, GA MSA",978,985,1274,1692,2046
METRO46700M46700,"Vallejo, CA MSA",1696,1839,2334,3088,3471
NCNTY16085N16085,"Valley County, ID",1056,1106,1212,1686,2033
NCNTY30105N30105,"Valley County, MT",916,931,1222,1595,1785
NCNTY31175N31175,"Valley County, NE",666,732,961,1152,1284
NCNTY05141N05141,"Van Buren County, AR",630,671,880,1186,1240
NCNTY19177N19177,"Van Buren County, IA",697,716,939,1126,1543
NCNTY26159N26159,"Van Buren County, MI",749,828,1087,1431,1493
NCNTY47175N47175,"Van Buren County, TN",700,705,925,1198,1289
NCNTY39161N39161,"Van Wert County, OH",724,762,973,1218,1323
NCNTY48467N48467,"Van Zandt County, TX",898,904,1186,1561,1570
NCNTY37181N37181,"Vance County, NC",775,780,1024,1257,1384
NCNTY42121N42121,"Venango County, PA",703,777,1019,1279,1459
NCNTY17183N17183,"Vermilion County, IL",702,776,1018,1232,1365
METRO29180N22113,"Vermilion Parish, LA HUD Metro FMR Area",594,779,854,1126,1131
NCNTY29217N29217,"Vernon County, MO",732,751,986,1239,1466
METRO29100N55123,"Vernon County, WI HUD Metro FMR Area",676,766,981,1231,1498
NCNTY22115N22115,"Vernon Parish, LA",788,815,1069,1377,1499
METRO47020M47020,"Victoria, TX MSA",1226,1234,1543,1850,2043
NCNTY55125N55125,"Vilas County, WI",809,814,1016,1218,1345
METRO47220M47220,"Vineland, NJ MSA",1363,1465,1782,2453,2462
NCNTY39163N39163,"Vinton County, OH",749,805,990,1187,1396
METRO47260M47260,"Virginia Beach-Norfolk-Newport News, VA-NC HUD Metro FMR Area",1613,1635,1852,2569,3024
METRO47300M47300,"Visalia, CA MSA",1202,1209,1587,2183,2576
NCNTY17185N17185,"Wabash County, IL",682,754,989,1375,1413
NCNTY18169N18169,"Wabash County, IN",702,747,980,1175,1298
METRO40340N27157,"Wabasha County, MN HUD Metro FMR Area",909,952,1044,1391,1751
METRO47380M47380,"Waco, TX HUD Metro FMR Area",850,996,1240,1599,1644
NCNTY27159N27159,"Wadena County, MN",734,820,1065,1277,1410
NCNTY53069N53069,"Wahkiakum County, WA",824,1055,1174,1633,1969
METRO45220N12129,"Wakulla County, FL HUD Metro FMR Area",1034,1134,1267,1649,1678
NCNTY23027N23027,"Waldo County, ME",1229,1236,1529,1983,2153
METRO13820N01127,"Walker County, AL HUD Metro FMR Area",702,789,966,1343,1615
NCNTY48471N48471,"Walker County, TX",920,1178,1299,1719,1911
METRO47460M47460,"Walla Walla, WA MSA",1165,1282,1682,2298,2822
NCNTY20199N20199,"Wallace County, KS",643,758,877,1220,1276
NCNTY41063N41063,"Wallowa County, OR",851,1003,1223,1701,2052
NCNTY38099N38099,"Walsh County, ND",723,728,935,1221,1569
NCNTY28147N28147,"Walthall County, MS",837,842,995,1193,1317
METRO18880N12131,"Walton County, FL HUD Metro FMR Area",1327,1561,1711,2380,2870
NCNTY46129N46129,"Walworth County, SD",693,766,1005,1205,1507
NCNTY55127N55127,"Walworth County, WI",898,993,1303,1639,2113
NCNTY19179N19179,"Wapello County, IA",841,863,1133,1436,1557
METRO33500N38101,"Ward County, ND HUD Metro FMR Area",890,1061,1287,1790,2159
NCNTY48475N48475,"Ward County, TX",1085,1107,1396,1811,2054
NCNTY13299N13299,"Ware County, GA",808,813,1067,1279,1673
METRO47580M47580,"Warner Robins, GA HUD Metro FMR Area",1188,1312,1463,1956,2307
NCNTY13301N13301,"Warren County, GA",765,770,973,1283,1632
NCNTY17187N17187,"Warren County, IL",641,708,929,1172,1558
METRO29200M18171,"Warren County, IN HUD Metro FMR Area",720,885,1001,1392,1440
NCNTY28149N28149,"Warren County, MS",847,852,1009,1250,1336
NCNTY37185N37185,"Warren County, NC",700,705,925,1172,1239
METRO10900MM5640,"Warren County, NJ HUD Metro FMR Area",1679,1690,2097,2661,3099
NCNTY42123N42123,"Warren County, PA",809,814,973,1304,1363
NCNTY47177N47177,"Warren County, TN",760,765,1004,1204,1329
METRO47900MM8820,"Warren County, VA HUD Metro FMR Area",1020,1073,1408,1878,2362
NCNTY49051N49051,"Wasatch County, UT",1362,1700,1863,2591,3125
NCNTY41065N41065,"Wasco County, OR",1344,1352,1678,2334,2715
NCNTY27161N27161,"Waseca County, MN",702,769,1009,1403,1550
NCNTY56043N56043,"Washakie County, WY",729,734,963,1339,1590
NCNTY55129N55129,"Washburn County, WI",703,777,1020,1223,1351
NCNTY01129N01129,"Washington County, AL",729,818,983,1292,1314
NCNTY08121N08121,"Washington County, CO",912,914,1190,1427,1576
METRO37460N12133,"Washington County, FL HUD Metro FMR Area",985,1055,1156,1429,1822
NCNTY13303N13303,"Washington County, GA",876,882,1105,1325,1470
METRO26980N19183,"Washington County, IA HUD Metro FMR Area",764,769,1009,1249,1336
NCNTY16087N16087,"Washington County, ID",869,875,1148,1498,1926
NCNTY17189N17189,"Washington County, IL",633,837,918,1245,1271
METRO31140N18175,"Washington County, IN HUD Metro FMR Area",789,793,1041,1248,1378
NCNTY20201N20201,"Washington County, KS",696,701,877,1157,1161
NCNTY21229N21229,"Washington County, KY",708,755,991,1307,1411
NCNTY23029N23029,"Washington County, ME",911,1008,1322,1837,2052
NCNTY29221N29221,"Washington County, MO",660,774,888,1065,1276
NCNTY28151N28151,"Washington County, MS",648,768,842,1177,1412
NCNTY37187N37187,"Washington County, NC",755,760,945,1223,1421
NCNTY39167N39167,"Washington County, OH",798,803,1028,1387,1531
NCNTY40147N40147,"Washington County, OK",751,844,998,1388,1412
NCNTY48477N48477,"Washington County, TX",1074,1081,1418,1833,1877
NCNTY50023N50023,"Washington County, VT",1205,1213,1591,1958,2107
NCNTY22117N22117,"Washington Parish, LA",727,761,834,1160,1388
METRO47900M47900,"Washington-Arlington-Alexandria, DC-VA-MD HUD Metro FMR Area",2111,2177,2427,3063,3601
NCNTY40149N40149,"Washita County, OK",705,855,937,1217,1439
NCNTY37189N37189,"Watauga County, NC",914,1098,1308,1671,2194
METRO47930M47930,"Waterbury-Shelton, CT MSA",1325,1537,1902,2350,2774
METRO47940M47940,"Waterloo-Cedar Falls, IA HUD Metro FMR Area",767,848,1113,1437,1867
METRO48060M48060,"Watertown-Fort Drum, NY MSA",1049,1159,1521,2064,2534
NCNTY27165N27165,"Watonwan County, MN",671,842,973,1283,1288
NCNTY55135N55135,"Waupaca County, WI",764,779,973,1283,1288
METRO48140M48140,"Wausau, WI MSA",838,942,1216,1601,1610
NCNTY55137N55137,"Waushara County, WI",691,742,973,1291,1493
NCNTY13305N13305,"Wayne County, GA",805,810,1063,1275,1639
NCNTY19185N19185,"Wayne County, IA",682,734,919,1193,1227
NCNTY17191N17191,"Wayne County, IL",632,698,916,1098,1537
NCNTY18177N18177,"Wayne County, IN",753,758,995,1240,1317
NCNTY21231N21231,"Wayne County, KY",619,677,866,1204,1453
NCNTY29223N29223,"Wayne County, MO",660,810,888,1065,1490
NCNTY28153N28153,"Wayne County, MS",708,713,842,1098,1118
NCNTY31179N31179,"Wayne County, NE",671,737,967,1286,1622
NCNTY39169N39169,"Wayne County, OH",758,862,1099,1340,1574
NCNTY42127N42127,"Wayne County, PA",894,1006,1229,1538,2062
NCNTY47181N47181,"Wayne County, TN",700,705,925,1109,1289
NCNTY49055N49055,"Wayne County, UT",711,810,973,1228,1632
NCNTY47183N47183,"Weakley County, TN",732,737,960,1161,1610
NCNTY13307N13307,"Webster County, GA",822,827,1045,1307,1498
NCNTY19187N19187,"Webster County, IA",733,738,968,1246,1624
NCNTY21233N21233,"Webster County, KY",640,682,895,1152,1249
NCNTY28155N28155,"Webster County, MS",917,922,1090,1307,1443
NCNTY31181N31181,"Webster County, NE",666,732,961,1279,1284
NCNTY54101N54101,"Webster County, WV",658,662,869,1061,1177
NCNTY22119N22119,"Webster Parish, LA",602,665,873,1155,1156
METRO48260M48260,"Weirton-Steubenville, WV-OH MSA",776,781,1004,1326,1529
METRO23060N18179,"Wells County, IN HUD Metro FMR Area",777,782,1026,1246,1442
NCNTY38103N38103,"Wells County, ND",760,796,873,1214,1464
METRO48300M48300,"Wenatchee-East Wenatchee, WA MSA",1140,1261,1654,2274,2775
NCNTY22123N22123,"West Carroll Parish, LA",601,636,834,1088,1138
METRO33100MM8960,"West Palm Beach-Boca Raton, FL HUD Metro FMR Area",1940,2063,2446,3169,3677
METRO39300MM5520,"Westerly-Hopkinton-New Shoreham, RI HUD Metro FMR Area",1461,1470,1858,2317,2511
METRO14460MM4760,"Western Rockingham County, NH HUD Metro FMR Area",1807,1819,2387,3299,3311
METRO49340N25027,"Western Worcester County, MA HUD Metro FMR Area",1164,1273,1626,2261,2728
NCNTY51193N51193,"Westmoreland County, VA",1035,1041,1270,1764,1925
NCNTY56045N56045,"Weston County, WY",862,867,1130,1555,1866
NCNTY54103N54103,"Wetzel County, WV",738,743,975,1255,1291
NCNTY26165N26165,"Wexford County, MI",853,859,1127,1422,1648
NCNTY48481N48481,"Wharton County, TX",844,933,1224,1669,1912
NCNTY30107N30107,"Wheatland County, MT",861,897,1149,1598,1858
NCNTY13309N13309,"Wheeler County, GA",768,773,976,1170,1399
NCNTY31183N31183,"Wheeler County, NE",666,732,961,1187,1284
NCNTY41069N41069,"Wheeler County, OR",722,791,1038,1444,1741
NCNTY48483N48483,"Wheeler County, TX",861,886,1108,1328,1630
METRO48540M48540,"Wheeling, WV-OH MSA",719,859,1043,1344,1487
NCNTY05145N05145,"White County, AR",667,777,932,1217,1234
NCNTY13311N13311,"White County, GA",1009,1015,1260,1511,2000
NCNTY17193N17193,"White County, IL",632,698,916,1209,1438
NCNTY18181N18181,"White County, IN",767,815,1070,1283,1417
NCNTY47185N47185,"White County, TN",789,794,1042,1303,1659
NCNTY32033N32033,"White Pine County, NV",1032,1039,1363,1778,2286
NCNTY17195N17195,"Whiteside County, IL",713,762,971,1281,1286
NCNTY21235N21235,"Whitley County, KY",620,661,867,1040,1158
NCNTY53075N53075,"Whitman County, WA",857,947,1243,1729,2085
NCNTY30109N30109,"Wibaux County, MT",1251,1303,1669,2307,2698
NCNTY20203N20203,"Wichita County, KS",643,800,877,1220,1276
METRO48660M48660,"Wichita Falls, TX MSA",874,973,1195,1634,1850
METRO48620M48620,"Wichita, KS HUD Metro FMR Area",829,900,1165,1531,1892
NCNTY48487N48487,"Wilbarger County, TX",805,810,1063,1275,1619
NCNTY01131N01131,"Wilcox County, AL",632,669,844,1174,1261
NCNTY13315N13315,"Wilcox County, GA",765,770,973,1235,1632
METRO48680M48680,"Wildwood-The Villages, FL MSA",1212,1283,1496,1865,2182
NCNTY13317N13317,"Wilkes County, GA",771,776,980,1270,1405
NCNTY37193N37193,"Wilkes County, NC",782,793,925,1233,1538
NCNTY27167N27167,"Wilkin County, MN",740,829,1074,1417,1422
NCNTY13319N13319,"Wilkinson County, GA",765,770,973,1353,1395
NCNTY28157N28157,"Wilkinson County, MS",708,713,842,1049,1118
NCNTY48489N48489,"Willacy County, TX",737,742,973,1353,1432
NCNTY38105N38105,"Williams County, ND",1105,1132,1268,1673,1745
NCNTY39171N39171,"Williams County, OH",743,768,982,1220,1300
NCNTY45089N45089,"Williamsburg County, SC",688,698,916,1201,1330
NCNTY17199N17199,"Williamson County, IL",811,851,1116,1473,1479
METRO48700M48700,"Williamsport, PA MSA",875,1056,1269,1684,1845
METRO48900M48900,"Wilmington, NC HUD Metro FMR Area",1240,1640,1798,2360,2513
NCNTY20205N20205,"Wilson County, KS",643,668,877,1103,1419
NCNTY37195N37195,"Wilson County, NC",852,857,1107,1412,1665
METRO49020M49020,"Winchester, VA-WV MSA",1239,1372,1720,2149,2885
NCNTY50025N50025,"Windham County, VT",1138,1223,1500,1802,1986
NCNTY50027N50027,"Windsor County, VT",1229,1237,1442,1890,1952
NCNTY48495N48495,"Winkler County, TX",1004,1032,1291,1548,1900
NCNTY22127N22127,"Winn Parish, LA",601,761,834,1160,1249
NCNTY19189N19189,"Winnebago County, IA",682,731,919,1222,1392
NCNTY19191N19191,"Winneshiek County, IA",692,710,932,1229,1234
NCNTY27169N27169,"Winona County, MN",821,901,1107,1387,1602
NCNTY01133N01133,"Winston County, AL",576,631,776,1070,1150
NCNTY28159N28159,"Winston County, MS",727,768,842,1111,1115
METRO49180M49180,"Winston-Salem, NC HUD Metro FMR Area",1067,1160,1321,1723,2035
NCNTY51195N51195,"Wise County-Norton city, VA HUD Nonmetro FMR Area",692,697,914,1205,1429
METRO19100N48497,"Wise County, TX HUD Metro FMR Area",998,1004,1318,1833,2211
NCNTY21237N21237,"Wolfe County, KY",619,683,866,1081,1209
NCNTY48499N48499,"Wood County, TX",756,873,1097,1352,1500
NCNTY55141N55141,"Wood County, WI",730,783,1028,1289,1361
NCNTY05147N05147,"Woodruff County, AR",630,803,880,1157,1240
NCNTY40151N40151,"Woods County, OK",759,859,1009,1260,1336
NCNTY20207N20207,"Woodson County, KS",643,777,877,1194,1276
NCNTY40153N40153,"Woodward County, OK",827,838,1100,1319,1845
NCNTY24047N24047,"Worcester County, MD",1161,1168,1350,1878,2169
METRO49340M49340,"Worcester, MA HUD Metro FMR Area",1741,1753,2254,2793,3097
NCNTY19195N19195,"Worth County, IA",682,700,919,1278,1364
NCNTY29227N29227,"Worth County, MO",689,706,927,1211,1378
NCNTY02275N02275,"Wrangell City and Borough, AK",941,947,1243,1718,2085
NCNTY19197N19197,"Wright County, IA",722,742,973,1167,1288
NCNTY29229N29229,"Wright County, MO",660,677,888,1235,1320
NCNTY39175N39175,"Wyandot County, OH",743,807,982,1253,1435
NCNTY36121N36121,"Wyoming County, NY",878,883,1018,1397,1677
NCNTY54109N54109,"Wyoming County, WV",705,791,919,1241,1245
NCNTY51197N51197,"Wythe County, VA",787,791,949,1259,1592
METRO49420M49420,"Yakima, WA MSA",1111,1119,1468,2042,2236
NCNTY02282N02282,"Yakutat City and Borough, AK",1032,1134,1439,1818,2370
NCNTY28161N28161,"Yalobusha County, MS",667,672,842,1115,1242
NCNTY37199N37199,"Yancey County, NC",732,737,967,1276,1280
NCNTY46135N46135,"Yankton County, SD",676,855,980,1363,1517
NCNTY36123N36123,"Yates County, NY",790,873,1146,1388,1922
METRO38660M49500,"Yauco, PR HUD Metro FMR Area",460,482,528,721,731
METRO27140N28163,"Yazoo County, MS HUD Metro FMR Area",811,816,1071,1315,1418
NCNTY05149N05149,"Yell County, AR",687,692,880,1224,1358
NCNTY27173N27173,"Yellow Medicine County, MN",671,753,973,1169,1312
NCNTY48501N48501,"Yoakum County, TX",963,1130,1239,1486,1823
METRO40900MM9270,"Yolo, CA HUD Metro FMR Area",1762,1773,2311,3204,3491
METRO38860N23031,"York County, ME (part) HUD Metro FMR Area",1356,1494,1816,2431,2710
NCNTY31185N31185,"York County, NE",743,816,1071,1315,1418
METRO49620M49620,"York-Hanover, PA MSA",999,1145,1442,1940,1999
METRO38860MM6450,"York-Kittery-South Berwick, ME HUD Metro FMR Area",1615,1785,2342,2808,3929
NCNTY48503N48503,"Young County, TX",777,782,1026,1427,1510
METRO49660M49660,"Youngstown-Warren, OH MSA",743,780,984,1284,1360
METRO49700M49700,"Yuba City, CA MSA",1249,1363,1661,2310,2786
NCNTY02290N02290,"Yukon-Koyukuk Census Area, AK",1070,1111,1228,1708,2022
NCNTY08125N08125,"Yuma County, CO",835,841,1103,1415,1460
METRO49740M49740,"Yuma, AZ MSA",1119,1126,1478,2023,2479
NCNTY48505N48505,"Zapata County, TX",747,751,973,1167,1432
NCNTY48507N48507,"Zavala County, TX",756,778,973,1353,1432
NCNTY46137N46137,"Ziebach County, SD",641,708,929,1114,1230