state_code,county_code,county_sub_code,cntyname,town_name,hud_areaname,fips2025,rent_50_0,rent_50_1,rent_50_2,rent_50_3,rent_50_4,hud_area_code,pop2023,state_alpha
01,015,99999,Calhoun County,,"Anniston-Oxford, AL MSA",0101599999,788,793,1007,1361,1425,METRO11500M11500,116162,AL
01,081,99999,Lee County,,"Auburn-Opelika, AL HUD Metro FMR Area",0108199999,929,1181,1295,1639,1863,METRO12220M12220,175126,AL
01,087,99999,Macon County,,"Macon County, AL HUD Metro FMR Area",0108799999,747,787,1033,1268,1558,METRO12220N01087,19198,AL
01,007,99999,Bibb County,,"Birmingham-Hoover, AL HUD Metro FMR Area",0100799999,1121,1265,1387,1735,1973,METRO13820M13820,22251,AL
01,009,99999,Blount County,,"Birmingham-Hoover, AL HUD Metro FMR Area",0100999999,1121,1265,1387,1735,1973,METRO13820M13820,59077,AL
01,073,99999,Jefferson County,,"Birmingham-Hoover, AL HUD Metro FMR Area",0107399999,1121,1265,1387,1735,1973,METRO13820M13820,672265,AL
01,115,99999,St. Clair County,,"Birmingham-Hoover, AL HUD Metro FMR Area",0111599999,1121,1265,1387,1735,1973,METRO13820M13820,91719,AL
01,117,99999,Shelby County,,"Birmingham-Hoover, AL HUD Metro FMR Area",0111799999,1121,1265,1387,1735,1973,METRO13820M13820,223916,AL
01,021,99999,Chilton County,,"Chilton County, AL HUD Metro FMR Area",0102199999,801,806,1058,1389,1579,METRO13820N01021,45140,AL
01,127,99999,Walker County,,"Walker County, AL HUD Metro FMR Area",0112799999,702,789,966,1343,1615,METRO13820N01127,64978,AL
01,113,99999,Russell County,,"Columbus, GA-AL HUD Metro FMR Area",0111399999,960,1007,1167,1550,1827,METRO17980M17980,58849,AL
01,003,99999,Baldwin County,,"Daphne-Fairhope-Foley, AL MSA",0100399999,1227,1346,1509,1898,2436,METRO19300M19300,233420,AL
01,079,99999,Lawrence County,,"Decatur, AL MSA",0107999999,800,823,1019,1338,1644,METRO19460M19460,33116,AL
01,103,99999,Morgan County,,"Decatur, AL MSA",0110399999,800,823,1019,1338,1644,METRO19460M19460,123102,AL
01,061,99999,Geneva County,,"Dothan, AL HUD Metro FMR Area",0106199999,815,820,1023,1387,1538,METRO20020M20020,26647,AL
01,069,99999,Houston County,,"Dothan, AL HUD Metro FMR Area",0106999999,815,820,1023,1387,1538,METRO20020M20020,107040,AL
01,067,99999,Henry County,,"Henry County, AL HUD Metro FMR Area",0106799999,702,706,927,1139,1284,METRO20020N01067,17282,AL
01,033,99999,Colbert County,,"Florence-Muscle Shoals, AL MSA",0103399999,740,823,1061,1318,1495,METRO22520M22520,57270,AL
01,077,99999,Lauderdale County,,"Florence-Muscle Shoals, AL MSA",0107799999,740,823,1061,1318,1495,METRO22520M22520,94329,AL
01,055,99999,Etowah County,,"Gadsden, AL MSA",0105599999,725,899,1052,1275,1480,METRO23460M23460,103348,AL
01,083,99999,Limestone County,,"Huntsville, AL MSA",0108399999,1128,1243,1434,1850,2308,METRO26620M26620,104199,AL
01,089,99999,Madison County,,"Huntsville, AL MSA",0108999999,1128,1243,1434,1850,2308,METRO26620M26620,389781,AL
01,097,99999,Mobile County,,"Mobile, AL MSA",0109799999,925,995,1173,1531,1565,METRO33660M33660,413878,AL
01,001,99999,Autauga County,,"Montgomery, AL MSA",0100199999,937,948,1107,1421,1675,METRO33860M33860,58761,AL
01,051,99999,Elmore County,,"Montgomery, AL MSA",0105199999,937,948,1107,1421,1675,METRO33860M33860,87694,AL
01,085,99999,Lowndes County,,"Montgomery, AL MSA",0108599999,937,948,1107,1421,1675,METRO33860M33860,10153,AL
01,101,99999,Montgomery County,,"Montgomery, AL MSA",0110199999,937,948,1107,1421,1675,METRO33860M33860,228132,AL
01,063,99999,Greene County,,"Greene County, AL HUD Metro FMR Area",0106399999,921,928,1217,1459,1611,METRO46220M01063,7706,AL
01,065,99999,Hale County,,"Tuscaloosa, AL HUD Metro FMR Area",0106599999,1037,1043,1254,1598,1660,METRO46220M46220,14742,AL
01,125,99999,Tuscaloosa County,,"Tuscaloosa, AL HUD Metro FMR Area",0112599999,1037,1043,1254,1598,1660,METRO46220M46220,231558,AL
01,107,99999,Pickens County,,"Pickens County, AL HUD Metro FMR Area",0110799999,646,650,853,1093,1418,METRO46220N01107,18925,AL
01,005,99999,Barbour County,,"Barbour County, AL",0100599999,585,703,787,1032,1083,NCNTY01005N01005,24877,AL
01,011,99999,Bullock County,,"Bullock County, AL",0101199999,607,745,817,980,1371,NCNTY01011N01011,10328,AL
01,013,99999,Butler County,,"Butler County, AL",0101399999,642,658,864,1036,1176,NCNTY01013N01013,18981,AL
01,017,99999,Chambers County,,"Chambers County, AL",0101799999,743,827,1077,1360,1426,NCNTY01017N01017,34612,AL
01,019,99999,Cherokee County,,"Cherokee County, AL",0101999999,685,745,922,1105,1375,NCNTY01019N01019,25069,AL
01,023,99999,Choctaw County,,"Choctaw County, AL",0102399999,688,733,926,1219,1381,NCNTY01023N01023,12669,AL
01,025,99999,Clarke County,,"Clarke County, AL",0102599999,665,682,895,1170,1427,NCNTY01025N01025,23058,AL
01,027,99999,Clay County,,"Clay County, AL",0102799999,576,591,776,1024,1027,NCNTY01027N01027,14209,AL
01,029,99999,Cleburne County,,"Cleburne County, AL",0102999999,663,707,892,1114,1181,NCNTY01029N01029,15144,AL
01,031,99999,Coffee County,,"Coffee County, AL",0103199999,769,789,1035,1439,1535,NCNTY01031N01031,53559,AL
01,035,99999,Conecuh County,,"Conecuh County, AL",0103599999,576,615,776,1079,1157,NCNTY01035N01035,11576,AL
01,037,99999,Coosa County,,"Coosa County, AL",0103799999,620,661,835,1161,1245,NCNTY01037N01037,10329,AL
01,039,99999,Covington County,,"Covington County, AL",0103999999,598,614,805,1036,1350,NCNTY01039N01039,37542,AL
01,041,99999,Crenshaw County,,"Crenshaw County, AL",0104199999,604,608,798,957,1057,NCNTY01041N01041,13205,AL
01,043,99999,Cullman County,,"Cullman County, AL",0104399999,743,748,981,1269,1542,NCNTY01043N01043,88284,AL
01,045,99999,Dale County,,"Dale County, AL",0104599999,607,756,850,1182,1426,NCNTY01045N01045,49455,AL
01,047,99999,Dallas County,,"Dallas County, AL",0104799999,656,674,884,1166,1170,NCNTY01047N01047,38326,AL
01,049,99999,DeKalb County,,"DeKalb County, AL",0104999999,576,591,776,992,1302,NCNTY01049N01049,71680,AL
01,053,99999,Escambia County,,"Escambia County, AL",0105399999,589,690,793,993,1229,NCNTY01053N01053,36755,AL
01,057,99999,Fayette County,,"Fayette County, AL",0105799999,576,671,776,1079,1157,NCNTY01057N01057,16297,AL
01,059,99999,Franklin County,,"Franklin County, AL",0105999999,576,704,776,976,1071,NCNTY01059N01059,32011,AL
01,071,99999,Jackson County,,"Jackson County, AL",0107199999,637,711,858,1110,1365,NCNTY01071N01071,52618,AL
01,075,99999,Lamar County,,"Lamar County, AL",0107599999,618,636,776,1024,1040,NCNTY01075N01075,13885,AL
01,091,99999,Marengo County,,"Marengo County, AL",0109199999,647,771,871,1132,1320,NCNTY01091N01091,19180,AL
01,093,99999,Marion County,,"Marion County, AL",0109399999,535,591,776,1039,1302,NCNTY01093N01093,29203,AL
01,095,99999,Marshall County,,"Marshall County, AL",0109599999,622,626,822,1132,1136,NCNTY01095N01095,97923,AL
01,099,99999,Monroe County,,"Monroe County, AL",0109999999,576,619,776,1079,1254,NCNTY01099N01099,19816,AL
01,105,99999,Perry County,,"Perry County, AL",0110599999,621,662,836,1002,1247,NCNTY01105N01105,8479,AL
01,109,99999,Pike County,,"Pike County, AL",0110999999,760,780,1023,1227,1354,NCNTY01109N01109,32997,AL
01,111,99999,Randolph County,,"Randolph County, AL",0111199999,585,692,849,1041,1228,NCNTY01111N01111,22179,AL
01,119,99999,Sumter County,,"Sumter County, AL",0111999999,666,683,896,1246,1336,NCNTY01119N01119,12196,AL
01,121,99999,Talladega County,,"Talladega County, AL",0112199999,588,715,853,1161,1165,NCNTY01121N01121,81105,AL
01,123,99999,Tallapoosa County,,"Tallapoosa County, AL",0112399999,666,694,897,1078,1273,NCNTY01123N01123,41251,AL
01,129,99999,Washington County,,"Washington County, AL",0112999999,729,818,983,1292,1314,NCNTY01129N01129,15434,AL
01,131,99999,Wilcox County,,"Wilcox County, AL",0113199999,632,669,844,1174,1261,NCNTY01131N01131,10441,AL
01,133,99999,Winston County,,"Winston County, AL",0113399999,576,631,776,1070,1150,NCNTY01133N01133,23655,AL
02,020,99999,Anchorage Municipality,,"Anchorage, AK HUD Metro FMR Area",0202099999,1222,1318,1730,2406,2902,METRO11260M11260,290674,AK
02,170,99999,Matanuska-Susitna Borough,,"Matanuska-Susitna Borough, AK HUD Metro FMR Area",0217099999,1069,1105,1450,2017,2432,METRO11260N02170,108661,AK
02,090,99999,Fairbanks North Star Borough,,"Fairbanks-College, AK MSA",0209099999,1221,1350,1771,2463,2971,METRO21820M21820,96299,AK
02,013,99999,Aleutians East Borough,,"Aleutians East Borough, AK",0201399999,1034,1315,1442,1729,2375,NCNTY02013N02013,3407,AK
02,016,99999,Aleutians West Census Area,,"Aleutians West Census Area, AK",0201699999,1650,1753,2300,2783,3045,NCNTY02016N02016,5219,AK
02,050,99999,Bethel Census Area,,"Bethel Census Area, AK",0205099999,1879,1913,2157,2586,2856,NCNTY02050N02050,18538,AK
02,060,99999,Bristol Bay Borough,,"Bristol Bay Borough, AK",0206099999,955,1215,1332,1852,2194,NCNTY02060N02060,854,AK
02,063,99999,Chugach Census Area,,"Chugach Census Area, AK",0206399999,1080,1429,1567,2179,2629,NCNTY02063N02063,7000,AK
02,066,99999,Copper River Census Area,,"Copper River Census Area, AK",0206699999,827,949,1153,1604,1934,NCNTY02066N02066,2614,AK
02,068,99999,Denali Borough,,"Denali Borough, AK",0206899999,957,1051,1334,1855,2197,NCNTY02068N02068,2101,AK
02,070,99999,Dillingham Census Area,,"Dillingham Census Area, AK",0207099999,1046,1331,1459,2029,2403,NCNTY02070N02070,4854,AK
02,100,99999,Haines Borough,,"Haines Borough, AK",0210099999,1146,1259,1598,2158,2632,NCNTY02100N02100,2079,AK
02,105,99999,Hoonah-Angoon Census Area,,"Hoonah-Angoon Census Area, AK",0210599999,1069,1182,1551,1860,2054,NCNTY02105N02105,2329,AK
02,110,99999,Juneau City and Borough,,"Juneau City and Borough, AK",0211099999,1308,1446,1897,2555,2891,NCNTY02110N02110,32108,AK
02,122,99999,Kenai Peninsula Borough,,"Kenai Peninsula Borough, AK",0212299999,1065,1072,1407,1957,2360,NCNTY02122N02122,59235,AK
02,130,99999,Ketchikan Gateway Borough,,"Ketchikan Gateway Borough, AK",0213099999,1188,1313,1723,2396,2890,NCNTY02130N02130,13910,AK
02,150,99999,Kodiak Island Borough,,"Kodiak Island Borough, AK",0215099999,1562,1726,2265,2716,2999,NCNTY02150N02150,13065,AK
02,158,99999,Kusilvak Census Area,,Kusilvak Census Area,0215899999,708,778,987,1373,1626,NCNTY02158N02158,8372,AK
02,164,99999,Lake and Peninsula Borough,,"Lake and Peninsula Borough, AK",0216499999,768,929,1071,1446,1659,NCNTY02164N02164,999,AK
02,180,99999,Nome Census Area,,"Nome Census Area, AK",0218099999,1368,1487,1709,2377,2815,NCNTY02180N02180,10018,AK
02,185,99999,North Slope Borough,,"North Slope Borough, AK",0218599999,1234,1364,1790,2146,2952,NCNTY02185N02185,10924,AK
02,188,99999,Northwest Arctic Borough,,"Northwest Arctic Borough, AK",0218899999,1406,1554,2039,2691,2700,NCNTY02188N02188,7682,AK
02,195,99999,Petersburg Borough,,Petersburg Borough,0219599999,1127,1300,1571,1884,2171,NCNTY02195N02195,3374,AK
02,198,99999,Prince of Wales-Hyder Census Area,,"Prince of Wales-Hyder Census Area, AK",0219899999,898,1118,1252,1590,2062,NCNTY02198N02198,5799,AK
02,220,99999,Sitka City and Borough,,"Sitka City and Borough, AK",0222099999,1178,1447,1679,2335,2817,NCNTY02220N02220,8462,AK
02,230,99999,Skagway Municipality,,"Skagway Municipality, AK",0223099999,1255,1387,1820,2485,2997,NCNTY02230N02230,1303,AK
02,240,99999,Southeast Fairbanks Census Area,,"Southeast Fairbanks Census Area, AK",0224099999,1024,1303,1428,1986,2352,NCNTY02240N02240,6888,AK
02,275,99999,Wrangell City and Borough,,"Wrangell City and Borough, AK",0227599999,941,947,1243,1718,2085,NCNTY02275N02275,2134,AK
02,282,99999,Yakutat City and Borough,,"Yakutat City and Borough, AK",0228299999,1032,1134,1439,1818,2370,NCNTY02282N02282,564,AK
02,290,99999,Yukon-Koyukuk Census Area,,"Yukon-Koyukuk Census Area, AK",0229099999,1070,1111,1228,1708,2022,NCNTY02290N02290,5355,AK
04,005,99999,Coconino County,,"Flagstaff, AZ MSA",0400599999,1770,1914,2129,2596,2846,METRO22380M22380,144705,AZ
04,015,99999,Mohave County,,"Lake Havasu City-Kingman, AZ MSA",0401599999,1131,1139,1466,2037,2245,METRO29420M29420,214229,AZ
04,013,99999,Maricopa County,,"Phoenix-Mesa-Chandler, AZ MSA",0401399999,1588,1725,2004,2672,2964,METRO38060M38060,4430871,AZ
04,021,99999,Pinal County,,"Phoenix-Mesa-Chandler, AZ MSA",0402199999,1588,1725,2004,2672,2964,METRO38060M38060,433338,AZ
04,025,99999,Yavapai County,,"Prescott Valley-Prescott, AZ MSA",0402599999,1238,1435,1795,2496,2738,METRO39150M39150,237830,AZ
04,003,99999,Cochise County,,"Sierra Vista-Douglas, AZ MSA",0400399999,942,1180,1335,1857,2240,METRO43420M43420,125504,AZ
04,019,99999,Pima County,,"Tucson, AZ MSA",0401999999,1039,1162,1507,2096,2413,METRO46060M46060,1042393,AZ
04,027,99999,Yuma County,,"Yuma, AZ MSA",0402799999,1119,1126,1478,2023,2479,METRO49740M49740,204374,AZ
04,001,99999,Apache County,,"Apache County, AZ",0400199999,851,949,1234,1679,1920,NCNTY04001N04001,66054,AZ
04,007,99999,Gila County,,"Gila County, AZ",0400799999,1226,1234,1619,2049,2375,NCNTY04007N04007,53419,AZ
04,009,99999,Graham County,,"Graham County, AZ",0400999999,887,1024,1285,1724,2156,NCNTY04009N04009,38453,AZ
04,011,99999,Greenlee County,,"Greenlee County, AZ",0401199999,809,970,1174,1408,1763,NCNTY04011N04011,9483,AZ
04,012,99999,La Paz County,,"La Paz County, AZ",0401299999,916,922,1210,1683,2030,NCNTY04012N04012,16681,AZ
04,017,99999,Navajo County,,"Navajo County, AZ",0401799999,1051,1151,1469,1820,1945,NCNTY04017N04017,107110,AZ
04,023,99999,Santa Cruz County,,"Santa Cruz County, AZ",0402399999,807,892,1171,1629,1676,NCNTY04023N04023,47838,AZ
05,007,99999,Benton County,,"Fayetteville-Springdale-Rogers, AR MSA",0500799999,1086,1202,1452,2019,2385,METRO22220M22220,286528,AR
05,087,99999,Madison County,,"Fayetteville-Springdale-Rogers, AR MSA",0508799999,1086,1202,1452,2019,2385,METRO22220M22220,16737,AR
05,143,99999,Washington County,,"Fayetteville-Springdale-Rogers, AR MSA",0514399999,1086,1202,1452,2019,2385,METRO22220M22220,247331,AR
05,033,99999,Crawford County,,"Fort Smith, AR-OK MSA",0503399999,690,721,946,1279,1547,METRO22900M22900,60593,AR
05,131,99999,Sebastian County,,"Fort Smith, AR-OK MSA",0513199999,690,721,946,1279,1547,METRO22900M22900,128184,AR
05,051,99999,Garland County,,"Hot Springs, AR MSA",0505199999,871,877,1146,1465,1756,METRO26300M26300,100021,AR
05,031,99999,Craighead County,,"Jonesboro, AR HUD Metro FMR Area",0503199999,850,919,1099,1482,1564,METRO27860MM3700,111038,AR
05,111,99999,Poinsett County,,"Poinsett County, AR HUD Metro FMR Area",0511199999,698,702,902,1190,1194,METRO27860N05111,22997,AR
05,045,99999,Faulkner County,,"Little Rock-North Little Rock-Conway, AR HUD Metro FMR Area",0504599999,1044,1050,1217,1634,1933,METRO30780M30780,124611,AR
05,085,99999,Lonoke County,,"Little Rock-North Little Rock-Conway, AR HUD Metro FMR Area",0508599999,1044,1050,1217,1634,1933,METRO30780M30780,74292,AR
05,105,99999,Perry County,,"Little Rock-North Little Rock-Conway, AR HUD Metro FMR Area",0510599999,1044,1050,1217,1634,1933,METRO30780M30780,10055,AR
05,119,99999,Pulaski County,,"Little Rock-North Little Rock-Conway, AR HUD Metro FMR Area",0511999999,1044,1050,1217,1634,1933,METRO30780M30780,398322,AR
05,125,99999,Saline County,,"Little Rock-North Little Rock-Conway, AR HUD Metro FMR Area",0512599999,1044,1050,1217,1634,1933,METRO30780M30780,123988,AR
05,053,99999,Grant County,,"Grant County, AR HUD Metro FMR Area",0505399999,834,839,1016,1286,1615,METRO30780N05053,18022,AR
05,035,99999,Crittenden County,,"Memphis, TN-MS-AR HUD Metro FMR Area",0503599999,1159,1262,1393,1840,2142,METRO32820M32820,47945,AR
05,091,99999,Miller County,,"Texarkana, TX-Texarkana, AR HUD Metro FMR Area",0509199999,910,919,1166,1450,1755,METRO45500M45500,42682,AR
05,081,99999,Little River County,,"Little River County, AR HUD Metro FMR Area",0508199999,666,671,880,1166,1170,METRO45500N05081,12024,AR
05,001,99999,Arkansas County,,"Arkansas County, AR",0500199999,689,722,948,1192,1590,NCNTY05001N05001,17024,AR
05,003,99999,Ashley County,,"Ashley County, AR",0500399999,666,671,880,1055,1476,NCNTY05003N05003,19018,AR
05,005,99999,Baxter County,,"Baxter County, AR",0500599999,765,770,1010,1335,1337,NCNTY05005N05005,41801,AR
05,009,99999,Boone County,,"Boone County, AR",0500999999,607,671,880,1224,1343,NCNTY05009N05009,37662,AR
05,011,99999,Bradley County,,"Bradley County, AR",0501199999,630,710,880,1212,1476,NCNTY05011N05011,10461,AR
05,013,99999,Calhoun County,,"Calhoun County, AR",0501399999,797,848,1113,1334,1569,NCNTY05013N05013,4773,AR
05,015,99999,Carroll County,,"Carroll County, AR",0501599999,691,780,1002,1201,1412,NCNTY05015N05015,28362,AR
05,017,99999,Chicot County,,"Chicot County, AR",0501799999,649,691,907,1185,1282,NCNTY05017N05017,10234,AR
05,019,99999,Clark County,,"Clark County, AR",0501999999,772,772,930,1290,1433,NCNTY05019N05019,21469,AR
05,021,99999,Clay County,,"Clay County, AR",0502199999,658,671,880,1191,1240,NCNTY05021N05021,14537,AR
05,023,99999,Cleburne County,,"Cleburne County, AR",0502399999,720,774,1005,1293,1363,NCNTY05023N05023,24948,AR
05,025,99999,Cleveland County,,"Cleveland County, AR",0502599999,630,671,880,1055,1240,NCNTY05025N05025,7548,AR
05,027,99999,Columbia County,,"Columbia County, AR",0502799999,674,717,941,1241,1246,NCNTY05027N05027,22707,AR
05,029,99999,Conway County,,"Conway County, AR",0502999999,607,671,880,1224,1448,NCNTY05029N05029,20782,AR
05,037,99999,Cross County,,"Cross County, AR",0503799999,639,681,893,1242,1498,NCNTY05037N05037,16827,AR
05,039,99999,Dallas County,,"Dallas County, AR",0503999999,630,671,880,1207,1240,NCNTY05039N05039,6472,AR
05,041,99999,Desha County,,"Desha County, AR",0504199999,630,671,880,1208,1476,NCNTY05041N05041,11285,AR
05,043,99999,Drew County,,"Drew County, AR",0504399999,689,733,962,1270,1274,NCNTY05043N05043,17309,AR
05,047,99999,Franklin County,,"Franklin County, AR",0504799999,666,671,880,1094,1476,NCNTY05047N05047,17160,AR
05,049,99999,Fulton County,,"Fulton County, AR",0504999999,630,746,880,1145,1321,NCNTY05049N05049,12183,AR
05,055,99999,Greene County,,"Greene County, AR",0505599999,685,817,957,1331,1578,NCNTY05055N05055,45954,AR
05,057,99999,Hempstead County,,"Hempstead County, AR",0505799999,665,708,929,1216,1437,NCNTY05057N05057,20037,AR
05,059,99999,Hot Spring County,,"Hot Spring County, AR",0505999999,635,695,912,1197,1285,NCNTY05059N05059,33129,AR
05,061,99999,Howard County,,"Howard County, AR",0506199999,647,689,904,1084,1302,NCNTY05061N05061,12779,AR
05,063,99999,Independence County,,"Independence County, AR",0506399999,728,732,948,1250,1255,NCNTY05063N05063,37910,AR
05,065,99999,Izard County,,"Izard County, AR",0506599999,630,715,880,1202,1476,NCNTY05065N05065,13748,AR
05,067,99999,Jackson County,,"Jackson County, AR",0506799999,653,695,912,1093,1208,NCNTY05067N05067,16784,AR
05,069,99999,Jefferson County,,"Jefferson County, AR",0506999999,750,784,1009,1319,1336,NCNTY05069N05069,66934,AR
05,071,99999,Johnson County,,"Johnson County, AR",0507199999,657,700,918,1125,1294,NCNTY05071N05071,25925,AR
05,073,99999,Lafayette County,,"Lafayette County, AR",0507399999,630,671,880,1055,1240,NCNTY05073N05073,6277,AR
05,075,99999,Lawrence County,,"Lawrence County, AR",0507599999,652,694,910,1127,1422,NCNTY05075N05075,16258,AR
05,077,99999,Lee County,,"Lee County, AR",0507799999,649,691,907,1261,1278,NCNTY05077N05077,8666,AR
05,079,99999,Lincoln County,,"Lincoln County, AR",0507999999,630,671,880,1224,1240,NCNTY05079N05079,13016,AR
05,083,99999,Logan County,,"Logan County, AR",0508399999,607,803,880,1224,1362,NCNTY05083N05083,21247,AR
05,089,99999,Marion County,,"Marion County, AR",0508999999,684,729,956,1191,1347,NCNTY05089N05089,16905,AR
05,093,99999,Mississippi County,,"Mississippi County, AR",0509399999,658,707,928,1224,1229,NCNTY05093N05093,40361,AR
05,095,99999,Monroe County,,"Monroe County, AR",0509599999,660,671,880,1055,1240,NCNTY05095N05095,6787,AR
05,097,99999,Montgomery County,,"Montgomery County, AR",0509799999,630,803,880,1096,1240,NCNTY05097N05097,8555,AR
05,099,99999,Nevada County,,"Nevada County, AR",0509999999,687,731,959,1150,1352,NCNTY05099N05099,8292,AR
05,101,99999,Newton County,,"Newton County, AR",0510199999,614,803,880,1055,1476,NCNTY05101N05101,7243,AR
05,103,99999,Ouachita County,,"Ouachita County, AR",0510399999,634,698,885,1139,1247,NCNTY05103N05103,22606,AR
05,107,99999,Phillips County,,"Phillips County, AR",0510799999,630,671,880,1224,1407,NCNTY05107N05107,16373,AR
05,109,99999,Pike County,,"Pike County, AR",0510999999,630,803,880,1224,1274,NCNTY05109N05109,10205,AR
05,113,99999,Polk County,,"Polk County, AR",0511399999,669,733,935,1121,1238,NCNTY05113N05113,19384,AR
05,115,99999,Pope County,,"Pope County, AR",0511599999,674,745,978,1307,1312,NCNTY05115N05115,63475,AR
05,117,99999,Prairie County,,"Prairie County, AR",0511799999,674,718,942,1231,1328,NCNTY05117N05117,8217,AR
05,121,99999,Randolph County,,"Randolph County, AR",0512199999,630,681,880,1224,1282,NCNTY05121N05121,18619,AR
05,123,99999,St. Francis County,,"St. Francis County, AR",0512399999,690,735,964,1212,1368,NCNTY05123N05123,23138,AR
05,127,99999,Scott County,,"Scott County, AR",0512799999,661,703,923,1215,1301,NCNTY05127N05127,9871,AR
05,129,99999,Searcy County,,"Searcy County, AR",0512999999,630,671,880,1224,1240,NCNTY05129N05129,7880,AR
05,133,99999,Sevier County,,"Sevier County, AR",0513399999,666,671,880,1097,1210,NCNTY05133N05133,15913,AR
05,135,99999,Sharp County,,"Sharp County, AR",0513599999,659,671,880,1224,1432,NCNTY05135N05135,17422,AR
05,137,99999,Stone County,,"Stone County, AR",0513799999,684,729,956,1330,1347,NCNTY05137N05137,12393,AR
05,139,99999,Union County,,"Union County, AR",0513999999,771,776,997,1200,1405,NCNTY05139N05139,38815,AR
05,141,99999,Van Buren County,,"Van Buren County, AR",0514199999,630,671,880,1186,1240,NCNTY05141N05141,15900,AR
05,145,99999,White County,,"White County, AR",0514599999,667,777,932,1217,1234,NCNTY05145N05145,77118,AR
05,147,99999,Woodruff County,,"Woodruff County, AR",0514799999,630,803,880,1157,1240,NCNTY05147N05147,6259,AR
05,149,99999,Yell County,,"Yell County, AR",0514999999,687,692,880,1224,1358,NCNTY05149N05149,20342,AR
06,029,99999,Kern County,,"Bakersfield-Delano, CA MSA",0602999999,1211,1219,1586,2206,2661,METRO12540M12540,906883,CA
06,007,99999,Butte County,,"Chico, CA MSA",0600799999,1245,1369,1751,2435,2937,METRO17020M17020,213605,CA
06,025,99999,Imperial County,,"El Centro, CA MSA",0602599999,1005,1111,1458,1975,2446,METRO20940M20940,179578,CA
06,019,99999,Fresno County,,"Fresno, CA HUD Metro FMR Area",0601999999,1455,1464,1797,2499,2872,METRO23420M23420,1008280,CA
06,039,99999,Madera County,,"Madera County, CA HUD Metro FMR Area",0603999999,1140,1148,1487,2068,2458,METRO23420M31460,157243,CA
06,031,99999,Kings County,,"Hanford-Corcoran, CA MSA",0603199999,1249,1257,1596,2220,2663,METRO25260M25260,152515,CA
06,037,99999,Los Angeles County,,"Los Angeles-Long Beach-Glendale, CA HUD Metro FMR Area",0603799999,2048,2292,2859,3625,4036,METRO31080MM4480,9936690,CA
06,059,99999,Orange County,,"Santa Ana-Anaheim-Irvine, CA HUD Metro FMR Area",0605999999,2874,2943,3468,4708,5622,METRO31080MM5945,3175227,CA
06,047,99999,Merced County,,"Merced, CA MSA",0604799999,1196,1299,1610,2214,2681,METRO32900M32900,282290,CA
06,099,99999,Stanislaus County,,"Modesto, CA MSA",0609999999,1346,1453,1885,2618,3027,METRO33700M33700,552063,CA
06,055,99999,Napa County,,"Napa, CA MSA",0605599999,2093,2314,3036,3867,4526,METRO34900M34900,137384,CA
06,111,99999,Ventura County,,"Oxnard-Thousand Oaks-Ventura, CA MSA",0611199999,2173,2447,2929,3972,4612,METRO37100M37100,842009,CA
06,089,99999,Shasta County,,"Redding, CA MSA",0608999999,1259,1302,1708,2375,2865,METRO39820M39820,181852,CA
06,065,99999,Riverside County,,"Riverside-San Bernardino-Ontario, CA MSA",0606599999,1866,1959,2427,3211,3875,METRO40140M40140,2429487,CA
06,071,99999,San Bernardino County,,"Riverside-San Bernardino-Ontario, CA MSA",0607199999,1866,1959,2427,3211,3875,METRO40140M40140,2180563,CA
06,017,99999,El Dorado County,,"Sacramento--Roseville--Arden-Arcade, CA HUD Metro FMR Area",0601799999,1891,1983,2440,3248,3744,METRO40900M40900,191713,CA
06,061,99999,Placer County,,"Sacramento--Roseville--Arden-Arcade, CA HUD Metro FMR Area",0606199999,1891,1983,2440,3248,3744,METRO40900M40900,406608,CA
06,067,99999,Sacramento County,,"Sacramento--Roseville--Arden-Arcade, CA HUD Metro FMR Area",0606799999,1891,1983,2440,3248,3744,METRO40900M40900,1579211,CA
06,113,99999,Yolo County,,"Yolo, CA HUD Metro FMR Area",0611399999,1762,1773,2311,3204,3491,METRO40900MM9270,217141,CA
06,053,99999,Monterey County,,"Salinas, CA MSA",0605399999,2173,2232,2684,3623,3945,METRO41500M41500,437609,CA
06,073,99999,San Diego County,,"San Diego-Chula Vista-Carlsbad, CA MSA",0607399999,2482,2667,3255,4336,5255,METRO41740M41740,3289701,CA
06,001,99999,Alameda County,,"Oakland-Fremont, CA HUD Metro FMR Area",0600199999,2336,2601,3176,4061,4813,METRO41860MM5775,1663823,CA
06,013,99999,Contra Costa County,,"Oakland-Fremont, CA HUD Metro FMR Area",0601399999,2336,2601,3176,4061,4813,METRO41860MM5775,1162648,CA
06,041,99999,Marin County,,"San Francisco, CA HUD Metro FMR Area",0604199999,2808,3364,4072,5201,5391,METRO41860MM7360,260485,CA
06,075,99999,San Francisco County,,"San Francisco, CA HUD Metro FMR Area",0607599999,2808,3364,4072,5201,5391,METRO41860MM7360,851036,CA
06,081,99999,San Mateo County,,"San Francisco, CA HUD Metro FMR Area",0608199999,2808,3364,4072,5201,5391,METRO41860MM7360,754250,CA
06,085,99999,Santa Clara County,,"San Jose-Sunnyvale-Santa Clara, CA HUD Metro FMR Area",0608599999,2853,3246,3791,5009,5453,METRO41940M41940,1916831,CA
06,069,99999,San Benito County,,"San Benito County, CA HUD Metro FMR Area",0606999999,2248,2254,2958,4020,4271,METRO41940N06069,64753,CA
06,079,99999,San Luis Obispo County,,"San Luis Obispo-Paso Robles, CA MSA",0607999999,1848,2043,2680,3596,4119,METRO42020M42020,281712,CA
06,087,99999,Santa Cruz County,,"Santa Cruz-Watsonville, CA MSA",0608799999,3310,3434,4388,5599,5892,METRO42100M42100,268571,CA
06,083,99999,Santa Barbara County,,"Santa Maria-Santa Barbara, CA MSA",0608399999,2752,3073,3496,4560,5200,METRO42200M42200,445213,CA
06,097,99999,Sonoma County,,"Santa Rosa-Petaluma, CA MSA",0609799999,2064,2282,2994,4116,4392,METRO42220M42220,488436,CA
06,077,99999,San Joaquin County,,"Stockton-Lodi, CA MSA",0607799999,1411,1528,1909,2655,3202,METRO44700M44700,779445,CA
06,095,99999,Solano County,,"Vallejo, CA MSA",0609599999,1696,1839,2334,3088,3471,METRO46700M46700,450995,CA
06,107,99999,Tulare County,,"Visalia, CA MSA",0610799999,1202,1209,1587,2183,2576,METRO47300M47300,473446,CA
06,101,99999,Sutter County,,"Yuba City, CA MSA",0610199999,1249,1363,1661,2310,2786,METRO49700M49700,99101,CA
06,115,99999,Yuba County,,"Yuba City, CA MSA",0611599999,1249,1363,1661,2310,2786,METRO49700M49700,81705,CA
06,003,99999,Alpine County,,"Alpine County, CA",0600399999,1162,1267,1663,2313,2749,NCNTY06003N06003,1515,CA
06,005,99999,Amador County,,"Amador County, CA",0600599999,1479,1488,1810,2367,2893,NCNTY06005N06005,40577,CA
06,009,99999,Calaveras County,,"Calaveras County, CA",0600999999,1215,1325,1739,2419,2612,NCNTY06009N06009,45674,CA
06,011,99999,Colusa County,,"Colusa County, CA",0601199999,1065,1072,1406,1855,1862,NCNTY06011N06011,21811,CA
06,015,99999,Del Norte County,,"Del Norte County, CA",0601599999,1017,1299,1456,2025,2420,NCNTY06015N06015,27462,CA
06,021,99999,Glenn County,,"Glenn County, CA",0602199999,1003,1109,1455,1930,2328,NCNTY06021N06021,28657,CA
06,023,99999,Humboldt County,,"Humboldt County, CA",0602399999,1192,1271,1662,2311,2788,NCNTY06023N06023,136132,CA
06,027,99999,Inyo County,,"Inyo County, CA",0602799999,1178,1538,1686,2160,2828,NCNTY06027N06027,18829,CA
06,033,99999,Lake County,,"Lake County, CA",0603399999,1297,1306,1713,2382,2874,NCNTY06033N06033,68024,CA
06,035,99999,Lassen County,,"Lassen County, CA",0603599999,948,1092,1375,1912,2307,NCNTY06035N06035,31873,CA
06,043,99999,Mariposa County,,"Mariposa County, CA",0604399999,1078,1218,1542,2145,2587,NCNTY06043N06043,17130,CA
06,045,99999,Mendocino County,,"Mendocino County, CA",0604599999,1348,1386,1819,2530,2961,NCNTY06045N06045,91145,CA
06,049,99999,Modoc County,,"Modoc County, CA",0604999999,828,945,1185,1534,1959,NCNTY06049N06049,8651,CA
06,051,99999,Mono County,,"Mono County, CA",0605199999,1350,1762,1932,2687,3193,NCNTY06051N06051,13219,CA
06,057,99999,Nevada County,,"Nevada County, CA",0605799999,1484,1494,1960,2726,3288,NCNTY06057N06057,102322,CA
06,063,99999,Plumas County,,"Plumas County, CA",0606399999,1051,1161,1524,2120,2155,NCNTY06063N06063,19650,CA
06,091,99999,Sierra County,,"Sierra County, CA",0609199999,1162,1267,1663,2313,2749,NCNTY06091N06091,2916,CA
06,093,99999,Siskiyou County,,"Siskiyou County, CA",0609399999,1028,1034,1334,1855,2046,NCNTY06093N06093,44049,CA
06,103,99999,Tehama County,,"Tehama County, CA",0610399999,1024,1117,1466,2008,2459,NCNTY06103N06103,65484,CA
06,105,99999,Trinity County,,"Trinity County, CA",0610599999,881,974,1278,1739,1760,NCNTY06105N06105,15889,CA
06,109,99999,Tuolumne County,,"Tuolumne County, CA",0610999999,1208,1385,1752,2291,2939,NCNTY06109N06109,54993,CA
08,013,99999,Boulder County,,"Boulder, CO MSA",0801399999,1671,1932,2286,3035,3487,METRO14500M14500,328658,CO
08,041,99999,El Paso County,,"Colorado Springs, CO HUD Metro FMR Area",0804199999,1285,1573,1864,2592,2948,METRO17820M17820,730323,CO
08,119,99999,Teller County,,"Teller County, CO HUD Metro FMR Area",0811999999,1142,1511,1656,2303,2778,METRO17820N08119,24758,CO
08,001,99999,Adams County,,"Denver-Aurora-Centennial, CO MSA",0800199999,1769,1888,2249,2944,3283,METRO19740M19740,520149,CO
08,005,99999,Arapahoe County,,"Denver-Aurora-Centennial, CO MSA",0800599999,1769,1888,2249,2944,3283,METRO19740M19740,654453,CO
08,014,99999,Broomfield County,,"Denver-Aurora-Centennial, CO MSA",0801499999,1769,1888,2249,2944,3283,METRO19740M19740,73946,CO
08,019,99999,Clear Creek County,,"Denver-Aurora-Centennial, CO MSA",0801999999,1769,1888,2249,2944,3283,METRO19740M19740,9403,CO
08,031,99999,Denver County,,"Denver-Aurora-Centennial, CO MSA",0803199999,1769,1888,2249,2944,3283,METRO19740M19740,710800,CO
08,035,99999,Douglas County,,"Denver-Aurora-Centennial, CO MSA",0803599999,1769,1888,2249,2944,3283,METRO19740M19740,360206,CO
08,039,99999,Elbert County,,"Denver-Aurora-Centennial, CO MSA",0803999999,1769,1888,2249,2944,3283,METRO19740M19740,26457,CO
08,047,99999,Gilpin County,,"Denver-Aurora-Centennial, CO MSA",0804799999,1769,1888,2249,2944,3283,METRO19740M19740,5856,CO
08,059,99999,Jefferson County,,"Denver-Aurora-Centennial, CO MSA",0805999999,1769,1888,2249,2944,3283,METRO19740M19740,580519,CO
08,093,99999,Park County,,"Denver-Aurora-Centennial, CO MSA",0809399999,1769,1888,2249,2944,3283,METRO19740M19740,17597,CO
08,069,99999,Larimer County,,"Fort Collins-Loveland, CO MSA",0806999999,1628,1658,1869,2573,2741,METRO22660M22660,359363,CO
08,077,99999,Mesa County,,"Grand Junction, CO MSA",0807799999,955,1069,1354,1883,2271,METRO24300M24300,156131,CO
08,123,99999,Weld County,,"Greeley, CO MSA",0812399999,1280,1353,1708,2375,2830,METRO24540M24540,331466,CO
08,101,99999,Pueblo County,,"Pueblo, CO MSA",0810199999,947,1046,1373,1749,2048,METRO39380M39380,168135,CO
08,003,99999,Alamosa County,,"Alamosa County, CO",0800399999,814,885,1062,1477,1782,NCNTY08003N08003,16460,CO
08,007,99999,Archuleta County,,"Archuleta County, CO",0800799999,1221,1228,1439,2001,2414,NCNTY08007N08007,13509,CO
08,009,99999,Baca County,,"Baca County, CO",0800999999,746,771,973,1353,1525,NCNTY08009N08009,3496,CO
08,011,99999,Bent County,,"Bent County, CO",0801199999,841,847,1111,1545,1742,NCNTY08011N08011,5561,CO
08,015,99999,Chaffee County,,"Chaffee County, CO",0801599999,1252,1260,1653,2299,2592,NCNTY08015N08015,19564,CO
08,017,99999,Cheyenne County,,"Cheyenne County, CO",0801799999,823,828,1087,1398,1704,NCNTY08017N08017,1726,CO
08,021,99999,Conejos County,,"Conejos County, CO",0802199999,746,865,973,1332,1336,NCNTY08021N08021,7553,CO
08,023,99999,Costilla County,,"Costilla County, CO",0802399999,737,742,973,1353,1525,NCNTY08023N08023,3534,CO
08,025,99999,Crowley County,,"Crowley County, CO",0802599999,1040,1046,1373,1646,2153,NCNTY08025N08025,5782,CO
08,027,99999,Custer County,,"Custer County, CO",0802799999,1006,1010,1312,1573,2057,NCNTY08027N08027,4885,CO
08,029,99999,Delta County,,"Delta County, CO",0802999999,932,944,1215,1676,2038,NCNTY08029N08029,31173,CO
08,033,99999,Dolores County,,"Dolores County, CO",0803399999,896,1066,1168,1491,1831,NCNTY08033N08033,2329,CO
08,037,99999,Eagle County,,"Eagle County, CO",0803799999,1746,1930,2533,3037,3927,NCNTY08037N08037,55650,CO
08,043,99999,Fremont County,,"Fremont County, CO",0804399999,1002,1008,1323,1694,1752,NCNTY08043N08043,49107,CO
08,045,99999,Garfield County,,"Garfield County, CO",0804599999,1329,1338,1755,2441,2615,NCNTY08045N08045,61683,CO
08,049,99999,Grand County,,"Grand County, CO",0804999999,1215,1447,1620,1942,2718,NCNTY08049N08049,15724,CO
08,051,99999,Gunnison County,,"Gunnison County, CO",0805199999,1075,1217,1413,1965,2370,NCNTY08051N08051,17018,CO
08,053,99999,Hinsdale County,,"Hinsdale County, CO",0805399999,890,896,1176,1501,1844,NCNTY08053N08053,911,CO
08,055,99999,Huerfano County,,"Huerfano County, CO",0805599999,774,898,1122,1345,1759,NCNTY08055N08055,6896,CO
08,057,99999,Jackson County,,"Jackson County, CO",0805799999,766,771,1012,1292,1587,NCNTY08057N08057,1440,CO
08,061,99999,Kiowa County,,"Kiowa County, CO",0806199999,889,895,1174,1498,1841,NCNTY08061N08061,1347,CO
08,063,99999,Kit Carson County,,"Kit Carson County, CO",0806399999,916,922,1210,1451,1897,NCNTY08063N08063,7039,CO
08,065,99999,Lake County,,"Lake County, CO",0806599999,1385,1394,1829,2334,2867,NCNTY08065N08065,7403,CO
08,067,99999,La Plata County,,"La Plata County, CO",0806799999,1326,1360,1784,2181,2362,NCNTY08067N08067,55983,CO
08,071,99999,Las Animas County,,"Las Animas County, CO",0807199999,843,931,1222,1507,1618,NCNTY08071N08071,14422,CO
08,073,99999,Lincoln County,,"Lincoln County, CO",0807399999,790,796,1044,1452,1637,NCNTY08073N08073,5583,CO
08,075,99999,Logan County,,"Logan County, CO",0807599999,819,893,1172,1546,1552,NCNTY08075N08075,21302,CO
08,079,99999,Mineral County,,"Mineral County, CO",0807999999,1436,1446,1897,2421,2974,NCNTY08079N08079,794,CO
08,081,99999,Moffat County,,"Moffat County, CO",0808199999,921,927,1216,1458,1686,NCNTY08081N08081,13232,CO
08,083,99999,Montezuma County,,"Montezuma County, CO",0808399999,931,990,1289,1714,2021,NCNTY08083N08083,26070,CO
08,085,99999,Montrose County,,"Montrose County, CO",0808599999,949,956,1254,1744,2104,NCNTY08085N08085,42823,CO
08,087,99999,Morgan County,,"Morgan County, CO",0808799999,953,960,1259,1743,1979,NCNTY08087N08087,29045,CO
08,089,99999,Otero County,,"Otero County, CO",0808999999,774,779,1022,1368,1714,NCNTY08089N08089,18580,CO
08,091,99999,Ouray County,,"Ouray County, CO",0809199999,1329,1414,1733,2410,2717,NCNTY08091N08091,4936,CO
08,095,99999,Phillips County,,"Phillips County, CO",0809599999,860,866,1136,1450,1781,NCNTY08095N08095,4493,CO
08,097,99999,Pitkin County,,"Pitkin County, CO",0809799999,1675,2217,2430,3102,3810,NCNTY08097N08097,17325,CO
08,099,99999,Prowers County,,"Prowers County, CO",0809999999,746,888,973,1249,1542,NCNTY08099N08099,11968,CO
08,103,99999,Rio Blanco County,,"Rio Blanco County, CO",0810399999,812,818,1073,1366,1682,NCNTY08103N08103,6511,CO
08,105,99999,Rio Grande County,,"Rio Grande County, CO",0810599999,880,1024,1148,1376,1800,NCNTY08105N08105,11442,CO
08,107,99999,Routt County,,"Routt County, CO",0810799999,1862,1991,2182,2616,3421,NCNTY08107N08107,24944,CO
08,109,99999,Saguache County,,"Saguache County, CO",0810999999,803,856,1047,1391,1641,NCNTY08109N08109,6454,CO
08,111,99999,San Juan County,,"San Juan County, CO",0811199999,945,1194,1309,1610,2052,NCNTY08111N08111,690,CO
08,113,99999,San Miguel County,,"San Miguel County, CO",0811399999,1390,1399,1836,2553,2878,NCNTY08113N08113,8082,CO
08,115,99999,Sedgwick County,,"Sedgwick County, CO",0811599999,746,759,973,1167,1525,NCNTY08115N08115,2391,CO
08,117,99999,Summit County,,"Summit County, CO",0811799999,1826,2019,2649,3176,3509,NCNTY08117N08117,30955,CO
08,121,99999,Washington County,,"Washington County, CO",0812199999,912,914,1190,1427,1576,NCNTY08121N08121,4817,CO
08,125,99999,Yuma County,,"Yuma County, CO",0812599999,835,841,1103,1415,1460,NCNTY08125N08125,9938,CO
09,120,08070,Greater Bridgeport Planning Region,Bridgeport town,"Bridgeport-Stamford-Danbury, CT MSA",0912008070,1902,2307,2758,3335,3952,METRO14860M14860,148012,CT
09,120,23890,Greater Bridgeport Planning Region,Easton town,"Bridgeport-Stamford-Danbury, CT MSA",0912023890,1902,2307,2758,3335,3952,METRO14860M14860,7612,CT
09,120,26620,Greater Bridgeport Planning Region,Fairfield town,"Bridgeport-Stamford-Danbury, CT MSA",0912026620,1902,2307,2758,3335,3952,METRO14860M14860,62508,CT
09,120,48620,Greater Bridgeport Planning Region,Monroe town,"Bridgeport-Stamford-Danbury, CT MSA",0912048620,1902,2307,2758,3335,3952,METRO14860M14860,18833,CT
09,120,74190,Greater Bridgeport Planning Region,Stratford town,"Bridgeport-Stamford-Danbury, CT MSA",0912074190,1902,2307,2758,3335,3952,METRO14860M14860,52403,CT
09,120,77200,Greater Bridgeport Planning Region,Trumbull town,"Bridgeport-Stamford-Danbury, CT MSA",0912077200,1902,2307,2758,3335,3952,METRO14860M14860,36928,CT
09,190,04720,Western Connecticut Planning Region,Bethel town,"Bridgeport-Stamford-Danbury, CT MSA",0919004720,1902,2307,2758,3335,3952,METRO14860M14860,20498,CT
09,190,08210,Western Connecticut Planning Region,Bridgewater town,"Bridgeport-Stamford-Danbury, CT MSA",0919008210,1902,2307,2758,3335,3952,METRO14860M14860,1670,CT
09,190,08980,Western Connecticut Planning Region,Brookfield town,"Bridgeport-Stamford-Danbury, CT MSA",0919008980,1902,2307,2758,3335,3952,METRO14860M14860,17490,CT
09,190,18500,Western Connecticut Planning Region,Danbury town,"Bridgeport-Stamford-Danbury, CT MSA",0919018500,1902,2307,2758,3335,3952,METRO14860M14860,86086,CT
09,190,18850,Western Connecticut Planning Region,Darien town,"Bridgeport-Stamford-Danbury, CT MSA",0919018850,1902,2307,2758,3335,3952,METRO14860M14860,21683,CT
09,190,33620,Western Connecticut Planning Region,Greenwich town,"Bridgeport-Stamford-Danbury, CT MSA",0919033620,1902,2307,2758,3335,3952,METRO14860M14860,63505,CT
09,190,50580,Western Connecticut Planning Region,New Canaan town,"Bridgeport-Stamford-Danbury, CT MSA",0919050580,1902,2307,2758,3335,3952,METRO14860M14860,20704,CT
09,190,50860,Western Connecticut Planning Region,New Fairfield town,"Bridgeport-Stamford-Danbury, CT MSA",0919050860,1902,2307,2758,3335,3952,METRO14860M14860,13558,CT
09,190,52630,Western Connecticut Planning Region,New Milford town,"Bridgeport-Stamford-Danbury, CT MSA",0919052630,1902,2307,2758,3335,3952,METRO14860M14860,28161,CT
09,190,52980,Western Connecticut Planning Region,Newtown town,"Bridgeport-Stamford-Danbury, CT MSA",0919052980,1902,2307,2758,3335,3952,METRO14860M14860,27384,CT
09,190,56060,Western Connecticut Planning Region,Norwalk town,"Bridgeport-Stamford-Danbury, CT MSA",0919056060,1902,2307,2758,3335,3952,METRO14860M14860,91375,CT
09,190,63480,Western Connecticut Planning Region,Redding town,"Bridgeport-Stamford-Danbury, CT MSA",0919063480,1902,2307,2758,3335,3952,METRO14860M14860,8756,CT
09,190,63970,Western Connecticut Planning Region,Ridgefield town,"Bridgeport-Stamford-Danbury, CT MSA",0919063970,1902,2307,2758,3335,3952,METRO14860M14860,24992,CT
09,190,68310,Western Connecticut Planning Region,Sherman town,"Bridgeport-Stamford-Danbury, CT MSA",0919068310,1902,2307,2758,3335,3952,METRO14860M14860,3508,CT
09,190,73070,Western Connecticut Planning Region,Stamford town,"Bridgeport-Stamford-Danbury, CT MSA",0919073070,1902,2307,2758,3335,3952,METRO14860M14860,135806,CT
09,190,83430,Western Connecticut Planning Region,Weston town,"Bridgeport-Stamford-Danbury, CT MSA",0919083430,1902,2307,2758,3335,3952,METRO14860M14860,10335,CT
09,190,83500,Western Connecticut Planning Region,Westport town,"Bridgeport-Stamford-Danbury, CT MSA",0919083500,1902,2307,2758,3335,3952,METRO14860M14860,27282,CT
09,190,86370,Western Connecticut Planning Region,Wilton town,"Bridgeport-Stamford-Danbury, CT MSA",0919086370,1902,2307,2758,3335,3952,METRO14860M14860,18439,CT
09,110,01080,Capitol Planning Region,Andover town,"Hartford-West Hartford-East Hartford, CT MSA",0911001080,1373,1576,1991,2387,2709,METRO25540M25540,3148,CT
09,110,02060,Capitol Planning Region,Avon town,"Hartford-West Hartford-East Hartford, CT MSA",0911002060,1373,1576,1991,2387,2709,METRO25540M25540,18856,CT
09,110,04300,Capitol Planning Region,Berlin town,"Hartford-West Hartford-East Hartford, CT MSA",0911004300,1373,1576,1991,2387,2709,METRO25540M25540,20210,CT
09,110,05910,Capitol Planning Region,Bloomfield town,"Hartford-West Hartford-East Hartford, CT MSA",0911005910,1373,1576,1991,2387,2709,METRO25540M25540,21547,CT
09,110,06260,Capitol Planning Region,Bolton town,"Hartford-West Hartford-East Hartford, CT MSA",0911006260,1373,1576,1991,2387,2709,METRO25540M25540,4848,CT
09,110,12270,Capitol Planning Region,Canton town,"Hartford-West Hartford-East Hartford, CT MSA",0911012270,1373,1576,1991,2387,2709,METRO25540M25540,10108,CT
09,110,16400,Capitol Planning Region,Columbia town,"Hartford-West Hartford-East Hartford, CT MSA",0911016400,1373,1576,1991,2387,2709,METRO25540M25540,5268,CT
09,110,17800,Capitol Planning Region,Coventry town,"Hartford-West Hartford-East Hartford, CT MSA",0911017800,1373,1576,1991,2387,2709,METRO25540M25540,12267,CT
09,110,22070,Capitol Planning Region,East Granby town,"Hartford-West Hartford-East Hartford, CT MSA",0911022070,1373,1576,1991,2387,2709,METRO25540M25540,5214,CT
09,110,22630,Capitol Planning Region,East Hartford town,"Hartford-West Hartford-East Hartford, CT MSA",0911022630,1373,1576,1991,2387,2709,METRO25540M25540,50798,CT
09,110,24800,Capitol Planning Region,East Windsor town,"Hartford-West Hartford-East Hartford, CT MSA",0911024800,1373,1576,1991,2387,2709,METRO25540M25540,11157,CT
09,110,25360,Capitol Planning Region,Ellington town,"Hartford-West Hartford-East Hartford, CT MSA",0911025360,1373,1576,1991,2387,2709,METRO25540M25540,16700,CT
09,110,25990,Capitol Planning Region,Enfield town,"Hartford-West Hartford-East Hartford, CT MSA",0911025990,1373,1576,1991,2387,2709,METRO25540M25540,41100,CT
09,110,27600,Capitol Planning Region,Farmington town,"Hartford-West Hartford-East Hartford, CT MSA",0911027600,1373,1576,1991,2387,2709,METRO25540M25540,26685,CT
09,110,31240,Capitol Planning Region,Glastonbury town,"Hartford-West Hartford-East Hartford, CT MSA",0911031240,1373,1576,1991,2387,2709,METRO25540M25540,35136,CT
09,110,32640,Capitol Planning Region,Granby town,"Hartford-West Hartford-East Hartford, CT MSA",0911032640,1373,1576,1991,2387,2709,METRO25540M25540,11020,CT
09,110,37070,Capitol Planning Region,Hartford town,"Hartford-West Hartford-East Hartford, CT MSA",0911037070,1373,1576,1991,2387,2709,METRO25540M25540,119970,CT
09,110,37910,Capitol Planning Region,Hebron town,"Hartford-West Hartford-East Hartford, CT MSA",0911037910,1373,1576,1991,2387,2709,METRO25540M25540,9109,CT
09,110,44700,Capitol Planning Region,Manchester town,"Hartford-West Hartford-East Hartford, CT MSA",0911044700,1373,1576,1991,2387,2709,METRO25540M25540,59473,CT
09,110,44910,Capitol Planning Region,Mansfield town,"Hartford-West Hartford-East Hartford, CT MSA",0911044910,1373,1576,1991,2387,2709,METRO25540M25540,22454,CT
09,110,45820,Capitol Planning Region,Marlborough town,"Hartford-West Hartford-East Hartford, CT MSA",0911045820,1373,1576,1991,2387,2709,METRO25540M25540,6106,CT
09,110,50440,Capitol Planning Region,New Britain town,"Hartford-West Hartford-East Hartford, CT MSA",0911050440,1373,1576,1991,2387,2709,METRO25540M25540,73301,CT
09,110,52140,Capitol Planning Region,Newington town,"Hartford-West Hartford-East Hartford, CT MSA",0911052140,1373,1576,1991,2387,2709,METRO25540M25540,30551,CT
09,110,60120,Capitol Planning Region,Plainville town,"Hartford-West Hartford-East Hartford, CT MSA",0911060120,1373,1576,1991,2387,2709,METRO25540M25540,17468,CT
09,110,65370,Capitol Planning Region,Rocky Hill town,"Hartford-West Hartford-East Hartford, CT MSA",0911065370,1373,1576,1991,2387,2709,METRO25540M25540,20724,CT
09,110,68940,Capitol Planning Region,Simsbury town,"Hartford-West Hartford-East Hartford, CT MSA",0911068940,1373,1576,1991,2387,2709,METRO25540M25540,24747,CT
09,110,69220,Capitol Planning Region,Somers town,"Hartford-West Hartford-East Hartford, CT MSA",0911069220,1373,1576,1991,2387,2709,METRO25540M25540,10164,CT
09,110,70550,Capitol Planning Region,Southington town,"Hartford-West Hartford-East Hartford, CT MSA",0911070550,1373,1576,1991,2387,2709,METRO25540M25540,43575,CT
09,110,71390,Capitol Planning Region,South Windsor town,"Hartford-West Hartford-East Hartford, CT MSA",0911071390,1373,1576,1991,2387,2709,METRO25540M25540,26820,CT
09,110,72090,Capitol Planning Region,Stafford town,"Hartford-West Hartford-East Hartford, CT MSA",0911072090,1373,1576,1991,2387,2709,METRO25540M25540,11462,CT
09,110,74540,Capitol Planning Region,Suffield town,"Hartford-West Hartford-East Hartford, CT MSA",0911074540,1373,1576,1991,2387,2709,METRO25540M25540,15636,CT
09,110,76290,Capitol Planning Region,Tolland town,"Hartford-West Hartford-East Hartford, CT MSA",0911076290,1373,1576,1991,2387,2709,METRO25540M25540,14556,CT
09,110,78250,Capitol Planning Region,Vernon town,"Hartford-West Hartford-East Hartford, CT MSA",0911078250,1373,1576,1991,2387,2709,METRO25540M25540,30377,CT
09,110,82590,Capitol Planning Region,West Hartford town,"Hartford-West Hartford-East Hartford, CT MSA",0911082590,1373,1576,1991,2387,2709,METRO25540M25540,63809,CT
09,110,84900,Capitol Planning Region,Wethersfield town,"Hartford-West Hartford-East Hartford, CT MSA",0911084900,1373,1576,1991,2387,2709,METRO25540M25540,27180,CT
09,110,85950,Capitol Planning Region,Willington town,"Hartford-West Hartford-East Hartford, CT MSA",0911085950,1373,1576,1991,2387,2709,METRO25540M25540,5563,CT
09,110,87000,Capitol Planning Region,Windsor town,"Hartford-West Hartford-East Hartford, CT MSA",0911087000,1373,1576,1991,2387,2709,METRO25540M25540,29367,CT
09,110,87070,Capitol Planning Region,Windsor Locks town,"Hartford-West Hartford-East Hartford, CT MSA",0911087070,1373,1576,1991,2387,2709,METRO25540M25540,12555,CT
09,130,14300,Lower Connecticut River Valley Planning Region,Chester town,"Hartford-West Hartford-East Hartford, CT MSA",0913014300,1373,1576,1991,2387,2709,METRO25540M25540,3786,CT
09,130,15350,Lower Connecticut River Valley Planning Region,Clinton town,"Hartford-West Hartford-East Hartford, CT MSA",0913015350,1373,1576,1991,2387,2709,METRO25540M25540,13317,CT
09,130,18080,Lower Connecticut River Valley Planning Region,Cromwell town,"Hartford-West Hartford-East Hartford, CT MSA",0913018080,1373,1576,1991,2387,2709,METRO25540M25540,14301,CT
09,130,19130,Lower Connecticut River Valley Planning Region,Deep River town,"Hartford-West Hartford-East Hartford, CT MSA",0913019130,1373,1576,1991,2387,2709,METRO25540M25540,4432,CT
09,130,20810,Lower Connecticut River Valley Planning Region,Durham town,"Hartford-West Hartford-East Hartford, CT MSA",0913020810,1373,1576,1991,2387,2709,METRO25540M25540,7182,CT
09,130,22280,Lower Connecticut River Valley Planning Region,East Haddam town,"Hartford-West Hartford-East Hartford, CT MSA",0913022280,1373,1576,1991,2387,2709,METRO25540M25540,8934,CT
09,130,22490,Lower Connecticut River Valley Planning Region,East Hampton town,"Hartford-West Hartford-East Hartford, CT MSA",0913022490,1373,1576,1991,2387,2709,METRO25540M25540,12834,CT
09,130,26270,Lower Connecticut River Valley Planning Region,Essex town,"Hartford-West Hartford-East Hartford, CT MSA",0913026270,1373,1576,1991,2387,2709,METRO25540M25540,6766,CT
09,130,35230,Lower Connecticut River Valley Planning Region,Haddam town,"Hartford-West Hartford-East Hartford, CT MSA",0913035230,1373,1576,1991,2387,2709,METRO25540M25540,8562,CT
09,130,40710,Lower Connecticut River Valley Planning Region,Killingworth town,"Hartford-West Hartford-East Hartford, CT MSA",0913040710,1373,1576,1991,2387,2709,METRO25540M25540,6219,CT
09,130,44210,Lower Connecticut River Valley Planning Region,Lyme town,"Hartford-West Hartford-East Hartford, CT MSA",0913044210,1373,1576,1991,2387,2709,METRO25540M25540,2356,CT
09,130,47080,Lower Connecticut River Valley Planning Region,Middlefield town,"Hartford-West Hartford-East Hartford, CT MSA",0913047080,1373,1576,1991,2387,2709,METRO25540M25540,4236,CT
09,130,47360,Lower Connecticut River Valley Planning Region,Middletown town,"Hartford-West Hartford-East Hartford, CT MSA",0913047360,1373,1576,1991,2387,2709,METRO25540M25540,47646,CT
09,130,57040,Lower Connecticut River Valley Planning Region,Old Lyme town,"Hartford-West Hartford-East Hartford, CT MSA",0913057040,1373,1576,1991,2387,2709,METRO25540M25540,7644,CT
09,130,57320,Lower Connecticut River Valley Planning Region,Old Saybrook town,"Hartford-West Hartford-East Hartford, CT MSA",0913057320,1373,1576,1991,2387,2709,METRO25540M25540,10515,CT
09,130,61800,Lower Connecticut River Valley Planning Region,Portland town,"Hartford-West Hartford-East Hartford, CT MSA",0913061800,1373,1576,1991,2387,2709,METRO25540M25540,9421,CT
09,130,81680,Lower Connecticut River Valley Planning Region,Westbrook town,"Hartford-West Hartford-East Hartford, CT MSA",0913081680,1373,1576,1991,2387,2709,METRO25540M25540,6832,CT
09,170,04580,South Central Connecticut Planning Region,Bethany town,"New Haven, CT MSA",0917004580,1484,1722,2130,2632,3107,METRO35300M35300,5280,CT
09,170,07310,South Central Connecticut Planning Region,Branford town,"New Haven, CT MSA",0917007310,1484,1722,2130,2632,3107,METRO35300M35300,28090,CT
09,170,22910,South Central Connecticut Planning Region,East Haven town,"New Haven, CT MSA",0917022910,1484,1722,2130,2632,3107,METRO35300M35300,27729,CT
09,170,34950,South Central Connecticut Planning Region,Guilford town,"New Haven, CT MSA",0917034950,1484,1722,2130,2632,3107,METRO35300M35300,22037,CT
09,170,35650,South Central Connecticut Planning Region,Hamden town,"New Haven, CT MSA",0917035650,1484,1722,2130,2632,3107,METRO35300M35300,60297,CT
09,170,44560,South Central Connecticut Planning Region,Madison town,"New Haven, CT MSA",0917044560,1484,1722,2130,2632,3107,METRO35300M35300,17577,CT
09,170,46520,South Central Connecticut Planning Region,Meriden town,"New Haven, CT MSA",0917046520,1484,1722,2130,2632,3107,METRO35300M35300,60418,CT
09,170,47535,South Central Connecticut Planning Region,Milford town,"New Haven, CT MSA",0917047535,1484,1722,2130,2632,3107,METRO35300M35300,52340,CT
09,170,52070,South Central Connecticut Planning Region,New Haven town,"New Haven, CT MSA",0917052070,1484,1722,2130,2632,3107,METRO35300M35300,132893,CT
09,170,53890,South Central Connecticut Planning Region,North Branford town,"New Haven, CT MSA",0917053890,1484,1722,2130,2632,3107,METRO35300M35300,13487,CT
09,170,54870,South Central Connecticut Planning Region,North Haven town,"New Haven, CT MSA",0917054870,1484,1722,2130,2632,3107,METRO35300M35300,24177,CT
09,170,57600,South Central Connecticut Planning Region,Orange town,"New Haven, CT MSA",0917057600,1484,1722,2130,2632,3107,METRO35300M35300,14251,CT
09,170,78740,South Central Connecticut Planning Region,Wallingford town,"New Haven, CT MSA",0917078740,1484,1722,2130,2632,3107,METRO35300M35300,44039,CT
09,170,82870,South Central Connecticut Planning Region,West Haven town,"New Haven, CT MSA",0917082870,1484,1722,2130,2632,3107,METRO35300M35300,55147,CT
09,170,87700,South Central Connecticut Planning Region,Woodbridge town,"New Haven, CT MSA",0917087700,1484,1722,2130,2632,3107,METRO35300M35300,9041,CT
09,180,06820,Southeastern Connecticut Planning Region,Bozrah town,"Norwich-New London-Willimantic, CT MSA",0918006820,1385,1610,2009,2591,3217,METRO35980M35980,2373,CT
09,180,15910,Southeastern Connecticut Planning Region,Colchester town,"Norwich-New London-Willimantic, CT MSA",0918015910,1385,1610,2009,2591,3217,METRO35980M35980,15505,CT
09,180,23400,Southeastern Connecticut Planning Region,East Lyme town,"Norwich-New London-Willimantic, CT MSA",0918023400,1385,1610,2009,2591,3217,METRO35980M35980,18638,CT
09,180,29910,Southeastern Connecticut Planning Region,Franklin town,"Norwich-New London-Willimantic, CT MSA",0918029910,1385,1610,2009,2591,3217,METRO35980M35980,1925,CT
09,180,33900,Southeastern Connecticut Planning Region,Griswold town,"Norwich-New London-Willimantic, CT MSA",0918033900,1385,1610,2009,2591,3217,METRO35980M35980,11484,CT
09,180,34250,Southeastern Connecticut Planning Region,Groton town,"Norwich-New London-Willimantic, CT MSA",0918034250,1385,1610,2009,2591,3217,METRO35980M35980,38086,CT
09,180,42390,Southeastern Connecticut Planning Region,Lebanon town,"Norwich-New London-Willimantic, CT MSA",0918042390,1385,1610,2009,2591,3217,METRO35980M35980,7137,CT
09,180,42600,Southeastern Connecticut Planning Region,Ledyard town,"Norwich-New London-Willimantic, CT MSA",0918042600,1385,1610,2009,2591,3217,METRO35980M35980,15394,CT
09,180,43230,Southeastern Connecticut Planning Region,Lisbon town,"Norwich-New London-Willimantic, CT MSA",0918043230,1385,1610,2009,2591,3217,METRO35980M35980,4213,CT
09,180,48900,Southeastern Connecticut Planning Region,Montville town,"Norwich-New London-Willimantic, CT MSA",0918048900,1385,1610,2009,2591,3217,METRO35980M35980,18006,CT
09,180,52350,Southeastern Connecticut Planning Region,New London town,"Norwich-New London-Willimantic, CT MSA",0918052350,1385,1610,2009,2591,3217,METRO35980M35980,27199,CT
09,180,55500,Southeastern Connecticut Planning Region,North Stonington town,"Norwich-New London-Willimantic, CT MSA",0918055500,1385,1610,2009,2591,3217,METRO35980M35980,5154,CT
09,180,56270,Southeastern Connecticut Planning Region,Norwich town,"Norwich-New London-Willimantic, CT MSA",0918056270,1385,1610,2009,2591,3217,METRO35980M35980,39992,CT
09,180,62150,Southeastern Connecticut Planning Region,Preston town,"Norwich-New London-Willimantic, CT MSA",0918062150,1385,1610,2009,2591,3217,METRO35980M35980,4812,CT
09,180,66210,Southeastern Connecticut Planning Region,Salem town,"Norwich-New London-Willimantic, CT MSA",0918066210,1385,1610,2009,2591,3217,METRO35980M35980,4247,CT
09,180,71670,Southeastern Connecticut Planning Region,Sprague town,"Norwich-New London-Willimantic, CT MSA",0918071670,1385,1610,2009,2591,3217,METRO35980M35980,2945,CT
09,180,73770,Southeastern Connecticut Planning Region,Stonington town,"Norwich-New London-Willimantic, CT MSA",0918073770,1385,1610,2009,2591,3217,METRO35980M35980,18381,CT
09,180,80280,Southeastern Connecticut Planning Region,Waterford town,"Norwich-New London-Willimantic, CT MSA",0918080280,1385,1610,2009,2591,3217,METRO35980M35980,19629,CT
09,180,86790,Southeastern Connecticut Planning Region,Windham town,"Norwich-New London-Willimantic, CT MSA",0918086790,1385,1610,2009,2591,3217,METRO35980M35980,23905,CT
09,140,01220,Naugatuck Valley Planning Region,Ansonia town,"Waterbury-Shelton, CT MSA",0914001220,1325,1537,1902,2350,2774,METRO47930M47930,18951,CT
09,140,03250,Naugatuck Valley Planning Region,Beacon Falls town,"Waterbury-Shelton, CT MSA",0914003250,1325,1537,1902,2350,2774,METRO47930M47930,6089,CT
09,140,04930,Naugatuck Valley Planning Region,Bethlehem town,"Waterbury-Shelton, CT MSA",0914004930,1325,1537,1902,2350,2774,METRO47930M47930,3398,CT
09,140,08490,Naugatuck Valley Planning Region,Bristol town,"Waterbury-Shelton, CT MSA",0914008490,1325,1537,1902,2350,2774,METRO47930M47930,61129,CT
09,140,14160,Naugatuck Valley Planning Region,Cheshire town,"Waterbury-Shelton, CT MSA",0914014160,1325,1537,1902,2350,2774,METRO47930M47930,28852,CT
09,140,19550,Naugatuck Valley Planning Region,Derby town,"Waterbury-Shelton, CT MSA",0914019550,1325,1537,1902,2350,2774,METRO47930M47930,12359,CT
09,140,46940,Naugatuck Valley Planning Region,Middlebury town,"Waterbury-Shelton, CT MSA",0914046940,1325,1537,1902,2350,2774,METRO47930M47930,7736,CT
09,140,49950,Naugatuck Valley Planning Region,Naugatuck town,"Waterbury-Shelton, CT MSA",0914049950,1325,1537,1902,2350,2774,METRO47930M47930,31634,CT
09,140,58300,Naugatuck Valley Planning Region,Oxford town,"Waterbury-Shelton, CT MSA",0914058300,1325,1537,1902,2350,2774,METRO47930M47930,12870,CT
09,140,60750,Naugatuck Valley Planning Region,Plymouth town,"Waterbury-Shelton, CT MSA",0914060750,1325,1537,1902,2350,2774,METRO47930M47930,11715,CT
09,140,62290,Naugatuck Valley Planning Region,Prospect town,"Waterbury-Shelton, CT MSA",0914062290,1325,1537,1902,2350,2774,METRO47930M47930,9414,CT
09,140,67610,Naugatuck Valley Planning Region,Seymour town,"Waterbury-Shelton, CT MSA",0914067610,1325,1537,1902,2350,2774,METRO47930M47930,16799,CT
09,140,68170,Naugatuck Valley Planning Region,Shelton town,"Waterbury-Shelton, CT MSA",0914068170,1325,1537,1902,2350,2774,METRO47930M47930,41402,CT
09,140,69640,Naugatuck Valley Planning Region,Southbury town,"Waterbury-Shelton, CT MSA",0914069640,1325,1537,1902,2350,2774,METRO47930M47930,19973,CT
09,140,75730,Naugatuck Valley Planning Region,Thomaston town,"Waterbury-Shelton, CT MSA",0914075730,1325,1537,1902,2350,2774,METRO47930M47930,7476,CT
09,140,80070,Naugatuck Valley Planning Region,Waterbury town,"Waterbury-Shelton, CT MSA",0914080070,1325,1537,1902,2350,2774,METRO47930M47930,114356,CT
09,140,80490,Naugatuck Valley Planning Region,Watertown town,"Waterbury-Shelton, CT MSA",0914080490,1325,1537,1902,2350,2774,METRO47930M47930,22171,CT
09,140,87560,Naugatuck Valley Planning Region,Wolcott town,"Waterbury-Shelton, CT MSA",0914087560,1325,1537,1902,2350,2774,METRO47930M47930,16192,CT
09,140,87910,Naugatuck Valley Planning Region,Woodbury town,"Waterbury-Shelton, CT MSA",0914087910,1325,1537,1902,2350,2774,METRO47930M47930,9787,CT
09,150,01430,Northeastern Connecticut Planning Region,Ashford town,"Northeastern Connecticut Planning Region, CT",0915001430,1159,1369,1681,2166,2442,NCNTY09150N09150,4220,CT
09,150,09190,Northeastern Connecticut Planning Region,Brooklyn town,"Northeastern Connecticut Planning Region, CT",0915009190,1159,1369,1681,2166,2442,NCNTY09150N09150,8456,CT
09,150,12130,Northeastern Connecticut Planning Region,Canterbury town,"Northeastern Connecticut Planning Region, CT",0915012130,1159,1369,1681,2166,2442,NCNTY09150N09150,5082,CT
09,150,13810,Northeastern Connecticut Planning Region,Chaplin town,"Northeastern Connecticut Planning Region, CT",0915013810,1159,1369,1681,2166,2442,NCNTY09150N09150,2168,CT
09,150,21860,Northeastern Connecticut Planning Region,Eastford town,"Northeastern Connecticut Planning Region, CT",0915021860,1159,1369,1681,2166,2442,NCNTY09150N09150,1616,CT
09,150,36000,Northeastern Connecticut Planning Region,Hampton town,"Northeastern Connecticut Planning Region, CT",0915036000,1159,1369,1681,2166,2442,NCNTY09150N09150,1628,CT
09,150,40500,Northeastern Connecticut Planning Region,Killingly town,"Northeastern Connecticut Planning Region, CT",0915040500,1159,1369,1681,2166,2442,NCNTY09150N09150,17785,CT
09,150,59980,Northeastern Connecticut Planning Region,Plainfield town,"Northeastern Connecticut Planning Region, CT",0915059980,1159,1369,1681,2166,2442,NCNTY09150N09150,15079,CT
09,150,61030,Northeastern Connecticut Planning Region,Pomfret town,"Northeastern Connecticut Planning Region, CT",0915061030,1159,1369,1681,2166,2442,NCNTY09150N09150,4294,CT
09,150,62710,Northeastern Connecticut Planning Region,Putnam town,"Northeastern Connecticut Planning Region, CT",0915062710,1159,1369,1681,2166,2442,NCNTY09150N09150,9256,CT
09,150,67400,Northeastern Connecticut Planning Region,Scotland town,"Northeastern Connecticut Planning Region, CT",0915067400,1159,1369,1681,2166,2442,NCNTY09150N09150,1524,CT
09,150,73420,Northeastern Connecticut Planning Region,Sterling town,"Northeastern Connecticut Planning Region, CT",0915073420,1159,1369,1681,2166,2442,NCNTY09150N09150,3601,CT
09,150,75870,Northeastern Connecticut Planning Region,Thompson town,"Northeastern Connecticut Planning Region, CT",0915075870,1159,1369,1681,2166,2442,NCNTY09150N09150,9275,CT
09,150,77830,Northeastern Connecticut Planning Region,Union town,"Northeastern Connecticut Planning Region, CT",0915077830,1159,1369,1681,2166,2442,NCNTY09150N09150,991,CT
09,150,78600,Northeastern Connecticut Planning Region,Voluntown town,"Northeastern Connecticut Planning Region, CT",0915078600,1159,1369,1681,2166,2442,NCNTY09150N09150,2587,CT
09,150,88190,Northeastern Connecticut Planning Region,Woodstock town,"Northeastern Connecticut Planning Region, CT",0915088190,1159,1369,1681,2166,2442,NCNTY09150N09150,8267,CT
09,160,02760,Northwest Hills Planning Region,Barkhamsted town,"Northwest Hills Planning Region, CT",0916002760,1182,1397,1715,2209,2491,NCNTY09160N09160,3652,CT
09,160,10100,Northwest Hills Planning Region,Burlington town,"Northwest Hills Planning Region, CT",0916010100,1182,1397,1715,2209,2491,NCNTY09160N09160,9613,CT
09,160,10940,Northwest Hills Planning Region,Canaan town,"Northwest Hills Planning Region, CT",0916010940,1182,1397,1715,2209,2491,NCNTY09160N09160,1140,CT
09,160,16050,Northwest Hills Planning Region,Colebrook town,"Northwest Hills Planning Region, CT",0916016050,1182,1397,1715,2209,2491,NCNTY09160N09160,1463,CT
09,160,17240,Northwest Hills Planning Region,Cornwall town,"Northwest Hills Planning Region, CT",0916017240,1182,1397,1715,2209,2491,NCNTY09160N09160,1438,CT
09,160,32290,Northwest Hills Planning Region,Goshen town,"Northwest Hills Planning Region, CT",0916032290,1182,1397,1715,2209,2491,NCNTY09160N09160,3181,CT
09,160,37140,Northwest Hills Planning Region,Hartland town,"Northwest Hills Planning Region, CT",0916037140,1182,1397,1715,2209,2491,NCNTY09160N09160,1881,CT
09,160,37280,Northwest Hills Planning Region,Harwinton town,"Northwest Hills Planning Region, CT",0916037280,1182,1397,1715,2209,2491,NCNTY09160N09160,5529,CT
09,160,40290,Northwest Hills Planning Region,Kent town,"Northwest Hills Planning Region, CT",0916040290,1182,1397,1715,2209,2491,NCNTY09160N09160,3041,CT
09,160,43370,Northwest Hills Planning Region,Litchfield town,"Northwest Hills Planning Region, CT",0916043370,1182,1397,1715,2209,2491,NCNTY09160N09160,8249,CT
09,160,49460,Northwest Hills Planning Region,Morris town,"Northwest Hills Planning Region, CT",0916049460,1182,1397,1715,2209,2491,NCNTY09160N09160,2100,CT
09,160,51350,Northwest Hills Planning Region,New Hartford town,"Northwest Hills Planning Region, CT",0916051350,1182,1397,1715,2209,2491,NCNTY09160N09160,6684,CT
09,160,53470,Northwest Hills Planning Region,Norfolk town,"Northwest Hills Planning Region, CT",0916053470,1182,1397,1715,2209,2491,NCNTY09160N09160,1732,CT
09,160,54030,Northwest Hills Planning Region,North Canaan town,"Northwest Hills Planning Region, CT",0916054030,1182,1397,1715,2209,2491,NCNTY09160N09160,3200,CT
09,160,65930,Northwest Hills Planning Region,Roxbury town,"Northwest Hills Planning Region, CT",0916065930,1182,1397,1715,2209,2491,NCNTY09160N09160,2184,CT
09,160,66420,Northwest Hills Planning Region,Salisbury town,"Northwest Hills Planning Region, CT",0916066420,1182,1397,1715,2209,2491,NCNTY09160N09160,4206,CT
09,160,67960,Northwest Hills Planning Region,Sharon town,"Northwest Hills Planning Region, CT",0916067960,1182,1397,1715,2209,2491,NCNTY09160N09160,2710,CT
09,160,76570,Northwest Hills Planning Region,Torrington town,"Northwest Hills Planning Region, CT",0916076570,1182,1397,1715,2209,2491,NCNTY09160N09160,35481,CT
09,160,79510,Northwest Hills Planning Region,Warren town,"Northwest Hills Planning Region, CT",0916079510,1182,1397,1715,2209,2491,NCNTY09160N09160,1474,CT
09,160,79720,Northwest Hills Planning Region,Washington town,"Northwest Hills Planning Region, CT",0916079720,1182,1397,1715,2209,2491,NCNTY09160N09160,3648,CT
09,160,86440,Northwest Hills Planning Region,Winchester town,"Northwest Hills Planning Region, CT",0916086440,1182,1397,1715,2209,2491,NCNTY09160N09160,10242,CT
10,001,99999,Kent County,,"Dover, DE MSA",1000199999,1252,1260,1589,2210,2470,METRO20100M20100,182400,DE
10,003,99999,New Castle County,,"Philadelphia-Camden-Wilmington, PA-NJ-DE-MD MSA",1000399999,1516,1650,1964,2355,2629,METRO37980M37980,570567,DE
10,005,99999,Sussex County,,"Sussex County, DE",1000599999,1191,1199,1573,1975,2442,NCNTY10005N10005,240668,DE
11,001,99999,District of Columbia,,"Washington-Arlington-Alexandria, DC-VA-MD HUD Metro FMR Area",1100199999,2111,2177,2427,3063,3601,METRO47900M47900,670587,DC
12,071,99999,Lee County,,"Cape Coral-Fort Myers, FL MSA",1207199999,1758,1769,2117,2764,3062,METRO15980M15980,772902,FL
12,091,99999,Okaloosa County,,"Crestview-Fort Walton Beach-Destin, FL HUD Metro FMR Area",1209199999,1471,1707,1928,2645,3218,METRO18880M18880,212021,FL
12,131,99999,Walton County,,"Walton County, FL HUD Metro FMR Area",1213199999,1327,1561,1711,2380,2870,METRO18880N12131,76618,FL
12,127,99999,Volusia County,,"Deltona-Daytona Beach-Ormond Beach, FL HUD Metro FMR Area",1212799999,1293,1486,1825,2405,2608,METRO19660M19660,558520,FL
12,035,99999,Flagler County,,"Palm Coast, FL HUD Metro FMR Area",1203599999,1373,1539,1940,2651,3004,METRO19660M37380,117515,FL
12,075,99999,Levy County,,"Levy County, FL HUD Metro FMR Area",1207599999,805,910,1067,1357,1413,METRO23540M12075,43268,FL
12,001,99999,Alachua County,,"Gainesville, FL HUD Metro FMR Area",1200199999,1263,1364,1635,2046,2165,METRO23540M23540,279729,FL
12,041,99999,Gilchrist County,,"Gainesville, FL HUD Metro FMR Area",1204199999,1263,1364,1635,2046,2165,METRO23540M23540,18070,FL
12,017,99999,Citrus County,,"Homosassa Springs, FL MSA",1201799999,1071,1078,1337,1859,2200,METRO26140M26140,155173,FL
12,019,99999,Clay County,,"Jacksonville, FL HUD Metro FMR Area",1201999999,1484,1513,1816,2238,2806,METRO27260M27260,219650,FL
12,031,99999,Duval County,,"Jacksonville, FL HUD Metro FMR Area",1203199999,1484,1513,1816,2238,2806,METRO27260M27260,995708,FL
12,089,99999,Nassau County,,"Jacksonville, FL HUD Metro FMR Area",1208999999,1484,1513,1816,2238,2806,METRO27260M27260,91538,FL
12,109,99999,St. Johns County,,"Jacksonville, FL HUD Metro FMR Area",1210999999,1484,1513,1816,2238,2806,METRO27260M27260,278722,FL
12,003,99999,Baker County,,"Baker County, FL HUD Metro FMR Area",1200399999,965,986,1179,1616,1826,METRO27260N12003,27969,FL
12,105,99999,Polk County,,"Lakeland-Winter Haven, FL MSA",1210599999,1333,1338,1628,2200,2731,METRO29460M29460,736229,FL
12,011,99999,Broward County,,"Fort Lauderdale, FL HUD Metro FMR Area",1201199999,1869,2044,2510,3460,4099,METRO33100MM2680,1940907,FL
12,086,99999,Miami-Dade County,,"Miami-Miami Beach-Kendall, FL HUD Metro FMR Area",1208699999,1970,2151,2626,3370,3895,METRO33100MM5000,2688237,FL
12,099,99999,Palm Beach County,,"West Palm Beach-Boca Raton, FL HUD Metro FMR Area",1209999999,1940,2063,2446,3169,3677,METRO33100MM8960,1494805,FL
12,021,99999,Collier County,,"Naples-Marco Island, FL MSA",1202199999,1528,1967,2174,2826,3071,METRO34940M34940,380221,FL
12,081,99999,Manatee County,,"North Port-Bradenton-Sarasota, FL MSA",1208199999,1559,1854,2153,2790,3328,METRO35840M35840,405069,FL
12,115,99999,Sarasota County,,"North Port-Bradenton-Sarasota, FL MSA",1211599999,1559,1854,2153,2790,3328,METRO35840M35840,439392,FL
12,083,99999,Marion County,,"Ocala, FL MSA",1208399999,1209,1259,1474,1903,2045,METRO36100M36100,378225,FL
12,069,99999,Lake County,,"Orlando-Kissimmee-Sanford, FL MSA",1206999999,1793,1881,2143,2690,3177,METRO36740M36740,386829,FL
12,095,99999,Orange County,,"Orlando-Kissimmee-Sanford, FL MSA",1209599999,1793,1881,2143,2690,3177,METRO36740M36740,1427403,FL
12,097,99999,Osceola County,,"Orlando-Kissimmee-Sanford, FL MSA",1209799999,1793,1881,2143,2690,3177,METRO36740M36740,393745,FL
12,117,99999,Seminole County,,"Orlando-Kissimmee-Sanford, FL MSA",1211799999,1793,1881,2143,2690,3177,METRO36740M36740,471321,FL
12,009,99999,Brevard County,,"Palm Bay-Melbourne-Titusville, FL MSA",1200999999,1380,1611,1863,2540,2883,METRO37340M37340,610723,FL
12,005,99999,Bay County,,"Panama City, FL HUD Metro FMR Area",1200599999,1565,1624,1845,2379,2949,METRO37460M37460,181055,FL
12,133,99999,Washington County,,"Washington County, FL HUD Metro FMR Area",1213399999,985,1055,1156,1429,1822,METRO37460N12133,25014,FL
12,033,99999,Escambia County,,"Pensacola-Ferry Pass-Brent, FL MSA",1203399999,1203,1360,1592,2113,2569,METRO37860M37860,321296,FL
12,113,99999,Santa Rosa County,,"Pensacola-Ferry Pass-Brent, FL MSA",1211399999,1203,1360,1592,2113,2569,METRO37860M37860,188994,FL
12,085,99999,Martin County,,"Port St. Lucie, FL MSA",1208599999,1595,1608,1926,2654,2827,METRO38940M38940,159399,FL
12,111,99999,St. Lucie County,,"Port St. Lucie, FL MSA",1211199999,1595,1608,1926,2654,2827,METRO38940M38940,334682,FL
12,015,99999,Charlotte County,,"Punta Gorda, FL MSA",1201599999,1255,1263,1592,2210,2519,METRO39460M39460,189900,FL
12,061,99999,Indian River County,,"Sebastian-Vero Beach-West Vero Corridor, FL MSA",1206199999,1305,1314,1724,2103,2892,METRO42680M42680,160986,FL
12,055,99999,Highlands County,,"Sebring, FL MSA",1205599999,918,1054,1331,1611,2113,METRO42700M42700,102339,FL
12,039,99999,Gadsden County,,"Tallahassee, FL HUD Metro FMR Area",1203999999,1187,1302,1463,1811,1937,METRO45220M45220,43746,FL
12,065,99999,Jefferson County,,"Tallahassee, FL HUD Metro FMR Area",1206599999,1187,1302,1463,1811,1937,METRO45220M45220,14458,FL
12,073,99999,Leon County,,"Tallahassee, FL HUD Metro FMR Area",1207399999,1187,1302,1463,1811,1937,METRO45220M45220,294128,FL
12,129,99999,Wakulla County,,"Wakulla County, FL HUD Metro FMR Area",1212999999,1034,1134,1267,1649,1678,METRO45220N12129,33732,FL
12,053,99999,Hernando County,,"Tampa-St. Petersburg-Clearwater, FL MSA",1205399999,1743,1854,2162,2764,3365,METRO45300M45300,196621,FL
12,057,99999,Hillsborough County,,"Tampa-St. Petersburg-Clearwater, FL MSA",1205799999,1743,1854,2162,2764,3365,METRO45300M45300,1468560,FL
12,101,99999,Pasco County,,"Tampa-St. Petersburg-Clearwater, FL MSA",1210199999,1743,1854,2162,2764,3365,METRO45300M45300,569211,FL
12,103,99999,Pinellas County,,"Tampa-St. Petersburg-Clearwater, FL MSA",1210399999,1743,1854,2162,2764,3365,METRO45300M45300,959918,FL
12,119,99999,Sumter County,,"Wildwood-The Villages, FL MSA",1211999999,1212,1283,1496,1865,2182,METRO48680M48680,131832,FL
12,007,99999,Bradford County,,"Bradford County, FL",1200799999,1021,1069,1172,1499,1966,NCNTY12007N12007,27816,FL
12,013,99999,Calhoun County,,"Calhoun County, FL",1201399999,848,888,973,1283,1288,NCNTY12013N12013,13753,FL
12,023,99999,Columbia County,,"Columbia County, FL",1202399999,1049,1096,1396,1674,1848,NCNTY12023N12023,69832,FL
12,027,99999,DeSoto County,,"DeSoto County, FL",1202799999,1124,1131,1290,1774,1990,NCNTY12027N12027,34258,FL
12,029,99999,Dixie County,,"Dixie County, FL",1202999999,943,950,1246,1644,1650,NCNTY12029N12029,16737,FL
12,037,99999,Franklin County,,"Franklin County, FL",1203799999,1183,1212,1358,1791,1798,NCNTY12037N12037,12276,FL
12,043,99999,Glades County,,"Glades County, FL",1204399999,1091,1117,1252,1516,1658,NCNTY12043N12043,12179,FL
12,045,99999,Gulf County,,"Gulf County, FL",1204599999,1404,1414,1855,2224,2456,NCNTY12045N12045,15002,FL
12,047,99999,Hamilton County,,"Hamilton County, FL",1204799999,943,966,1083,1429,1434,NCNTY12047N12047,13492,FL
12,049,99999,Hardee County,,"Hardee County, FL",1204999999,1134,1140,1337,1812,2243,NCNTY12049N12049,25528,FL
12,051,99999,Hendry County,,"Hendry County, FL",1205199999,1168,1175,1386,1709,2044,NCNTY12051N12051,39902,FL
12,059,99999,Holmes County,,"Holmes County, FL",1205999999,995,1042,1142,1507,1512,NCNTY12059N12059,19529,FL
12,063,99999,Jackson County,,"Jackson County, FL",1206399999,787,870,1142,1501,1512,NCNTY12063N12063,47704,FL
12,067,99999,Lafayette County,,"Lafayette County, FL",1206799999,1197,1226,1374,1647,1819,NCNTY12067N12067,8107,FL
12,077,99999,Liberty County,,"Liberty County, FL",1207799999,1064,1090,1222,1679,2050,NCNTY12077N12077,7704,FL
12,079,99999,Madison County,,"Madison County, FL",1207999999,926,1028,1152,1485,1637,NCNTY12079N12079,17986,FL
12,087,99999,Monroe County,,"Monroe County, FL",1208799999,1966,2519,2852,3762,3776,NCNTY12087N12087,82044,FL
12,093,99999,Okeechobee County,,"Okeechobee County, FL",1209399999,1106,1113,1452,1780,1922,NCNTY12093N12093,39870,FL
12,107,99999,Putnam County,,"Putnam County, FL",1210799999,961,967,1269,1595,1680,NCNTY12107N12107,73604,FL
12,121,99999,Suwannee County,,"Suwannee County, FL",1212199999,1019,1067,1170,1564,1658,NCNTY12121N12121,43881,FL
12,123,99999,Taylor County,,"Taylor County, FL",1212399999,909,932,1044,1377,1386,NCNTY12123N12123,21421,FL
12,125,99999,Union County,,"Union County, FL",1212599999,913,919,1206,1514,1597,NCNTY12125N12125,15524,FL
13,095,99999,Dougherty County,,"Albany, GA MSA",1309599999,1045,1087,1221,1659,2009,METRO10500M10500,85038,GA
13,177,99999,Lee County,,"Albany, GA MSA",1317799999,1045,1087,1221,1659,2009,METRO10500M10500,32968,GA
13,273,99999,Terrell County,,"Albany, GA MSA",1327399999,1045,1087,1221,1659,2009,METRO10500M10500,9004,GA
13,321,99999,Worth County,,"Albany, GA MSA",1332199999,1045,1087,1221,1659,2009,METRO10500M10500,20706,GA
13,059,99999,Clarke County,,"Athens-Clarke County, GA MSA",1305999999,1281,1307,1471,1917,2023,METRO12020M12020,128864,GA
13,195,99999,Madison County,,"Athens-Clarke County, GA MSA",1319599999,1281,1307,1471,1917,2023,METRO12020M12020,30378,GA
13,219,99999,Oconee County,,"Athens-Clarke County, GA MSA",1321999999,1281,1307,1471,1917,2023,METRO12020M12020,41978,GA
13,221,99999,Oglethorpe County,,"Athens-Clarke County, GA MSA",1322199999,1281,1307,1471,1917,2023,METRO12020M12020,14974,GA
13,013,99999,Barrow County,,"Atlanta-Sandy Springs-Roswell, GA HUD Metro FMR Area",1301399999,1739,1821,1996,2393,2857,METRO12060M12060,84399,GA
13,015,99999,Bartow County,,"Atlanta-Sandy Springs-Roswell, GA HUD Metro FMR Area",1301599999,1739,1821,1996,2393,2857,METRO12060M12060,109410,GA
13,045,99999,Carroll County,,"Atlanta-Sandy Springs-Roswell, GA HUD Metro FMR Area",1304599999,1739,1821,1996,2393,2857,METRO12060M12060,120060,GA
13,057,99999,Cherokee County,,"Atlanta-Sandy Springs-Roswell, GA HUD Metro FMR Area",1305799999,1739,1821,1996,2393,2857,METRO12060M12060,268567,GA
13,063,99999,Clayton County,,"Atlanta-Sandy Springs-Roswell, GA HUD Metro FMR Area",1306399999,1739,1821,1996,2393,2857,METRO12060M12060,296312,GA
13,067,99999,Cobb County,,"Atlanta-Sandy Springs-Roswell, GA HUD Metro FMR Area",1306799999,1739,1821,1996,2393,2857,METRO12060M12060,765813,GA
13,077,99999,Coweta County,,"Atlanta-Sandy Springs-Roswell, GA HUD Metro FMR Area",1307799999,1739,1821,1996,2393,2857,METRO12060M12060,147449,GA
13,085,99999,Dawson County,,"Atlanta-Sandy Springs-Roswell, GA HUD Metro FMR Area",1308599999,1739,1821,1996,2393,2857,METRO12060M12060,27355,GA
13,089,99999,DeKalb County,,"Atlanta-Sandy Springs-Roswell, GA HUD Metro FMR Area",1308999999,1739,1821,1996,2393,2857,METRO12060M12060,761209,GA
13,097,99999,Douglas County,,"Atlanta-Sandy Springs-Roswell, GA HUD Metro FMR Area",1309799999,1739,1821,1996,2393,2857,METRO12060M12060,144735,GA
13,113,99999,Fayette County,,"Atlanta-Sandy Springs-Roswell, GA HUD Metro FMR Area",1311399999,1739,1821,1996,2393,2857,METRO12060M12060,119259,GA
13,117,99999,Forsyth County,,"Atlanta-Sandy Springs-Roswell, GA HUD Metro FMR Area",1311799999,1739,1821,1996,2393,2857,METRO12060M12060,253225,GA
13,121,99999,Fulton County,,"Atlanta-Sandy Springs-Roswell, GA HUD Metro FMR Area",1312199999,1739,1821,1996,2393,2857,METRO12060M12060,1061944,GA
13,135,99999,Gwinnett County,,"Atlanta-Sandy Springs-Roswell, GA HUD Metro FMR Area",1313599999,1739,1821,1996,2393,2857,METRO12060M12060,957977,GA
13,149,99999,Heard County,,"Atlanta-Sandy Springs-Roswell, GA HUD Metro FMR Area",1314999999,1739,1821,1996,2393,2857,METRO12060M12060,11489,GA
13,151,99999,Henry County,,"Atlanta-Sandy Springs-Roswell, GA HUD Metro FMR Area",1315199999,1739,1821,1996,2393,2857,METRO12060M12060,240853,GA
13,159,99999,Jasper County,,"Atlanta-Sandy Springs-Roswell, GA HUD Metro FMR Area",1315999999,1739,1821,1996,2393,2857,METRO12060M12060,14882,GA
13,217,99999,Newton County,,"Atlanta-Sandy Springs-Roswell, GA HUD Metro FMR Area",1321799999,1739,1821,1996,2393,2857,METRO12060M12060,113298,GA
13,223,99999,Paulding County,,"Atlanta-Sandy Springs-Roswell, GA HUD Metro FMR Area",1322399999,1739,1821,1996,2393,2857,METRO12060M12060,169898,GA
13,227,99999,Pickens County,,"Atlanta-Sandy Springs-Roswell, GA HUD Metro FMR Area",1322799999,1739,1821,1996,2393,2857,METRO12060M12060,33439,GA
13,231,99999,Pike County,,"Atlanta-Sandy Springs-Roswell, GA HUD Metro FMR Area",1323199999,1739,1821,1996,2393,2857,METRO12060M12060,19145,GA
13,247,99999,Rockdale County,,"Atlanta-Sandy Springs-Roswell, GA HUD Metro FMR Area",1324799999,1739,1821,1996,2393,2857,METRO12060M12060,93641,GA
13,255,99999,Spalding County,,"Atlanta-Sandy Springs-Roswell, GA HUD Metro FMR Area",1325599999,1739,1821,1996,2393,2857,METRO12060M12060,67415,GA
13,297,99999,Walton County,,"Atlanta-Sandy Springs-Roswell, GA HUD Metro FMR Area",1329799999,1739,1821,1996,2393,2857,METRO12060M12060,97752,GA
13,035,99999,Butts County,,"Butts County, GA HUD Metro FMR Area",1303599999,1071,1118,1230,1632,2063,METRO12060N13035,25522,GA
13,143,99999,Haralson County,,"Haralson County, GA HUD Metro FMR Area",1314399999,881,886,1163,1413,1805,METRO12060N13143,30178,GA
13,187,99999,Lumpkin County,,"Lumpkin County, GA HUD Metro FMR Area",1318799999,1238,1296,1421,1800,2384,METRO12060N13187,33405,GA
13,199,99999,Meriwether County,,"Meriwether County, GA HUD Metro FMR Area",1319999999,838,844,1107,1540,1671,METRO12060N13199,20679,GA
13,211,99999,Morgan County,,"Morgan County, GA HUD Metro FMR Area",1321199999,1297,1358,1489,1785,2498,METRO12060N13211,20171,GA
13,033,99999,Burke County,,"Augusta-Richmond County, GA-SC HUD Metro FMR Area",1303399999,1019,1208,1368,1765,2152,METRO12260M12260,24337,GA
13,073,99999,Columbia County,,"Augusta-Richmond County, GA-SC HUD Metro FMR Area",1307399999,1019,1208,1368,1765,2152,METRO12260M12260,156921,GA
13,189,99999,McDuffie County,,"Augusta-Richmond County, GA-SC HUD Metro FMR Area",1318999999,1019,1208,1368,1765,2152,METRO12260M12260,21715,GA
13,245,99999,Richmond County,,"Augusta-Richmond County, GA-SC HUD Metro FMR Area",1324599999,1019,1208,1368,1765,2152,METRO12260M12260,206153,GA
13,181,99999,Lincoln County,,"Lincoln County, GA HUD Metro FMR Area",1318199999,758,774,1015,1331,1344,METRO12260N13181,7726,GA
13,025,99999,Brantley County,,"Brunswick-St. Simons, GA MSA",1302599999,1117,1193,1396,1674,2058,METRO15260M15260,18105,GA
13,127,99999,Glynn County,,"Brunswick-St. Simons, GA MSA",1312799999,1117,1193,1396,1674,2058,METRO15260M15260,84566,GA
13,191,99999,McIntosh County,,"Brunswick-St. Simons, GA MSA",1319199999,1117,1193,1396,1674,2058,METRO15260M15260,11183,GA
13,047,99999,Catoosa County,,"Chattanooga, TN-GA MSA",1304799999,1336,1394,1534,1913,2044,METRO16860M16860,68052,GA
13,083,99999,Dade County,,"Chattanooga, TN-GA MSA",1308399999,1336,1394,1534,1913,2044,METRO16860M16860,16239,GA
13,295,99999,Walker County,,"Chattanooga, TN-GA MSA",1329599999,1336,1394,1534,1913,2044,METRO16860M16860,68065,GA
13,259,99999,Stewart County,,"Stewart County, GA HUD Metro FMR Area",1325999999,803,844,974,1294,1352,METRO17980M13259,5121,GA
13,263,99999,Talbot County,,"Talbot County, GA HUD Metro FMR Area",1326399999,966,1014,1171,1629,1830,METRO17980M13263,5793,GA
13,053,99999,Chattahoochee County,,"Columbus, GA-AL HUD Metro FMR Area",1305399999,960,1007,1167,1550,1827,METRO17980M17980,9402,GA
13,145,99999,Harris County,,"Columbus, GA-AL HUD Metro FMR Area",1314599999,960,1007,1167,1550,1827,METRO17980M17980,34914,GA
13,197,99999,Marion County,,"Columbus, GA-AL HUD Metro FMR Area",1319799999,960,1007,1167,1550,1827,METRO17980M17980,7508,GA
13,215,99999,Muscogee County,,"Columbus, GA-AL HUD Metro FMR Area",1321599999,960,1007,1167,1550,1827,METRO17980M17980,204572,GA
13,313,99999,Whitfield County,,"Dalton, GA HUD Metro FMR Area",1331399999,828,959,1196,1559,2002,METRO19140M19140,103033,GA
13,213,99999,Murray County,,"Murray County, GA HUD Metro FMR Area",1321399999,783,892,1089,1515,1821,METRO19140N13213,40063,GA
13,139,99999,Hall County,,"Gainesville, GA MSA",1313999999,1255,1473,1615,1957,2269,METRO23580M23580,204953,GA
13,179,99999,Liberty County,,"Hinesville, GA HUD Metro FMR Area",1317999999,1328,1390,1524,2024,2557,METRO25980M25980,65550,GA
13,183,99999,Long County,,"Long County, GA HUD Metro FMR Area",1318399999,1098,1150,1261,1568,2115,METRO25980N13183,16804,GA
13,021,99999,Bibb County,,"Macon-Bibb County, GA HUD Metro FMR Area",1302199999,1189,1269,1432,1717,1896,METRO31420M31420,156554,GA
13,079,99999,Crawford County,,"Macon-Bibb County, GA HUD Metro FMR Area",1307999999,1189,1269,1432,1717,1896,METRO31420M31420,12156,GA
13,169,99999,Jones County,,"Macon-Bibb County, GA HUD Metro FMR Area",1316999999,1189,1269,1432,1717,1896,METRO31420M31420,28382,GA
13,289,99999,Twiggs County,,"Macon-Bibb County, GA HUD Metro FMR Area",1328999999,1189,1269,1432,1717,1896,METRO31420M31420,7955,GA
13,207,99999,Monroe County,,"Monroe County, GA HUD Metro FMR Area",1320799999,1030,1097,1229,1474,1662,METRO31420N13207,28287,GA
13,115,99999,Floyd County,,"Rome, GA MSA",1311599999,902,1013,1308,1690,1784,METRO40660M40660,98541,GA
13,029,99999,Bryan County,,"Savannah, GA MSA",1302999999,1596,1680,1842,2450,2792,METRO42340M42340,44995,GA
13,051,99999,Chatham County,,"Savannah, GA MSA",1305199999,1596,1680,1842,2450,2792,METRO42340M42340,296266,GA
13,103,99999,Effingham County,,"Savannah, GA MSA",1310399999,1596,1680,1842,2450,2792,METRO42340M42340,65314,GA
13,027,99999,Brooks County,,"Valdosta, GA MSA",1302799999,978,985,1274,1692,2046,METRO46660M46660,16275,GA
13,101,99999,Echols County,,"Valdosta, GA MSA",1310199999,978,985,1274,1692,2046,METRO46660M46660,3707,GA
13,173,99999,Lanier County,,"Valdosta, GA MSA",1317399999,978,985,1274,1692,2046,METRO46660M46660,9964,GA
13,185,99999,Lowndes County,,"Valdosta, GA MSA",1318599999,978,985,1274,1692,2046,METRO46660M46660,118257,GA
13,153,99999,Houston County,,"Warner Robins, GA HUD Metro FMR Area",1315399999,1188,1312,1463,1956,2307,METRO47580M47580,164117,GA
13,225,99999,Peach County,,"Peach County, GA HUD Metro FMR Area",1322599999,958,1115,1222,1586,1618,METRO47580N13225,28054,GA
13,001,99999,Appling County,,"Appling County, GA",1300199999,765,770,973,1313,1608,NCNTY13001N13001,18441,GA
13,003,99999,Atkinson County,,"Atkinson County, GA",1300399999,755,760,973,1168,1395,NCNTY13003N13003,8265,GA
13,005,99999,Bacon County,,"Bacon County, GA",1300599999,822,827,1045,1453,1498,NCNTY13005N13005,11138,GA
13,007,99999,Baker County,,"Baker County, GA",1300799999,765,770,973,1353,1395,NCNTY13007N13007,2878,GA
13,009,99999,Baldwin County,,"Baldwin County, GA",1300999999,827,944,1133,1358,1559,NCNTY13009N13009,43778,GA
13,011,99999,Banks County,,"Banks County, GA",1301199999,765,770,973,1217,1395,NCNTY13011N13011,18381,GA
13,017,99999,Ben Hill County,,"Ben Hill County, GA",1301799999,788,793,973,1167,1395,NCNTY13017N13017,17169,GA
13,019,99999,Berrien County,,"Berrien County, GA",1301999999,737,742,973,1353,1632,NCNTY13019N13019,18187,GA
13,023,99999,Bleckley County,,"Bleckley County, GA",1302399999,737,742,973,1266,1395,NCNTY13023N13023,12413,GA
13,031,99999,Bulloch County,,"Bulloch County, GA",1303199999,858,949,1245,1515,1648,NCNTY13031N13031,79829,GA
13,037,99999,Calhoun County,,"Calhoun County, GA",1303799999,765,770,973,1353,1474,NCNTY13037N13037,5594,GA
13,039,99999,Camden County,,"Camden County, GA",1303999999,1176,1261,1382,1922,2253,NCNTY13039N13039,55105,GA
13,043,99999,Candler County,,"Candler County, GA",1304399999,765,770,973,1353,1632,NCNTY13043N13043,10946,GA
13,049,99999,Charlton County,,"Charlton County, GA",1304999999,819,825,1082,1297,1551,NCNTY13049N13049,12547,GA
13,055,99999,Chattooga County,,"Chattooga County, GA",1305599999,789,794,973,1353,1632,NCNTY13055N13055,24902,GA
13,061,99999,Clay County,,"Clay County, GA",1306199999,822,827,1045,1307,1498,NCNTY13061N13061,2855,GA
13,065,99999,Clinch County,,"Clinch County, GA",1306599999,765,770,973,1353,1395,NCNTY13065N13065,6713,GA
13,069,99999,Coffee County,,"Coffee County, GA",1306999999,675,885,973,1275,1610,NCNTY13069N13069,43056,GA
13,071,99999,Colquitt County,,"Colquitt County, GA",1307199999,805,810,1063,1275,1738,NCNTY13071N13071,45813,GA
13,075,99999,Cook County,,"Cook County, GA",1307599999,772,776,981,1325,1370,NCNTY13075N13075,17242,GA
13,081,99999,Crisp County,,"Crisp County, GA",1308199999,825,831,1030,1235,1364,NCNTY13081N13081,20255,GA
13,087,99999,Decatur County,,"Decatur County, GA",1308799999,889,892,1021,1350,1352,NCNTY13087N13087,29063,GA
13,091,99999,Dodge County,,"Dodge County, GA",1309199999,757,762,1000,1199,1324,NCNTY13091N13091,19977,GA
13,093,99999,Dooly County,,"Dooly County, GA",1309399999,765,770,973,1283,1288,NCNTY13093N13093,11236,GA
13,099,99999,Early County,,"Early County, GA",1309999999,782,888,973,1238,1340,NCNTY13099N13099,10753,GA
13,105,99999,Elbert County,,"Elbert County, GA",1310599999,874,880,1130,1355,1496,NCNTY13105N13105,19570,GA
13,107,99999,Emanuel County,,"Emanuel County, GA",1310799999,832,892,978,1246,1641,NCNTY13107N13107,22907,GA
13,109,99999,Evans County,,"Evans County, GA",1310999999,763,768,1008,1209,1335,NCNTY13109N13109,10759,GA
13,111,99999,Fannin County,,"Fannin County, GA",1311199999,762,767,1007,1369,1374,NCNTY13111N13111,25436,GA
13,119,99999,Franklin County,,"Franklin County, GA",1311999999,805,810,1063,1275,1524,NCNTY13119N13119,23480,GA
13,123,99999,Gilmer County,,"Gilmer County, GA",1312399999,792,921,1149,1505,1928,NCNTY13123N13123,31519,GA
13,125,99999,Glascock County,,"Glascock County, GA",1312599999,822,827,1045,1307,1498,NCNTY13125N13125,2903,GA
13,129,99999,Gordon County,,"Gordon County, GA",1312999999,745,884,1072,1491,1686,NCNTY13129N13129,57785,GA
13,131,99999,Grady County,,"Grady County, GA",1313199999,762,767,1007,1390,1542,NCNTY13131N13131,26075,GA
13,133,99999,Greene County,,"Greene County, GA",1313399999,819,824,993,1347,1352,NCNTY13133N13133,19020,GA
13,137,99999,Habersham County,,"Habersham County, GA",1313799999,931,936,1115,1487,1492,NCNTY13137N13137,46326,GA
13,141,99999,Hancock County,,"Hancock County, GA",1314199999,765,770,973,1252,1632,NCNTY13141N13141,8588,GA
13,147,99999,Hart County,,"Hart County, GA",1314799999,882,888,1127,1351,1616,NCNTY13147N13147,26110,GA
13,155,99999,Irwin County,,"Irwin County, GA",1315599999,951,957,1209,1450,1733,NCNTY13155N13155,9487,GA
13,157,99999,Jackson County,,"Jackson County, GA",1315799999,1058,1082,1243,1599,2085,NCNTY13157N13157,77033,GA
13,161,99999,Jeff Davis County,,"Jeff Davis County, GA",1316199999,765,770,973,1167,1417,NCNTY13161N13161,14791,GA
13,163,99999,Jefferson County,,"Jefferson County, GA",1316399999,788,793,973,1167,1452,NCNTY13163N13163,15591,GA
13,165,99999,Jenkins County,,"Jenkins County, GA",1316599999,765,770,973,1353,1395,NCNTY13165N13165,8704,GA
13,167,99999,Johnson County,,"Johnson County, GA",1316799999,828,888,973,1181,1395,NCNTY13167N13167,9225,GA
13,171,99999,Lamar County,,"Lamar County, GA",1317199999,818,823,1056,1469,1602,NCNTY13171N13171,18676,GA
13,175,99999,Laurens County,,"Laurens County, GA",1317599999,688,761,998,1317,1656,NCNTY13175N13175,49407,GA
13,193,99999,Macon County,,"Macon County, GA",1319399999,737,742,973,1167,1632,NCNTY13193N13193,12099,GA
13,201,99999,Miller County,,"Miller County, GA",1320199999,765,770,973,1353,1407,NCNTY13201N13201,5923,GA
13,205,99999,Mitchell County,,"Mitchell County, GA",1320599999,828,888,973,1275,1468,NCNTY13205N13205,21634,GA
13,209,99999,Montgomery County,,"Montgomery County, GA",1320999999,737,742,973,1353,1632,NCNTY13209N13209,8687,GA
13,229,99999,Pierce County,,"Pierce County, GA",1322999999,805,810,1063,1275,1407,NCNTY13229N13229,19822,GA
13,233,99999,Polk County,,"Polk County, GA",1323399999,809,815,1069,1354,1415,NCNTY13233N13233,43019,GA
13,235,99999,Pulaski County,,"Pulaski County, GA",1323599999,882,886,1036,1322,1485,NCNTY13235N13235,9887,GA
13,237,99999,Putnam County,,"Putnam County, GA",1323799999,923,929,1174,1601,1683,NCNTY13237N13237,22206,GA
13,239,99999,Quitman County,,"Quitman County, GA",1323999999,822,827,1045,1307,1498,NCNTY13239N13239,2180,GA
13,241,99999,Rabun County,,"Rabun County, GA",1324199999,811,896,1176,1636,1776,NCNTY13241N13241,16915,GA
13,243,99999,Randolph County,,"Randolph County, GA",1324399999,815,821,1077,1291,1426,NCNTY13243N13243,6365,GA
13,249,99999,Schley County,,"Schley County, GA",1324999999,765,770,973,1342,1395,NCNTY13249N13249,4565,GA
13,251,99999,Screven County,,"Screven County, GA",1325199999,737,742,973,1222,1395,NCNTY13251N13251,14026,GA
13,253,99999,Seminole County,,"Seminole County, GA",1325399999,780,785,992,1373,1422,NCNTY13253N13253,9117,GA
13,257,99999,Stephens County,,"Stephens County, GA",1325799999,813,819,1074,1361,1802,NCNTY13257N13257,26732,GA
13,261,99999,Sumter County,,"Sumter County, GA",1326199999,874,880,1155,1385,1529,NCNTY13261N13261,29378,GA
13,265,99999,Taliaferro County,,"Taliaferro County, GA",1326599999,822,827,1045,1307,1498,NCNTY13265N13265,1635,GA
13,267,99999,Tattnall County,,"Tattnall County, GA",1326799999,737,742,973,1167,1632,NCNTY13267N13267,24309,GA
13,269,99999,Taylor County,,"Taylor County, GA",1326999999,828,888,973,1353,1395,NCNTY13269N13269,7799,GA
13,271,99999,Telfair County,,"Telfair County, GA",1327199999,828,852,973,1215,1288,NCNTY13271N13271,12619,GA
13,275,99999,Thomas County,,"Thomas County, GA",1327599999,1087,1138,1248,1581,1652,NCNTY13275N13275,45665,GA
13,277,99999,Tift County,,"Tift County, GA",1327799999,809,866,1027,1239,1543,NCNTY13277N13277,41247,GA
13,279,99999,Toombs County,,"Toombs County, GA",1327999999,779,784,973,1293,1297,NCNTY13279N13279,26946,GA
13,281,99999,Towns County,,"Towns County, GA",1328199999,828,888,973,1353,1632,NCNTY13281N13281,12546,GA
13,283,99999,Treutlen County,,"Treutlen County, GA",1328399999,737,742,973,1167,1395,NCNTY13283N13283,6411,GA
13,285,99999,Troup County,,"Troup County, GA",1328599999,905,1066,1313,1642,2004,NCNTY13285N13285,69527,GA
13,287,99999,Turner County,,"Turner County, GA",1328799999,765,770,973,1283,1288,NCNTY13287N13287,8894,GA
13,291,99999,Union County,,"Union County, GA",1329199999,803,808,1060,1465,1778,NCNTY13291N13291,24880,GA
13,293,99999,Upson County,,"Upson County, GA",1329399999,862,924,1013,1336,1341,NCNTY13293N13293,27638,GA
13,299,99999,Ware County,,"Ware County, GA",1329999999,808,813,1067,1279,1673,NCNTY13299N13299,35917,GA
13,301,99999,Warren County,,"Warren County, GA",1330199999,765,770,973,1283,1632,NCNTY13301N13301,5197,GA
13,303,99999,Washington County,,"Washington County, GA",1330399999,876,882,1105,1325,1470,NCNTY13303N13303,19975,GA
13,305,99999,Wayne County,,"Wayne County, GA",1330599999,805,810,1063,1275,1639,NCNTY13305N13305,30277,GA
13,307,99999,Webster County,,"Webster County, GA",1330799999,822,827,1045,1307,1498,NCNTY13307N13307,2354,GA
13,309,99999,Wheeler County,,"Wheeler County, GA",1330999999,768,773,976,1170,1399,NCNTY13309N13309,7550,GA
13,311,99999,White County,,"White County, GA",1331199999,1009,1015,1260,1511,2000,NCNTY13311N13311,28165,GA
13,315,99999,Wilcox County,,"Wilcox County, GA",1331599999,765,770,973,1235,1632,NCNTY13315N13315,8839,GA
13,317,99999,Wilkes County,,"Wilkes County, GA",1331799999,771,776,980,1270,1405,NCNTY13317N13317,9610,GA
13,319,99999,Wilkinson County,,"Wilkinson County, GA",1331999999,765,770,973,1353,1395,NCNTY13319N13319,8852,GA
15,009,99999,Maui County,,"Kahului-Wailuku-Lahaina, HI HUD Metro FMR Area",1500999999,2052,2165,2841,3679,4586,METRO27980M27980,164765,HI
15,005,99999,Kalawao County,,"Kalawao County, HI HUD Metro FMR Area",1500599999,1970,2078,2726,3530,4401,METRO27980N15005,50,HI
15,003,99999,Honolulu County,,"Urban Honolulu, HI MSA",1500399999,2021,2171,2845,3957,4773,METRO46520M46520,1010100,HI
15,001,99999,Hawaii County,,"Hawaii County, HI",1500199999,1621,1632,2114,2670,3079,NCNTY15001N15001,202163,HI
15,007,99999,Kauai County,,"Kauai County, HI",1500799999,1960,1973,2589,3182,3529,NCNTY15007N15007,73511,HI
16,001,99999,Ada County,,"Boise City, ID HUD Metro FMR Area",1600199999,1175,1381,1655,2318,2772,METRO14260M14260,497494,ID
16,015,99999,Boise County,,"Boise City, ID HUD Metro FMR Area",1601599999,1175,1381,1655,2318,2772,METRO14260M14260,7809,ID
16,027,99999,Canyon County,,"Boise City, ID HUD Metro FMR Area",1602799999,1175,1381,1655,2318,2772,METRO14260M14260,235006,ID
16,073,99999,Owyhee County,,"Boise City, ID HUD Metro FMR Area",1607399999,1175,1381,1655,2318,2772,METRO14260M14260,12043,ID
16,045,99999,Gem County,,"Gem County, ID HUD Metro FMR Area",1604599999,834,953,1190,1601,1882,METRO14260N16045,19250,ID
16,055,99999,Kootenai County,,"Coeur d'Alene, ID MSA",1605599999,1205,1422,1690,2350,2835,METRO17660M17660,173396,ID
16,019,99999,Bonneville County,,"Idaho Falls, ID HUD Metro FMR Area",1601999999,1097,1161,1384,1925,2322,METRO26820M26820,124490,ID
16,051,99999,Jefferson County,,"Idaho Falls, ID HUD Metro FMR Area",1605199999,1097,1161,1384,1925,2322,METRO26820M26820,31383,ID
16,023,99999,Butte County,,"Butte County, ID HUD Metro FMR Area",1602399999,1081,1159,1382,1922,2318,METRO26820N16023,2605,ID
16,069,99999,Nez Perce County,,"Lewiston, ID-WA MSA",1606999999,1005,1012,1326,1844,2214,METRO30300M30300,42200,ID
16,041,99999,Franklin County,,"Logan, UT-ID MSA",1604199999,1015,1022,1341,1865,2250,METRO30860M30860,14376,ID
16,005,99999,Bannock County,,"Pocatello, ID MSA",1600599999,844,933,1224,1702,2053,METRO38540M38540,87434,ID
16,053,99999,Jerome County,,"Jerome County, ID HUD Metro FMR Area",1605399999,856,1031,1240,1671,2080,METRO46300N16053,24474,ID
16,083,99999,Twin Falls County,,"Twin Falls County, ID HUD Metro FMR Area",1608399999,943,1042,1367,1901,2293,METRO46300N16083,90592,ID
16,003,99999,Adams County,,"Adams County, ID",1600399999,771,776,977,1359,1639,NCNTY16003N16003,4464,ID
16,007,99999,Bear Lake County,,"Bear Lake County, ID",1600799999,768,773,973,1353,1632,NCNTY16007N16007,6436,ID
16,009,99999,Benewah County,,"Benewah County, ID",1600999999,770,851,1117,1520,1713,NCNTY16009N16009,9731,ID
16,011,99999,Bingham County,,"Bingham County, ID",1601199999,743,748,981,1364,1646,NCNTY16011N16011,48253,ID
16,013,99999,Blaine County,,"Blaine County, ID",1601399999,1183,1308,1716,2253,2575,NCNTY16013N16013,24248,ID
16,017,99999,Bonner County,,"Bonner County, ID",1601799999,1015,1022,1341,1865,2030,NCNTY16017N16017,47976,ID
16,021,99999,Boundary County,,"Boundary County, ID",1602199999,772,777,1019,1417,1709,NCNTY16021N16021,12335,ID
16,025,99999,Camas County,,"Camas County, ID",1602599999,1015,1022,1286,1789,2157,NCNTY16025N16025,1133,ID
16,029,99999,Caribou County,,"Caribou County, ID",1602999999,758,763,973,1353,1632,NCNTY16029N16029,7058,ID
16,031,99999,Cassia County,,"Cassia County, ID",1603199999,821,827,1085,1509,1820,NCNTY16031N16031,24859,ID
16,033,99999,Clark County,,"Clark County, ID",1603399999,768,773,973,1353,1632,NCNTY16033N16033,756,ID
16,035,99999,Clearwater County,,"Clearwater County, ID",1603599999,863,869,1140,1585,1912,NCNTY16035N16035,8810,ID
16,037,99999,Custer County,,"Custer County, ID",1603799999,934,940,1109,1542,1860,NCNTY16037N16037,4344,ID
16,039,99999,Elmore County,,"Elmore County, ID",1603999999,956,963,1263,1757,2119,NCNTY16039N16039,28752,ID
16,043,99999,Fremont County,,"Fremont County, ID",1604399999,848,884,973,1353,1632,NCNTY16043N16043,13519,ID
16,047,99999,Gooding County,,"Gooding County, ID",1604799999,888,893,1076,1496,1805,NCNTY16047N16047,15520,ID
16,049,99999,Idaho County,,"Idaho County, ID",1604999999,823,909,1193,1659,2001,NCNTY16049N16049,16787,ID
16,057,99999,Latah County,,"Latah County, ID",1605799999,857,916,1074,1494,1802,NCNTY16057N16057,39872,ID
16,059,99999,Lemhi County,,"Lemhi County, ID",1605999999,887,906,1018,1416,1708,NCNTY16059N16059,8043,ID
16,061,99999,Lewis County,,"Lewis County, ID",1606199999,759,764,1003,1395,1683,NCNTY16061N16061,3630,ID
16,063,99999,Lincoln County,,"Lincoln County, ID",1606399999,851,891,977,1359,1639,NCNTY16063N16063,5203,ID
16,065,99999,Madison County,,"Madison County, ID",1606599999,1001,1048,1149,1598,1869,NCNTY16065N16065,52487,ID
16,067,99999,Minidoka County,,"Minidoka County, ID",1606799999,933,938,1079,1501,1810,NCNTY16067N16067,21626,ID
16,071,99999,Oneida County,,"Oneida County, ID",1607199999,884,889,1119,1556,1877,NCNTY16071N16071,4572,ID
16,075,99999,Payette County,,"Payette County, ID",1607599999,845,851,1116,1552,1872,NCNTY16075N16075,25571,ID
16,077,99999,Power County,,"Power County, ID",1607799999,768,773,973,1353,1632,NCNTY16077N16077,7918,ID
16,079,99999,Shoshone County,,"Shoshone County, ID",1607999999,875,899,1180,1415,1980,NCNTY16079N16079,13399,ID
16,081,99999,Teton County,,"Teton County, ID",1608199999,1251,1258,1456,1947,2443,NCNTY16081N16081,11813,ID
16,085,99999,Valley County,,"Valley County, ID",1608599999,1056,1106,1212,1686,2033,NCNTY16085N16085,11830,ID
16,087,99999,Washington County,,"Washington County, ID",1608799999,869,875,1148,1498,1926,NCNTY16087N16087,10612,ID
17,113,99999,McLean County,,"Bloomington, IL MSA",1711399999,999,1077,1404,1852,1859,METRO14010M14010,171284,IL
17,003,99999,Alexander County,,"Cape Girardeau, MO-IL MSA",1700399999,845,894,1098,1527,1842,METRO16020M16020,5261,IL
17,019,99999,Champaign County,,"Champaign-Urbana, IL HUD Metro FMR Area",1701999999,1017,1023,1213,1553,1606,METRO16580M16580,206525,IL
17,147,99999,Piatt County,,"Champaign-Urbana, IL HUD Metro FMR Area",1714799999,1017,1023,1213,1553,1606,METRO16580M16580,16698,IL
17,053,99999,Ford County,,"Ford County, IL HUD Metro FMR Area",1705399999,698,703,922,1282,1308,METRO16580N17053,13484,IL
17,031,99999,Cook County,,"Chicago-Joliet-Naperville, IL HUD Metro FMR Area",1703199999,1619,1730,1949,2510,2903,METRO16980M16980,5225367,IL
17,043,99999,DuPage County,,"Chicago-Joliet-Naperville, IL HUD Metro FMR Area",1704399999,1619,1730,1949,2510,2903,METRO16980M16980,930559,IL
17,089,99999,Kane County,,"Chicago-Joliet-Naperville, IL HUD Metro FMR Area",1708999999,1619,1730,1949,2510,2903,METRO16980M16980,517254,IL
17,097,99999,Lake County,,"Chicago-Joliet-Naperville, IL HUD Metro FMR Area",1709799999,1619,1730,1949,2510,2903,METRO16980M16980,713159,IL
17,111,99999,McHenry County,,"Chicago-Joliet-Naperville, IL HUD Metro FMR Area",1711199999,1619,1730,1949,2510,2903,METRO16980M16980,311133,IL
17,197,99999,Will County,,"Chicago-Joliet-Naperville, IL HUD Metro FMR Area",1719799999,1619,1730,1949,2510,2903,METRO16980M16980,696774,IL
17,037,99999,DeKalb County,,"DeKalb County, IL HUD Metro FMR Area",1703799999,1000,1106,1451,1928,2328,METRO16980MM2050,100686,IL
17,063,99999,Grundy County,,"Grundy County, IL HUD Metro FMR Area",1706399999,1089,1180,1540,2089,2325,METRO16980MM3170,52624,IL
17,093,99999,Kendall County,,"Kendall County, IL HUD Metro FMR Area",1709399999,1564,1729,2268,3119,3228,METRO16980MM3780,132795,IL
17,073,99999,Henry County,,"Davenport-Moline-Rock Island, IA-IL MSA",1707399999,869,986,1215,1593,1934,METRO19340M19340,49157,IL
17,131,99999,Mercer County,,"Davenport-Moline-Rock Island, IA-IL MSA",1713199999,869,986,1215,1593,1934,METRO19340M19340,15692,IL
17,161,99999,Rock Island County,,"Davenport-Moline-Rock Island, IA-IL MSA",1716199999,869,986,1215,1593,1934,METRO19340M19340,143819,IL
17,115,99999,Macon County,,"Decatur, IL MSA",1711599999,884,890,1119,1451,1796,METRO19500M19500,103542,IL
17,091,99999,Kankakee County,,"Kankakee, IL MSA",1709199999,970,1072,1407,1851,1883,METRO28100M28100,107421,IL
17,127,99999,Massac County,,"Massac County, IL HUD Metro FMR Area",1712799999,855,861,1057,1470,1543,METRO37140N17127,14135,IL
17,123,99999,Marshall County,,"Peoria, IL MSA",1712399999,807,871,1107,1434,1544,METRO37900M37900,11740,IL
17,143,99999,Peoria County,,"Peoria, IL MSA",1714399999,807,871,1107,1434,1544,METRO37900M37900,181186,IL
17,175,99999,Stark County,,"Peoria, IL MSA",1717599999,807,871,1107,1434,1544,METRO37900M37900,5395,IL
17,179,99999,Tazewell County,,"Peoria, IL MSA",1717999999,807,871,1107,1434,1544,METRO37900M37900,131276,IL
17,203,99999,Woodford County,,"Peoria, IL MSA",1720399999,807,871,1107,1434,1544,METRO37900M37900,38414,IL
17,007,99999,Boone County,,"Rockford, IL MSA",1700799999,863,954,1252,1657,1699,METRO40420M40420,53459,IL
17,201,99999,Winnebago County,,"Rockford, IL MSA",1720199999,863,954,1252,1657,1699,METRO40420M40420,284591,IL
17,013,99999,Calhoun County,,"St. Louis, MO-IL HUD Metro FMR Area",1701399999,1036,1079,1321,1700,1965,METRO41180M41180,4472,IL
17,027,99999,Clinton County,,"St. Louis, MO-IL HUD Metro FMR Area",1702799999,1036,1079,1321,1700,1965,METRO41180M41180,36998,IL
17,083,99999,Jersey County,,"St. Louis, MO-IL HUD Metro FMR Area",1708399999,1036,1079,1321,1700,1965,METRO41180M41180,21462,IL
17,119,99999,Madison County,,"St. Louis, MO-IL HUD Metro FMR Area",1711999999,1036,1079,1321,1700,1965,METRO41180M41180,265512,IL
17,133,99999,Monroe County,,"St. Louis, MO-IL HUD Metro FMR Area",1713399999,1036,1079,1321,1700,1965,METRO41180M41180,34905,IL
17,163,99999,St. Clair County,,"St. Louis, MO-IL HUD Metro FMR Area",1716399999,1036,1079,1321,1700,1965,METRO41180M41180,256791,IL
17,005,99999,Bond County,,"Bond County, IL HUD Metro FMR Area",1700599999,632,836,916,1154,1213,METRO41180N17005,16750,IL
17,117,99999,Macoupin County,,"Macoupin County, IL HUD Metro FMR Area",1711799999,730,735,964,1205,1497,METRO41180N17117,44907,IL
17,129,99999,Menard County,,"Springfield, IL MSA",1712999999,878,1026,1273,1704,1780,METRO44100M44100,12284,IL
17,167,99999,Sangamon County,,"Springfield, IL MSA",1716799999,878,1026,1273,1704,1780,METRO44100M44100,196122,IL
17,001,99999,Adams County,,"Adams County, IL",1700199999,783,866,1136,1416,1601,NCNTY17001N17001,65583,IL
17,009,99999,Brown County,,"Brown County, IL",1700999999,785,868,1139,1366,1627,NCNTY17009N17009,6334,IL
17,011,99999,Bureau County,,"Bureau County, IL",1701199999,771,852,1118,1381,1548,NCNTY17011N17011,33203,IL
17,015,99999,Carroll County,,"Carroll County, IL",1701599999,765,769,937,1239,1492,NCNTY17015N17015,15594,IL
17,017,99999,Cass County,,"Cass County, IL",1701799999,632,836,916,1263,1537,NCNTY17017N17017,12955,IL
17,021,99999,Christian County,,"Christian County, IL",1702199999,695,768,1008,1209,1467,NCNTY17021N17021,33893,IL
17,023,99999,Clark County,,"Clark County, IL",1702399999,727,803,1054,1300,1396,NCNTY17023N17023,15467,IL
17,025,99999,Clay County,,"Clay County, IL",1702599999,634,710,920,1172,1314,NCNTY17025N17025,13248,IL
17,029,99999,Coles County,,"Coles County, IL",1702999999,703,802,1020,1333,1425,NCNTY17029N17029,47076,IL
17,033,99999,Crawford County,,"Crawford County, IL",1703399999,663,802,962,1304,1614,NCNTY17033N17033,18729,IL
17,035,99999,Cumberland County,,"Cumberland County, IL",1703599999,632,717,916,1098,1537,NCNTY17035N17035,10447,IL
17,039,99999,De Witt County,,"De Witt County, IL",1703999999,766,847,1111,1332,1864,NCNTY17039N17039,15535,IL
17,041,99999,Douglas County,,"Douglas County, IL",1704199999,681,887,972,1316,1348,NCNTY17041N17041,19714,IL
17,045,99999,Edgar County,,"Edgar County, IL",1704599999,632,768,916,1226,1405,NCNTY17045N17045,16852,IL
17,047,99999,Edwards County,,"Edwards County, IL",1704799999,664,734,963,1155,1275,NCNTY17047N17047,6182,IL
17,049,99999,Effingham County,,"Effingham County, IL",1704999999,763,773,939,1239,1420,NCNTY17049N17049,34594,IL
17,051,99999,Fayette County,,"Fayette County, IL",1705199999,734,762,931,1203,1314,NCNTY17051N17051,21464,IL
17,055,99999,Franklin County,,"Franklin County, IL",1705599999,663,732,961,1239,1394,NCNTY17055N17055,37810,IL
17,057,99999,Fulton County,,"Fulton County, IL",1705799999,751,756,978,1360,1375,NCNTY17057N17057,33691,IL
17,059,99999,Gallatin County,,"Gallatin County, IL",1705999999,632,698,916,1098,1308,NCNTY17059N17059,4967,IL
17,061,99999,Greene County,,"Greene County, IL",1706199999,731,808,1060,1271,1480,NCNTY17061N17061,12015,IL
17,065,99999,Hamilton County,,"Hamilton County, IL",1706599999,632,727,916,1274,1308,NCNTY17065N17065,8008,IL
17,067,99999,Hancock County,,"Hancock County, IL",1706799999,658,824,954,1157,1263,NCNTY17067N17067,17582,IL
17,069,99999,Hardin County,,"Hardin County, IL",1706999999,632,698,916,1098,1308,NCNTY17069N17069,3665,IL
17,071,99999,Henderson County,,"Henderson County, IL",1707199999,662,732,960,1335,1371,NCNTY17071N17071,6374,IL
17,075,99999,Iroquois County,,"Iroquois County, IL",1707599999,737,742,974,1208,1587,NCNTY17075N17075,27043,IL
17,077,99999,Jackson County,,"Jackson County, IL",1707799999,667,779,967,1275,1280,NCNTY17077N17077,53176,IL
17,079,99999,Jasper County,,"Jasper County, IL",1707999999,663,741,962,1153,1374,NCNTY17079N17079,9295,IL
17,081,99999,Jefferson County,,"Jefferson County, IL",1708199999,846,852,1118,1360,1487,NCNTY17081N17081,37043,IL
17,085,99999,Jo Daviess County,,"Jo Daviess County, IL",1708599999,689,834,1000,1332,1337,NCNTY17085N17085,21942,IL
17,087,99999,Johnson County,,"Johnson County, IL",1708799999,638,743,926,1172,1360,NCNTY17087N17087,13313,IL
17,095,99999,Knox County,,"Knox County, IL",1709599999,697,702,921,1206,1219,NCNTY17095N17095,49751,IL
17,099,99999,La Salle County,,"La Salle County, IL",1709999999,817,870,1142,1525,1800,NCNTY17099N17099,109495,IL
17,101,99999,Lawrence County,,"Lawrence County, IL",1710199999,699,773,1014,1218,1343,NCNTY17101N17101,15302,IL
17,103,99999,Lee County,,"Lee County, IL",1710399999,689,883,999,1389,1521,NCNTY17103N17103,34221,IL
17,105,99999,Livingston County,,"Livingston County, IL",1710599999,745,823,1080,1344,1430,NCNTY17105N17105,35771,IL
17,107,99999,Logan County,,"Logan County, IL",1710799999,705,808,1022,1263,1353,NCNTY17107N17107,28027,IL
17,109,99999,McDonough County,,"McDonough County, IL",1710999999,714,792,1035,1340,1645,NCNTY17109N17109,27370,IL
17,121,99999,Marion County,,"Marion County, IL",1712199999,684,794,946,1229,1587,NCNTY17121N17121,37543,IL
17,125,99999,Mason County,,"Mason County, IL",1712599999,652,720,945,1314,1585,NCNTY17125N17125,13074,IL
17,135,99999,Montgomery County,,"Montgomery County, IL",1713599999,740,761,999,1198,1372,NCNTY17135N17135,28352,IL
17,137,99999,Morgan County,,"Morgan County, IL",1713799999,662,732,960,1193,1610,NCNTY17137N17137,32882,IL
17,139,99999,Moultrie County,,"Moultrie County, IL",1713999999,632,698,916,1274,1537,NCNTY17139N17139,14531,IL
17,141,99999,Ogle County,,"Ogle County, IL",1714199999,809,894,1173,1432,1681,NCNTY17141N17141,51672,IL
17,145,99999,Perry County,,"Perry County, IL",1714599999,632,698,916,1148,1537,NCNTY17145N17145,20996,IL
17,149,99999,Pike County,,"Pike County, IL",1714999999,632,698,916,1114,1368,NCNTY17149N17149,14776,IL
17,151,99999,Pope County,,"Pope County, IL",1715199999,769,851,1116,1412,1594,NCNTY17151N17151,3799,IL
17,153,99999,Pulaski County,,"Pulaski County, IL",1715399999,632,836,916,1274,1537,NCNTY17153N17153,5177,IL
17,155,99999,Putnam County,,"Putnam County, IL",1715599999,670,882,972,1257,1611,NCNTY17155N17155,5628,IL
17,157,99999,Randolph County,,"Randolph County, IL",1715799999,639,706,927,1159,1468,NCNTY17157N17157,30413,IL
17,159,99999,Richland County,,"Richland County, IL",1715999999,647,747,938,1125,1423,NCNTY17159N17159,15716,IL
17,165,99999,Saline County,,"Saline County, IL",1716599999,687,760,997,1308,1370,NCNTY17165N17165,23662,IL
17,169,99999,Schuyler County,,"Schuyler County, IL",1716999999,663,878,962,1153,1374,NCNTY17169N17169,6879,IL
17,171,99999,Scott County,,"Scott County, IL",1717199999,701,775,1017,1219,1347,NCNTY17171N17171,4899,IL
17,173,99999,Shelby County,,"Shelby County, IL",1717399999,702,844,1018,1221,1536,NCNTY17173N17173,21042,IL
17,177,99999,Stephenson County,,"Stephenson County, IL",1717799999,708,713,935,1147,1370,NCNTY17177N17177,44482,IL
17,181,99999,Union County,,"Union County, IL",1718199999,659,719,943,1162,1299,NCNTY17181N17181,17122,IL
17,183,99999,Vermilion County,,"Vermilion County, IL",1718399999,702,776,1018,1232,1365,NCNTY17183N17183,74113,IL
17,185,99999,Wabash County,,"Wabash County, IL",1718599999,682,754,989,1375,1413,NCNTY17185N17185,11321,IL
17,187,99999,Warren County,,"Warren County, IL",1718799999,641,708,929,1172,1558,NCNTY17187N17187,16760,IL
17,189,99999,Washington County,,"Washington County, IL",1718999999,633,837,918,1245,1271,NCNTY17189N17189,13781,IL
17,191,99999,Wayne County,,"Wayne County, IL",1719199999,632,698,916,1098,1537,NCNTY17191N17191,16127,IL
17,193,99999,White County,,"White County, IL",1719399999,632,698,916,1209,1438,NCNTY17193N17193,13834,IL
17,195,99999,Whiteside County,,"Whiteside County, IL",1719599999,713,762,971,1281,1286,NCNTY17195N17195,55569,IL
17,199,99999,Williamson County,,"Williamson County, IL",1719999999,811,851,1116,1473,1479,NCNTY17199N17199,67120,IL
18,105,99999,Monroe County,,"Bloomington, IN HUD Metro FMR Area",1810599999,1038,1151,1300,1689,2048,METRO14020MM1020,140065,IN
18,119,99999,Owen County,,"Owen County, IN HUD Metro FMR Area",1811999999,804,834,999,1207,1577,METRO14020N18119,21361,IN
18,089,99999,Lake County,,"Gary, IN HUD Metro FMR Area",1808999999,1025,1155,1407,1722,1863,METRO16980MM2960,497682,IN
18,111,99999,Newton County,,"Gary, IN HUD Metro FMR Area",1811199999,1025,1155,1407,1722,1863,METRO16980MM2960,13829,IN
18,127,99999,Porter County,,"Gary, IN HUD Metro FMR Area",1812799999,1025,1155,1407,1722,1863,METRO16980MM2960,173355,IN
18,073,99999,Jasper County,,"Jasper County, IN HUD Metro FMR Area",1807399999,924,930,1220,1595,1615,METRO16980N18073,33045,IN
18,029,99999,Dearborn County,,"Cincinnati, OH-KY-IN  HUD Metro FMR Area",1802999999,1041,1142,1470,1940,2147,METRO17140M17140,50709,IN
18,115,99999,Ohio County,,"Cincinnati, OH-KY-IN  HUD Metro FMR Area",1811599999,1041,1142,1470,1940,2147,METRO17140M17140,5974,IN
18,047,99999,Franklin County,,"Franklin County, IN HUD Metro FMR Area",1804799999,833,902,1169,1542,1548,METRO17140M18047,22850,IN
18,005,99999,Bartholomew County,,"Columbus, IN MSA",1800599999,1316,1343,1511,1812,2136,METRO18020M18020,82371,IN
18,039,99999,Elkhart County,,"Elkhart-Goshen, IN MSA",1803999999,1047,1073,1279,1679,1709,METRO21140M21140,206841,IN
18,129,99999,Posey County,,"Evansville, IN MSA",1812999999,902,909,1176,1447,1626,METRO21780M21780,25226,IN
18,163,99999,Vanderburgh County,,"Evansville, IN MSA",1816399999,902,909,1176,1447,1626,METRO21780M21780,179900,IN
18,173,99999,Warrick County,,"Evansville, IN MSA",1817399999,902,909,1176,1447,1626,METRO21780M21780,64065,IN
18,003,99999,Allen County,,"Fort Wayne, IN HUD Metro FMR Area",1800399999,950,976,1186,1472,1612,METRO23060M23060,385456,IN
18,183,99999,Whitley County,,"Fort Wayne, IN HUD Metro FMR Area",1818399999,950,976,1186,1472,1612,METRO23060M23060,34259,IN
18,179,99999,Wells County,,"Wells County, IN HUD Metro FMR Area",1817999999,777,782,1026,1246,1442,METRO23060N18179,28167,IN
18,095,99999,Madison County,,"Anderson, IN HUD Metro FMR Area",1809599999,945,967,1269,1677,1680,METRO26900M11300,130545,IN
18,011,99999,Boone County,,"Indianapolis-Carmel, IN HUD Metro FMR Area",1801199999,1200,1361,1582,2048,2511,METRO26900M26900,71235,IN
18,013,99999,Brown County,,"Indianapolis-Carmel, IN HUD Metro FMR Area",1801399999,1200,1361,1582,2048,2511,METRO26900M26900,15513,IN
18,057,99999,Hamilton County,,"Indianapolis-Carmel, IN HUD Metro FMR Area",1805799999,1200,1361,1582,2048,2511,METRO26900M26900,349527,IN
18,059,99999,Hancock County,,"Indianapolis-Carmel, IN HUD Metro FMR Area",1805999999,1200,1361,1582,2048,2511,METRO26900M26900,80170,IN
18,063,99999,Hendricks County,,"Indianapolis-Carmel, IN HUD Metro FMR Area",1806399999,1200,1361,1582,2048,2511,METRO26900M26900,175639,IN
18,081,99999,Johnson County,,"Indianapolis-Carmel, IN HUD Metro FMR Area",1808199999,1200,1361,1582,2048,2511,METRO26900M26900,161952,IN
18,097,99999,Marion County,,"Indianapolis-Carmel, IN HUD Metro FMR Area",1809799999,1200,1361,1582,2048,2511,METRO26900M26900,971737,IN
18,109,99999,Morgan County,,"Indianapolis-Carmel, IN HUD Metro FMR Area",1810999999,1200,1361,1582,2048,2511,METRO26900M26900,71757,IN
18,145,99999,Shelby County,,"Indianapolis-Carmel, IN HUD Metro FMR Area",1814599999,1200,1361,1582,2048,2511,METRO26900M26900,44940,IN
18,159,99999,Tipton County,,"Tipton County, IN HUD Metro FMR Area",1815999999,868,873,1146,1374,1783,METRO26900N18159,15328,IN
18,067,99999,Howard County,,"Kokomo, IN MSA",1806799999,928,934,1179,1457,1645,METRO29020M29020,83452,IN
18,171,99999,Warren County,,"Warren County, IN HUD Metro FMR Area",1817199999,720,885,1001,1392,1440,METRO29200M18171,8454,IN
18,007,99999,Benton County,,"Lafayette-West Lafayette, IN HUD Metro FMR Area",1800799999,942,1088,1309,1569,2099,METRO29200M29140,8709,IN
18,157,99999,Tippecanoe County,,"Lafayette-West Lafayette, IN HUD Metro FMR Area",1815799999,942,1088,1309,1569,2099,METRO29200M29140,186955,IN
18,015,99999,Carroll County,,"Carroll County, IN HUD Metro FMR Area",1801599999,739,774,1015,1272,1385,METRO29200N18015,20397,IN
18,019,99999,Clark County,,"Louisville, KY-IN HUD Metro FMR Area",1801999999,1038,1124,1366,1745,2030,METRO31140M31140,121484,IN
18,043,99999,Floyd County,,"Louisville, KY-IN HUD Metro FMR Area",1804399999,1038,1124,1366,1745,2030,METRO31140M31140,80191,IN
18,061,99999,Harrison County,,"Louisville, KY-IN HUD Metro FMR Area",1806199999,1038,1124,1366,1745,2030,METRO31140M31140,39684,IN
18,175,99999,Washington County,,"Washington County, IN HUD Metro FMR Area",1817599999,789,793,1041,1248,1378,METRO31140N18175,28133,IN
18,091,99999,LaPorte County,,"Michigan City-La Porte, IN MSA",1809199999,909,991,1198,1512,1747,METRO33140M33140,112215,IN
18,035,99999,Delaware County,,"Muncie, IN MSA",1803599999,851,895,1105,1430,1785,METRO34620M34620,112156,IN
18,141,99999,St. Joseph County,,"South Bend-Mishawaka, IN HUD Metro FMR Area",1814199999,973,1197,1400,1698,1854,METRO43780M43780,272388,IN
18,021,99999,Clay County,,"Terre Haute, IN HUD Metro FMR Area",1802199999,919,925,1171,1404,1643,METRO45460M45460,26396,IN
18,165,99999,Vermillion County,,"Terre Haute, IN HUD Metro FMR Area",1816599999,919,925,1171,1404,1643,METRO45460M45460,15488,IN
18,167,99999,Vigo County,,"Terre Haute, IN HUD Metro FMR Area",1816799999,919,925,1171,1404,1643,METRO45460M45460,106355,IN
18,153,99999,Sullivan County,,"Sullivan County, IN HUD Metro FMR Area",1815399999,797,824,1081,1316,1809,METRO45460N18153,20791,IN
18,001,99999,Adams County,,"Adams County, IN",1800199999,695,872,956,1227,1266,NCNTY18001N18001,35827,IN
18,009,99999,Blackford County,,"Blackford County, IN",1800999999,685,766,956,1268,1555,NCNTY18009N18009,12074,IN
18,017,99999,Cass County,,"Cass County, IN",1801799999,791,796,956,1278,1282,NCNTY18017N18017,37820,IN
18,023,99999,Clinton County,,"Clinton County, IN",1802399999,765,841,1053,1389,1404,NCNTY18023N18023,33020,IN
18,025,99999,Crawford County,,"Crawford County, IN",1802599999,685,852,956,1330,1508,NCNTY18025N18025,10511,IN
18,027,99999,Daviess County,,"Daviess County, IN",1802799999,762,810,1063,1318,1407,NCNTY18027N18027,33337,IN
18,031,99999,Decatur County,,"Decatur County, IN",1803199999,801,851,1117,1339,1479,NCNTY18031N18031,26432,IN
18,033,99999,DeKalb County,,"DeKalb County, IN",1803399999,718,764,1002,1248,1327,NCNTY18033N18033,43312,IN
18,037,99999,Dubois County,,"Dubois County, IN",1803799999,715,760,997,1385,1673,NCNTY18037N18037,43584,IN
18,041,99999,Fayette County,,"Fayette County, IN",1804199999,681,778,987,1223,1307,NCNTY18041N18041,23391,IN
18,045,99999,Fountain County,,"Fountain County, IN",1804599999,698,742,974,1200,1634,NCNTY18045N18045,16468,IN
18,049,99999,Fulton County,,"Fulton County, IN",1804999999,752,799,1049,1258,1389,NCNTY18049N18049,20420,IN
18,051,99999,Gibson County,,"Gibson County, IN",1805199999,813,818,1062,1339,1444,NCNTY18051N18051,33006,IN
18,053,99999,Grant County,,"Grant County, IN",1805399999,711,781,974,1280,1439,NCNTY18053N18053,66560,IN
18,055,99999,Greene County,,"Greene County, IN",1805599999,754,759,996,1257,1386,NCNTY18055N18055,30900,IN
18,065,99999,Henry County,,"Henry County, IN",1806599999,792,797,983,1179,1302,NCNTY18065N18065,48913,IN
18,069,99999,Huntington County,,"Huntington County, IN",1806999999,707,755,987,1279,1531,NCNTY18069N18069,36699,IN
18,071,99999,Jackson County,,"Jackson County, IN",1807199999,851,857,1124,1409,1488,NCNTY18071N18071,46212,IN
18,075,99999,Jay County,,"Jay County, IN",1807599999,694,738,968,1277,1282,NCNTY18075N18075,20451,IN
18,077,99999,Jefferson County,,"Jefferson County, IN",1807799999,709,866,1029,1273,1615,NCNTY18077N18077,33057,IN
18,079,99999,Jennings County,,"Jennings County, IN",1807999999,722,768,1008,1402,1644,NCNTY18079N18079,27610,IN
18,083,99999,Knox County,,"Knox County, IN",1808399999,754,758,994,1261,1316,NCNTY18083N18083,36148,IN
18,085,99999,Kosciusko County,,"Kosciusko County, IN",1808599999,952,958,1242,1506,1697,NCNTY18085N18085,80442,IN
18,087,99999,LaGrange County,,"LaGrange County, IN",1808799999,762,767,1007,1207,1333,NCNTY18087N18087,40364,IN
18,093,99999,Lawrence County,,"Lawrence County, IN",1809399999,718,764,1002,1201,1517,NCNTY18093N18093,45113,IN
18,099,99999,Marshall County,,"Marshall County, IN",1809999999,771,880,1076,1308,1425,NCNTY18099N18099,46208,IN
18,101,99999,Martin County,,"Martin County, IN",1810199999,685,729,956,1146,1287,NCNTY18101N18101,9863,IN
18,103,99999,Miami County,,"Miami County, IN",1810399999,685,773,956,1146,1358,NCNTY18103N18103,35952,IN
18,107,99999,Montgomery County,,"Montgomery County, IN",1810799999,852,857,1026,1360,1486,NCNTY18107N18107,38018,IN
18,113,99999,Noble County,,"Noble County, IN",1811399999,733,793,1040,1247,1745,NCNTY18113N18113,47431,IN
18,117,99999,Orange County,,"Orange County, IN",1811799999,685,729,956,1330,1564,NCNTY18117N18117,19768,IN
18,121,99999,Parke County,,"Parke County, IN",1812199999,768,817,1072,1414,1419,NCNTY18121N18121,16327,IN
18,123,99999,Perry County,,"Perry County, IN",1812399999,691,737,967,1214,1622,NCNTY18123N18123,19186,IN
18,125,99999,Pike County,,"Pike County, IN",1812599999,685,729,956,1330,1347,NCNTY18125N18125,12227,IN
18,131,99999,Pulaski County,,"Pulaski County, IN",1813199999,685,872,956,1330,1604,NCNTY18131N18131,12498,IN
18,133,99999,Putnam County,,"Putnam County, IN",1813399999,776,887,1083,1462,1718,NCNTY18133N18133,36942,IN
18,135,99999,Randolph County,,"Randolph County, IN",1813599999,675,841,956,1261,1266,NCNTY18135N18135,24586,IN
18,137,99999,Ripley County,,"Ripley County, IN",1813799999,727,804,1055,1392,1397,NCNTY18137N18137,28990,IN
18,139,99999,Rush County,,"Rush County, IN",1813999999,694,771,968,1161,1282,NCNTY18139N18139,16716,IN
18,143,99999,Scott County,,"Scott County, IN",1814399999,773,822,1078,1440,1445,NCNTY18143N18143,24403,IN
18,147,99999,Spencer County,,"Spencer County, IN",1814799999,659,729,956,1330,1382,NCNTY18147N18147,19935,IN
18,149,99999,Starke County,,"Starke County, IN",1814999999,685,729,956,1151,1517,NCNTY18149N18149,23308,IN
18,151,99999,Steuben County,,"Steuben County, IN",1815199999,846,851,1117,1441,1479,NCNTY18151N18151,34507,IN
18,155,99999,Switzerland County,,"Switzerland County, IN",1815599999,685,729,956,1280,1287,NCNTY18155N18155,9896,IN
18,161,99999,Union County,,"Union County, IN",1816199999,717,763,1001,1278,1477,NCNTY18161N18161,7041,IN
18,169,99999,Wabash County,,"Wabash County, IN",1816999999,702,747,980,1175,1298,NCNTY18169N18169,31032,IN
18,177,99999,Wayne County,,"Wayne County, IN",1817799999,753,758,995,1240,1317,NCNTY18177N18177,66522,IN
18,181,99999,White County,,"White County, IN",1818199999,767,815,1070,1283,1417,NCNTY18181N18181,24630,IN
19,169,99999,Story County,,"Ames, IA HUD Metro FMR Area",1916999999,1030,1087,1222,1697,2050,METRO11180M11180,98573,IA
19,015,99999,Boone County,,"Boone County, IA HUD Metro FMR Area",1901599999,813,818,1065,1481,1557,METRO11180M19015,26700,IA
19,113,99999,Linn County,,"Cedar Rapids, IA HUD Metro FMR Area",1911399999,794,878,1152,1602,1933,METRO16300M16300,229308,IA
19,011,99999,Benton County,,"Benton County, IA HUD Metro FMR Area",1901199999,702,776,1018,1287,1435,METRO16300N19011,25652,IA
19,105,99999,Jones County,,"Jones County, IA HUD Metro FMR Area",1910599999,659,740,956,1261,1266,METRO16300N19105,20733,IA
19,163,99999,Scott County,,"Davenport-Moline-Rock Island, IA-IL MSA",1916399999,869,986,1215,1593,1934,METRO19340M19340,174315,IA
19,099,99999,Jasper County,,"Jasper County, IA HUD Metro FMR Area",1909999999,815,821,1049,1403,1427,METRO19780M19099,37808,IA
19,049,99999,Dallas County,,"Des Moines-West Des Moines, IA HUD Metro FMR Area",1904999999,1144,1193,1418,1930,1981,METRO19780M19780,100367,IA
19,077,99999,Guthrie County,,"Des Moines-West Des Moines, IA HUD Metro FMR Area",1907799999,1144,1193,1418,1930,1981,METRO19780M19780,10619,IA
19,121,99999,Madison County,,"Des Moines-West Des Moines, IA HUD Metro FMR Area",1912199999,1144,1193,1418,1930,1981,METRO19780M19780,16609,IA
19,153,99999,Polk County,,"Des Moines-West Des Moines, IA HUD Metro FMR Area",1915399999,1144,1193,1418,1930,1981,METRO19780M19780,493378,IA
19,181,99999,Warren County,,"Des Moines-West Des Moines, IA HUD Metro FMR Area",1918199999,1144,1193,1418,1930,1981,METRO19780M19780,52709,IA
19,061,99999,Dubuque County,,"Dubuque, IA MSA",1906199999,825,895,1147,1544,1924,METRO20220M20220,98812,IA
19,103,99999,Johnson County,,"Iowa City, IA HUD Metro FMR Area",1910399999,946,1033,1226,1705,2057,METRO26980MM3500,153360,IA
19,183,99999,Washington County,,"Washington County, IA HUD Metro FMR Area",1918399999,764,769,1009,1249,1336,METRO26980N19183,22534,IA
19,085,99999,Harrison County,,"Omaha-Council Bluffs, NE-IA HUD Metro FMR Area",1908599999,1166,1229,1464,1940,2190,METRO36540M36540,14623,IA
19,129,99999,Mills County,,"Omaha-Council Bluffs, NE-IA HUD Metro FMR Area",1912999999,1166,1229,1464,1940,2190,METRO36540M36540,14605,IA
19,155,99999,Pottawattamie County,,"Omaha-Council Bluffs, NE-IA HUD Metro FMR Area",1915599999,1166,1229,1464,1940,2190,METRO36540M36540,93543,IA
19,193,99999,Woodbury County,,"Sioux City, IA-NE-SD MSA",1919399999,855,994,1240,1489,1642,METRO43580M43580,105526,IA
19,013,99999,Black Hawk County,,"Waterloo-Cedar Falls, IA HUD Metro FMR Area",1901399999,767,848,1113,1437,1867,METRO47940M47940,131041,IA
19,075,99999,Grundy County,,"Waterloo-Cedar Falls, IA HUD Metro FMR Area",1907599999,767,848,1113,1437,1867,METRO47940M47940,12351,IA
19,017,99999,Bremer County,,"Bremer County, IA HUD Metro FMR Area",1901799999,725,802,1052,1388,1393,METRO47940N19017,25012,IA
19,001,99999,Adair County,,"Adair County, IA",1900199999,734,754,989,1283,1373,NCNTY19001N19001,7479,IA
19,003,99999,Adams County,,"Adams County, IA",1900399999,718,737,967,1261,1280,NCNTY19003N19003,3680,IA
19,005,99999,Allamakee County,,"Allamakee County, IA",1900599999,682,754,919,1278,1399,NCNTY19005N19005,14046,IA
19,007,99999,Appanoose County,,"Appanoose County, IA",1900799999,695,713,936,1122,1330,NCNTY19007N19007,12279,IA
19,009,99999,Audubon County,,"Audubon County, IA",1900999999,682,838,919,1160,1423,NCNTY19009N19009,5651,IA
19,019,99999,Buchanan County,,"Buchanan County, IA",1901999999,758,763,1001,1361,1560,NCNTY19019N19019,20631,IA
19,021,99999,Buena Vista County,,"Buena Vista County, IA",1902199999,793,798,1047,1285,1386,NCNTY19021N19021,20687,IA
19,023,99999,Butler County,,"Butler County, IA",1902399999,696,715,938,1125,1395,NCNTY19023N19023,14376,IA
19,025,99999,Calhoun County,,"Calhoun County, IA",1902599999,682,736,919,1162,1217,NCNTY19025N19025,9893,IA
19,027,99999,Carroll County,,"Carroll County, IA",1902799999,775,788,919,1162,1217,NCNTY19027N19027,20728,IA
19,029,99999,Cass County,,"Cass County, IA",1902999999,682,710,919,1278,1496,NCNTY19029N19029,13116,IA
19,031,99999,Cedar County,,"Cedar County, IA",1903199999,743,763,1001,1305,1325,NCNTY19031N19031,18479,IA
19,033,99999,Cerro Gordo County,,"Cerro Gordo County, IA",1903399999,801,806,1019,1317,1552,NCNTY19033N19033,42979,IA
19,035,99999,Cherokee County,,"Cherokee County, IA",1903599999,682,811,919,1278,1414,NCNTY19035N19035,11601,IA
19,037,99999,Chickasaw County,,"Chickasaw County, IA",1903799999,687,783,926,1288,1303,NCNTY19037N19037,11957,IA
19,039,99999,Clarke County,,"Clarke County, IA",1903999999,682,803,919,1222,1227,NCNTY19039N19039,9737,IA
19,041,99999,Clay County,,"Clay County, IA",1904199999,720,739,970,1264,1284,NCNTY19041N19041,16423,IA
19,043,99999,Clayton County,,"Clayton County, IA",1904399999,699,718,942,1155,1336,NCNTY19043N19043,17123,IA
19,045,99999,Clinton County,,"Clinton County, IA",1904599999,710,785,1030,1276,1623,NCNTY19045N19045,46488,IA
19,047,99999,Crawford County,,"Crawford County, IA",1904799999,682,788,919,1212,1451,NCNTY19047N19047,16450,IA
19,051,99999,Davis County,,"Davis County, IA",1905199999,806,828,1086,1302,1450,NCNTY19051N19051,9093,IA
19,053,99999,Decatur County,,"Decatur County, IA",1905399999,634,700,919,1102,1542,NCNTY19053N19053,7684,IA
19,055,99999,Delaware County,,"Delaware County, IA",1905599999,682,838,919,1102,1227,NCNTY19055N19055,17523,IA
19,057,99999,Des Moines County,,"Des Moines County, IA",1905799999,763,843,1106,1424,1484,NCNTY19057N19057,38824,IA
19,059,99999,Dickinson County,,"Dickinson County, IA",1905999999,868,874,1147,1382,1519,NCNTY19059N19059,17692,IA
19,063,99999,Emmet County,,"Emmet County, IA",1906399999,682,771,919,1222,1227,NCNTY19063N19063,9349,IA
19,065,99999,Fayette County,,"Fayette County, IA",1906599999,712,756,960,1264,1503,NCNTY19065N19065,19519,IA
19,067,99999,Floyd County,,"Floyd County, IA",1906799999,682,700,919,1192,1217,NCNTY19067N19067,15601,IA
19,069,99999,Franklin County,,"Franklin County, IA",1906999999,682,700,919,1168,1542,NCNTY19069N19069,10015,IA
19,071,99999,Fremont County,,"Fremont County, IA",1907199999,682,708,919,1278,1379,NCNTY19071N19071,6639,IA
19,073,99999,Greene County,,"Greene County, IA",1907399999,682,700,919,1278,1486,NCNTY19073N19073,8801,IA
19,079,99999,Hamilton County,,"Hamilton County, IA",1907999999,771,827,1039,1246,1376,NCNTY19079N19079,14979,IA
19,081,99999,Hancock County,,"Hancock County, IA",1908199999,682,745,919,1170,1542,NCNTY19081N19081,10790,IA
19,083,99999,Hardin County,,"Hardin County, IA",1908399999,682,700,919,1208,1347,NCNTY19083N19083,16861,IA
19,087,99999,Henry County,,"Henry County, IA",1908799999,674,745,977,1292,1415,NCNTY19087N19087,20436,IA
19,089,99999,Howard County,,"Howard County, IA",1908999999,682,838,919,1278,1476,NCNTY19089N19089,9479,IA
19,091,99999,Humboldt County,,"Humboldt County, IA",1909199999,682,798,919,1278,1436,NCNTY19091N19091,9606,IA
19,093,99999,Ida County,,"Ida County, IA",1909399999,686,768,924,1108,1223,NCNTY19093N19093,6969,IA
19,095,99999,Iowa County,,"Iowa County, IA",1909599999,682,709,919,1278,1452,NCNTY19095N19095,16575,IA
19,097,99999,Jackson County,,"Jackson County, IA",1909799999,691,710,931,1193,1233,NCNTY19097N19097,19470,IA
19,101,99999,Jefferson County,,"Jefferson County, IA",1910199999,876,882,1157,1387,1532,NCNTY19101N19101,15785,IA
19,107,99999,Keokuk County,,"Keokuk County, IA",1910799999,726,813,978,1254,1306,NCNTY19107N19107,10026,IA
19,109,99999,Kossuth County,,"Kossuth County, IA",1910999999,721,740,971,1164,1286,NCNTY19109N19109,14718,IA
19,111,99999,Lee County,,"Lee County, IA",1911199999,699,773,1014,1338,1402,NCNTY19111N19111,33442,IA
19,115,99999,Louisa County,,"Louisa County, IA",1911599999,718,738,968,1184,1288,NCNTY19115N19115,10823,IA
19,117,99999,Lucas County,,"Lucas County, IA",1911799999,822,844,1107,1420,1478,NCNTY19117N19117,8666,IA
19,119,99999,Lyon County,,"Lyon County, IA",1911999999,718,737,967,1159,1280,NCNTY19119N19119,12023,IA
19,123,99999,Mahaska County,,"Mahaska County, IA",1912399999,768,773,1014,1216,1343,NCNTY19123N19123,22059,IA
19,125,99999,Marion County,,"Marion County, IA",1912599999,756,871,1096,1314,1463,NCNTY19125N19125,33487,IA
19,127,99999,Marshall County,,"Marshall County, IA",1912799999,747,767,1007,1328,1333,NCNTY19127N19127,40049,IA
19,131,99999,Mitchell County,,"Mitchell County, IA",1913199999,682,774,919,1156,1227,NCNTY19131N19131,10537,IA
19,133,99999,Monona County,,"Monona County, IA",1913399999,682,700,919,1145,1542,NCNTY19133N19133,8671,IA
19,135,99999,Monroe County,,"Monroe County, IA",1913599999,712,731,959,1275,1280,NCNTY19135N19135,7574,IA
19,137,99999,Montgomery County,,"Montgomery County, IA",1913799999,682,838,919,1265,1319,NCNTY19137N19137,10285,IA
19,139,99999,Muscatine County,,"Muscatine County, IA",1913999999,844,911,1137,1459,1704,NCNTY19139N19139,42968,IA
19,141,99999,O'Brien County,,"O'Brien County, IA",1914199999,697,716,939,1135,1243,NCNTY19141N19141,14138,IA
19,143,99999,Osceola County,,"Osceola County, IA",1914399999,702,721,946,1248,1253,NCNTY19143N19143,6149,IA
19,145,99999,Page County,,"Page County, IA",1914599999,707,726,952,1189,1269,NCNTY19145N19145,15225,IA
19,147,99999,Palo Alto County,,"Palo Alto County, IA",1914799999,682,700,919,1222,1227,NCNTY19147N19147,8938,IA
19,149,99999,Plymouth County,,"Plymouth County, IA",1914999999,811,816,1036,1360,1444,NCNTY19149N19149,25621,IA
19,151,99999,Pocahontas County,,"Pocahontas County, IA",1915199999,660,703,922,1129,1221,NCNTY19151N19151,7061,IA
19,157,99999,Poweshiek County,,"Poweshiek County, IA",1915799999,765,890,1031,1360,1365,NCNTY19157N19157,18608,IA
19,159,99999,Ringgold County,,"Ringgold County, IA",1915999999,682,748,919,1125,1227,NCNTY19159N19159,4690,IA
19,161,99999,Sac County,,"Sac County, IA",1916199999,786,791,919,1226,1231,NCNTY19161N19161,9778,IA
19,165,99999,Shelby County,,"Shelby County, IA",1916599999,682,838,919,1278,1309,NCNTY19165N19165,11737,IA
19,167,99999,Sioux County,,"Sioux County, IA",1916799999,775,780,1023,1313,1423,NCNTY19167N19167,35815,IA
19,171,99999,Tama County,,"Tama County, IA",1917199999,735,755,990,1235,1400,NCNTY19171N19171,17017,IA
19,173,99999,Taylor County,,"Taylor County, IA",1917399999,682,700,919,1116,1217,NCNTY19173N19173,5916,IA
19,175,99999,Union County,,"Union County, IA",1917599999,664,734,963,1270,1275,NCNTY19175N19175,12107,IA
19,177,99999,Van Buren County,,"Van Buren County, IA",1917799999,697,716,939,1126,1543,NCNTY19177N19177,7207,IA
19,179,99999,Wapello County,,"Wapello County, IA",1917999999,841,863,1133,1436,1557,NCNTY19179N19179,35292,IA
19,185,99999,Wayne County,,"Wayne County, IA",1918599999,682,734,919,1193,1227,NCNTY19185N19185,6484,IA
19,187,99999,Webster County,,"Webster County, IA",1918799999,733,738,968,1246,1624,NCNTY19187N19187,36986,IA
19,189,99999,Winnebago County,,"Winnebago County, IA",1918999999,682,731,919,1222,1392,NCNTY19189N19189,10704,IA
19,191,99999,Winneshiek County,,"Winneshiek County, IA",1919199999,692,710,932,1229,1234,NCNTY19191N19191,20050,IA
19,195,99999,Worth County,,"Worth County, IA",1919599999,682,700,919,1278,1364,NCNTY19195N19195,7417,IA
19,197,99999,Wright County,,"Wright County, IA",1919799999,722,742,973,1167,1288,NCNTY19197N19197,12897,IA
20,021,99999,Cherokee County,,"Cherokee County, KS HUD Metro FMR Area",2002199999,664,668,877,1157,1161,METRO27900N20021,19380,KS
20,091,99999,Johnson County,,"Kansas City, MO-KS HUD Metro FMR Area",2009199999,1179,1289,1462,1904,2264,METRO28140M28140,610742,KS
20,103,99999,Leavenworth County,,"Kansas City, MO-KS HUD Metro FMR Area",2010399999,1179,1289,1462,1904,2264,METRO28140M28140,82050,KS
20,107,99999,Linn County,,"Kansas City, MO-KS HUD Metro FMR Area",2010799999,1179,1289,1462,1904,2264,METRO28140M28140,9696,KS
20,121,99999,Miami County,,"Kansas City, MO-KS HUD Metro FMR Area",2012199999,1179,1289,1462,1904,2264,METRO28140M28140,34312,KS
20,209,99999,Wyandotte County,,"Kansas City, MO-KS HUD Metro FMR Area",2020999999,1179,1289,1462,1904,2264,METRO28140M28140,167989,KS
20,045,99999,Douglas County,,"Lawrence, KS MSA",2004599999,973,1093,1285,1787,2156,METRO29940M29940,119094,KS
20,061,99999,Geary County,,"Geary County, KS HUD Metro FMR Area",2006199999,884,890,1099,1528,1844,METRO31740M20061,36247,KS
20,149,99999,Pottawatomie County,,"Manhattan, KS HUD Metro FMR Area",2014999999,927,933,1139,1584,1911,METRO31740M31740,25482,KS
20,161,99999,Riley County,,"Manhattan, KS HUD Metro FMR Area",2016199999,927,933,1139,1584,1911,METRO31740M31740,72105,KS
20,043,99999,Doniphan County,,"St. Joseph, MO-KS MSA",2004399999,818,879,1138,1440,1655,METRO41140M41140,7501,KS
20,085,99999,Jackson County,,"Topeka, KS MSA",2008599999,854,884,1140,1501,1522,METRO45820M45820,13274,KS
20,087,99999,Jefferson County,,"Topeka, KS MSA",2008799999,854,884,1140,1501,1522,METRO45820M45820,18387,KS
20,139,99999,Osage County,,"Topeka, KS MSA",2013999999,854,884,1140,1501,1522,METRO45820M45820,15787,KS
20,177,99999,Shawnee County,,"Topeka, KS MSA",2017799999,854,884,1140,1501,1522,METRO45820M45820,178625,KS
20,197,99999,Wabaunsee County,,"Topeka, KS MSA",2019799999,854,884,1140,1501,1522,METRO45820M45820,6922,KS
20,015,99999,Butler County,,"Wichita, KS HUD Metro FMR Area",2001599999,829,900,1165,1531,1892,METRO48620M48620,67618,KS
20,079,99999,Harvey County,,"Wichita, KS HUD Metro FMR Area",2007999999,829,900,1165,1531,1892,METRO48620M48620,33959,KS
20,173,99999,Sedgwick County,,"Wichita, KS HUD Metro FMR Area",2017399999,829,900,1165,1531,1892,METRO48620M48620,522700,KS
20,191,99999,Sumner County,,"Sumner County, KS HUD Metro FMR Area",2019199999,803,868,1139,1366,1508,METRO48620N20191,22517,KS
20,001,99999,Allen County,,"Allen County, KS",2000199999,689,727,877,1216,1276,NCNTY20001N20001,12554,KS
20,003,99999,Anderson County,,"Anderson County, KS",2000399999,652,678,890,1163,1493,NCNTY20003N20003,7799,KS
20,005,99999,Atchison County,,"Atchison County, KS",2000599999,648,687,901,1253,1511,NCNTY20005N20005,16309,KS
20,007,99999,Barber County,,"Barber County, KS",2000799999,643,730,877,1103,1471,NCNTY20007N20007,4081,KS
20,009,99999,Barton County,,"Barton County, KS",2000999999,643,693,877,1220,1296,NCNTY20009N20009,25477,KS
20,011,99999,Bourbon County,,"Bourbon County, KS",2001199999,693,766,1005,1205,1451,NCNTY20011N20011,14405,KS
20,013,99999,Brown County,,"Brown County, KS",2001399999,643,668,877,1143,1162,NCNTY20013N20013,9486,KS
20,017,99999,Chase County,,"Chase County, KS",2001799999,643,712,877,1184,1276,NCNTY20017N20017,2570,KS
20,019,99999,Chautauqua County,,"Chautauqua County, KS",2001999999,643,668,877,1108,1161,NCNTY20019N20019,3389,KS
20,023,99999,Cheyenne County,,"Cheyenne County, KS",2002399999,643,682,877,1052,1249,NCNTY20023N20023,2619,KS
20,025,99999,Clark County,,"Clark County, KS",2002599999,643,752,877,1075,1276,NCNTY20025N20025,1977,KS
20,027,99999,Clay County,,"Clay County, KS",2002799999,718,747,980,1293,1298,NCNTY20027N20027,8088,KS
20,029,99999,Cloud County,,"Cloud County, KS",2002999999,643,676,877,1052,1275,NCNTY20029N20029,9008,KS
20,031,99999,Coffey County,,"Coffey County, KS",2003199999,678,706,926,1120,1226,NCNTY20031N20031,8334,KS
20,033,99999,Comanche County,,"Comanche County, KS",2003399999,643,668,877,1144,1276,NCNTY20033N20033,1825,KS
20,035,99999,Cowley County,,"Cowley County, KS",2003599999,649,675,886,1150,1336,NCNTY20035N20035,34661,KS
20,037,99999,Crawford County,,"Crawford County, KS",2003799999,719,724,950,1321,1594,NCNTY20037N20037,39012,KS
20,039,99999,Decatur County,,"Decatur County, KS",2003999999,643,668,877,1220,1318,NCNTY20039N20039,2771,KS
20,041,99999,Dickinson County,,"Dickinson County, KS",2004199999,693,697,915,1202,1211,NCNTY20041N20041,18492,KS
20,047,99999,Edwards County,,"Edwards County, KS",2004799999,643,668,877,1134,1348,NCNTY20047N20047,2849,KS
20,049,99999,Elk County,,"Elk County, KS",2004999999,643,668,877,1132,1276,NCNTY20049N20049,2453,KS
20,051,99999,Ellis County,,"Ellis County, KS",2005199999,689,762,1000,1368,1678,NCNTY20051N20051,28921,KS
20,053,99999,Ellsworth County,,"Ellsworth County, KS",2005399999,643,708,877,1052,1285,NCNTY20053N20053,6374,KS
20,055,99999,Finney County,,"Finney County, KS",2005599999,825,831,1090,1503,1785,NCNTY20055N20055,38187,KS
20,057,99999,Ford County,,"Ford County, KS",2005799999,712,787,1033,1339,1476,NCNTY20057N20057,34212,KS
20,059,99999,Franklin County,,"Franklin County, KS",2005999999,833,838,1084,1300,1446,NCNTY20059N20059,25968,KS
20,063,99999,Gove County,,"Gove County, KS",2006399999,643,800,877,1157,1161,NCNTY20063N20063,2758,KS
20,065,99999,Graham County,,"Graham County, KS",2006599999,643,668,877,1115,1276,NCNTY20065N20065,2430,KS
20,067,99999,Grant County,,"Grant County, KS",2006799999,643,668,877,1220,1276,NCNTY20067N20067,7336,KS
20,069,99999,Gray County,,"Gray County, KS",2006999999,661,823,902,1121,1194,NCNTY20069N20069,5719,KS
20,071,99999,Greeley County,,"Greeley County, KS",2007199999,643,668,877,1052,1276,NCNTY20071N20071,1279,KS
20,073,99999,Greenwood County,,"Greenwood County, KS",2007399999,643,668,877,1052,1276,NCNTY20073N20073,6001,KS
20,075,99999,Hamilton County,,"Hamilton County, KS",2007599999,805,838,1099,1318,1599,NCNTY20075N20075,2520,KS
20,077,99999,Harper County,,"Harper County, KS",2007799999,643,740,877,1093,1276,NCNTY20077N20077,5457,KS
20,081,99999,Haskell County,,"Haskell County, KS",2008199999,643,668,877,1089,1276,NCNTY20081N20081,3735,KS
20,083,99999,Hodgeman County,,"Hodgeman County, KS",2008399999,723,803,987,1373,1632,NCNTY20083N20083,1770,KS
20,089,99999,Jewell County,,"Jewell County, KS",2008999999,643,712,877,1132,1276,NCNTY20089N20089,2929,KS
20,093,99999,Kearny County,,"Kearny County, KS",2009399999,1131,1177,1544,1851,2044,NCNTY20093N20093,3964,KS
20,095,99999,Kingman County,,"Kingman County, KS",2009599999,667,694,911,1267,1527,NCNTY20095N20095,7369,KS
20,097,99999,Kiowa County,,"Kiowa County, KS",2009799999,643,668,877,1088,1161,NCNTY20097N20097,2445,KS
20,099,99999,Labette County,,"Labette County, KS",2009999999,633,700,918,1101,1266,NCNTY20099N20099,20096,KS
20,101,99999,Lane County,,"Lane County, KS",2010199999,759,790,1036,1338,1507,NCNTY20101N20101,1528,KS
20,105,99999,Lincoln County,,"Lincoln County, KS",2010599999,643,668,877,1073,1276,NCNTY20105N20105,2929,KS
20,109,99999,Logan County,,"Logan County, KS",2010999999,722,899,986,1182,1305,NCNTY20109N20109,2752,KS
20,111,99999,Lyon County,,"Lyon County, KS",2011199999,658,705,925,1204,1457,NCNTY20111N20111,32182,KS
20,113,99999,McPherson County,,"McPherson County, KS",2011399999,723,752,987,1262,1455,NCNTY20113N20113,30085,KS
20,115,99999,Marion County,,"Marion County, KS",2011599999,643,688,877,1157,1161,NCNTY20115N20115,11867,KS
20,117,99999,Marshall County,,"Marshall County, KS",2011799999,643,668,877,1164,1471,NCNTY20117N20117,10014,KS
20,119,99999,Meade County,,"Meade County, KS",2011999999,643,668,877,1078,1276,NCNTY20119N20119,4019,KS
20,123,99999,Mitchell County,,"Mitchell County, KS",2012399999,643,668,877,1220,1276,NCNTY20123N20123,5829,KS
20,125,99999,Montgomery County,,"Montgomery County, KS",2012599999,656,683,896,1125,1448,NCNTY20125N20125,31448,KS
20,127,99999,Morris County,,"Morris County, KS",2012799999,643,679,877,1052,1424,NCNTY20127N20127,5385,KS
20,129,99999,Morton County,,"Morton County, KS",2012999999,643,668,877,1052,1276,NCNTY20129N20129,2688,KS
20,131,99999,Nemaha County,,"Nemaha County, KS",2013199999,643,722,877,1132,1471,NCNTY20131N20131,10219,KS
20,133,99999,Neosho County,,"Neosho County, KS",2013399999,687,691,877,1125,1349,NCNTY20133N20133,15826,KS
20,135,99999,Ness County,,"Ness County, KS",2013599999,643,668,877,1163,1168,NCNTY20135N20135,2677,KS
20,137,99999,Norton County,,"Norton County, KS",2013799999,643,678,877,1132,1276,NCNTY20137N20137,5431,KS
20,141,99999,Osborne County,,"Osborne County, KS",2014199999,643,668,877,1108,1276,NCNTY20141N20141,3493,KS
20,143,99999,Ottawa County,,"Ottawa County, KS",2014399999,733,763,1001,1227,1456,NCNTY20143N20143,5768,KS
20,145,99999,Pawnee County,,"Pawnee County, KS",2014599999,691,719,943,1272,1372,NCNTY20145N20145,6288,KS
20,147,99999,Phillips County,,"Phillips County, KS",2014799999,643,695,877,1185,1276,NCNTY20147N20147,4960,KS
20,151,99999,Pratt County,,"Pratt County, KS",2015199999,660,787,901,1188,1193,NCNTY20151N20151,9175,KS
20,153,99999,Rawlins County,,"Rawlins County, KS",2015399999,763,794,1042,1249,1516,NCNTY20153N20153,2544,KS
20,155,99999,Reno County,,"Reno County, KS",2015599999,693,766,1005,1227,1392,NCNTY20155N20155,61881,KS
20,157,99999,Republic County,,"Republic County, KS",2015799999,643,800,877,1200,1276,NCNTY20157N20157,4686,KS
20,159,99999,Rice County,,"Rice County, KS",2015999999,643,668,877,1178,1276,NCNTY20159N20159,9441,KS
20,163,99999,Rooks County,,"Rooks County, KS",2016399999,643,668,877,1052,1276,NCNTY20163N20163,4925,KS
20,165,99999,Rush County,,"Rush County, KS",2016599999,643,710,877,1220,1302,NCNTY20165N20165,2939,KS
20,167,99999,Russell County,,"Russell County, KS",2016799999,681,811,929,1125,1352,NCNTY20167N20167,6702,KS
20,169,99999,Saline County,,"Saline County, KS",2016999999,794,799,1047,1268,1386,NCNTY20169N20169,54160,KS
20,171,99999,Scott County,,"Scott County, KS",2017199999,643,668,877,1132,1471,NCNTY20171N20171,5128,KS
20,175,99999,Seward County,,"Seward County, KS",2017599999,776,816,1059,1423,1594,NCNTY20175N20175,21942,KS
20,179,99999,Sheridan County,,"Sheridan County, KS",2017999999,643,699,877,1052,1276,NCNTY20179N20179,2450,KS
20,181,99999,Sherman County,,"Sherman County, KS",2018199999,703,731,959,1150,1395,NCNTY20181N20181,5940,KS
20,183,99999,Smith County,,"Smith County, KS",2018399999,687,815,938,1213,1365,NCNTY20183N20183,3561,KS
20,185,99999,Stafford County,,"Stafford County, KS",2018599999,643,682,877,1167,1276,NCNTY20185N20185,4054,KS
20,187,99999,Stanton County,,"Stanton County, KS",2018799999,687,715,938,1211,1365,NCNTY20187N20187,2060,KS
20,189,99999,Stevens County,,"Stevens County, KS",2018999999,701,729,957,1165,1267,NCNTY20189N20189,5275,KS
20,193,99999,Thomas County,,"Thomas County, KS",2019399999,643,688,877,1116,1276,NCNTY20193N20193,7907,KS
20,195,99999,Trego County,,"Trego County, KS",2019599999,643,782,877,1052,1276,NCNTY20195N20195,2798,KS
20,199,99999,Wallace County,,"Wallace County, KS",2019999999,643,758,877,1220,1276,NCNTY20199N20199,1489,KS
20,201,99999,Washington County,,"Washington County, KS",2020199999,696,701,877,1157,1161,NCNTY20201N20201,5529,KS
20,203,99999,Wichita County,,"Wichita County, KS",2020399999,643,800,877,1220,1276,NCNTY20203N20203,2131,KS
20,205,99999,Wilson County,,"Wilson County, KS",2020599999,643,668,877,1103,1419,NCNTY20205N20205,8667,KS
20,207,99999,Woodson County,,"Woodson County, KS",2020799999,643,777,877,1194,1276,NCNTY20207N20207,3134,KS
21,061,99999,Edmonson County,,"Bowling Green, KY HUD Metro FMR Area",2106199999,938,1038,1216,1459,1905,METRO14540M14540,12179,KY
21,227,99999,Warren County,,"Bowling Green, KY HUD Metro FMR Area",2122799999,938,1038,1216,1459,1905,METRO14540M14540,135307,KY
21,003,99999,Allen County,,"Allen County, KY HUD Metro FMR Area",2100399999,848,848,1113,1368,1698,METRO14540N21003,20773,KY
21,031,99999,Butler County,,"Butler County, KY HUD Metro FMR Area",2103199999,685,685,899,1250,1272,METRO14540N21031,12365,KY
21,015,99999,Boone County,,"Cincinnati, OH-KY-IN  HUD Metro FMR Area",2101599999,1041,1142,1470,1940,2147,METRO17140M17140,136150,KY
21,023,99999,Bracken County,,"Cincinnati, OH-KY-IN  HUD Metro FMR Area",2102399999,1041,1142,1470,1940,2147,METRO17140M17140,8420,KY
21,037,99999,Campbell County,,"Cincinnati, OH-KY-IN  HUD Metro FMR Area",2103799999,1041,1142,1470,1940,2147,METRO17140M17140,93122,KY
21,077,99999,Gallatin County,,"Cincinnati, OH-KY-IN  HUD Metro FMR Area",2107799999,1041,1142,1470,1940,2147,METRO17140M17140,8720,KY
21,117,99999,Kenton County,,"Cincinnati, OH-KY-IN  HUD Metro FMR Area",2111799999,1041,1142,1470,1940,2147,METRO17140M17140,169066,KY
21,191,99999,Pendleton County,,"Cincinnati, OH-KY-IN  HUD Metro FMR Area",2119199999,1041,1142,1470,1940,2147,METRO17140M17140,14638,KY
21,081,99999,Grant County,,"Grant County, KY HUD Metro FMR Area",2108199999,852,931,1195,1433,1736,METRO17140MM3020,25085,KY
21,047,99999,Christian County,,"Clarksville, TN-KY HUD Metro FMR Area",2104799999,1180,1184,1457,2026,2444,METRO17300M17300,72766,KY
21,221,99999,Trigg County,,"Clarksville, TN-KY HUD Metro FMR Area",2122199999,1180,1184,1457,2026,2444,METRO17300M17300,14154,KY
21,093,99999,Hardin County,,"Elizabethtown, KY HUD Metro FMR Area",2109399999,894,900,1123,1562,1884,METRO21060M21060,111005,KY
21,123,99999,Larue County,,"Elizabethtown, KY HUD Metro FMR Area",2112399999,894,900,1123,1562,1884,METRO21060M21060,14902,KY
21,043,99999,Carter County,,"Carter County, KY HUD Metro FMR Area",2104399999,698,703,866,1204,1254,METRO26580M21043,26671,KY
21,019,99999,Boyd County,,"Huntington-Ashland, WV-KY-OH HUD Metro FMR Area",2101999999,881,886,1011,1297,1465,METRO26580M26580,48242,KY
21,089,99999,Greenup County,,"Huntington-Ashland, WV-KY-OH HUD Metro FMR Area",2108999999,881,886,1011,1297,1465,METRO26580M26580,35853,KY
21,127,99999,Lawrence County,,"Lawrence County, KY HUD Metro FMR Area",2112799999,756,761,979,1174,1418,METRO26580N21127,16228,KY
21,017,99999,Bourbon County,,"Lexington-Fayette, KY MSA",2101799999,958,1171,1381,1892,2106,METRO30460M30460,20228,KY
21,049,99999,Clark County,,"Lexington-Fayette, KY MSA",2104999999,958,1171,1381,1892,2106,METRO30460M30460,36897,KY
21,067,99999,Fayette County,,"Lexington-Fayette, KY MSA",2106799999,958,1171,1381,1892,2106,METRO30460M30460,321276,KY
21,113,99999,Jessamine County,,"Lexington-Fayette, KY MSA",2111399999,958,1171,1381,1892,2106,METRO30460M30460,53381,KY
21,209,99999,Scott County,,"Lexington-Fayette, KY MSA",2120999999,958,1171,1381,1892,2106,METRO30460M30460,57286,KY
21,239,99999,Woodford County,,"Lexington-Fayette, KY MSA",2123999999,958,1171,1381,1892,2106,METRO30460M30460,26886,KY
21,163,99999,Meade County,,"Meade County, KY HUD Metro FMR Area",2116399999,841,847,1111,1513,1680,METRO31140M21163,29964,KY
21,029,99999,Bullitt County,,"Louisville, KY-IN HUD Metro FMR Area",2102999999,1038,1124,1366,1745,2030,METRO31140M31140,82482,KY
21,103,99999,Henry County,,"Louisville, KY-IN HUD Metro FMR Area",2110399999,1038,1124,1366,1745,2030,METRO31140M31140,15731,KY
21,111,99999,Jefferson County,,"Louisville, KY-IN HUD Metro FMR Area",2111199999,1038,1124,1366,1745,2030,METRO31140M31140,779232,KY
21,185,99999,Oldham County,,"Louisville, KY-IN HUD Metro FMR Area",2118599999,1038,1124,1366,1745,2030,METRO31140M31140,67997,KY
21,215,99999,Spencer County,,"Louisville, KY-IN HUD Metro FMR Area",2121599999,1038,1124,1366,1745,2030,METRO31140M31140,19549,KY
21,179,99999,Nelson County,,"Nelson County, KY HUD Metro FMR Area",2117999999,823,834,1085,1453,1820,METRO31140N21179,46779,KY
21,211,99999,Shelby County,,"Shelby County, KY HUD Metro FMR Area",2121199999,1025,1103,1227,1521,1822,METRO31140N21211,48105,KY
21,059,99999,Daviess County,,"Owensboro, KY MSA",2105999999,887,892,1171,1546,1550,METRO36980M36980,102916,KY
21,149,99999,McLean County,,"Owensboro, KY MSA",2114999999,887,892,1171,1546,1550,METRO36980M36980,9173,KY
21,007,99999,Ballard County,,"Ballard County, KY HUD Metro FMR Area",2100799999,841,859,1127,1351,1724,METRO37140N21007,7742,KY
21,039,99999,Carlisle County,,"Carlisle County, KY HUD Metro FMR Area",2103999999,776,814,1040,1334,1591,METRO37140N21039,4782,KY
21,139,99999,Livingston County,,"Livingston County, KY HUD Metro FMR Area",2113999999,938,1042,1257,1507,1922,METRO37140N21139,8980,KY
21,145,99999,McCracken County,,"McCracken County, KY HUD Metro FMR Area",2114599999,772,901,1120,1343,1879,METRO37140N21145,67573,KY
21,001,99999,Adair County,,"Adair County, KY",2100199999,619,683,866,1204,1246,NCNTY21001N21001,18887,KY
21,005,99999,Anderson County,,"Anderson County, KY",2100599999,767,979,1073,1362,1498,NCNTY21005N21005,23839,KY
21,009,99999,Barren County,,"Barren County, KY",2100999999,699,703,923,1172,1361,NCNTY21009N21009,44511,KY
21,011,99999,Bath County,,"Bath County, KY",2101199999,619,668,866,1124,1360,NCNTY21011N21011,12739,KY
21,013,99999,Bell County,,"Bell County, KY",2101399999,597,790,866,1133,1294,NCNTY21013N21013,24248,KY
21,021,99999,Boyle County,,"Boyle County, KY",2102199999,723,728,952,1251,1409,NCNTY21021N21021,30613,KY
21,025,99999,Breathitt County,,"Breathitt County, KY",2102599999,619,714,866,1204,1259,NCNTY21025N21025,13580,KY
21,027,99999,Breckinridge County,,"Breckinridge County, KY",2102799999,686,690,866,1204,1209,NCNTY21027N21027,20528,KY
21,033,99999,Caldwell County,,"Caldwell County, KY",2103399999,629,725,880,1055,1228,NCNTY21033N21033,12635,KY
21,035,99999,Calloway County,,"Calloway County, KY",2103599999,854,910,1194,1432,1581,NCNTY21035N21035,37345,KY
21,041,99999,Carroll County,,"Carroll County, KY",2104199999,727,779,1018,1221,1348,NCNTY21041N21041,10842,KY
21,045,99999,Casey County,,"Casey County, KY",2104599999,619,790,866,1038,1169,NCNTY21045N21045,15942,KY
21,051,99999,Clay County,,"Clay County, KY",2105199999,662,759,866,1176,1308,NCNTY21051N21051,20322,KY
21,053,99999,Clinton County,,"Clinton County, KY",2105399999,619,660,866,1041,1209,NCNTY21053N21053,9295,KY
21,055,99999,Crittenden County,,"Crittenden County, KY",2105599999,654,697,915,1097,1277,NCNTY21055N21055,8979,KY
21,057,99999,Cumberland County,,"Cumberland County, KY",2105799999,619,701,866,1204,1209,NCNTY21057N21057,5974,KY
21,063,99999,Elliott County,,"Elliott County, KY",2106399999,648,715,907,1132,1266,NCNTY21063N21063,7378,KY
21,065,99999,Estill County,,"Estill County, KY",2106599999,619,790,866,1120,1259,NCNTY21065N21065,14138,KY
21,069,99999,Fleming County,,"Fleming County, KY",2106999999,619,703,866,1142,1147,NCNTY21069N21069,15111,KY
21,071,99999,Floyd County,,"Floyd County, KY",2107199999,690,736,966,1185,1296,NCNTY21071N21071,35780,KY
21,073,99999,Franklin County,,"Franklin County, KY",2107399999,789,907,1144,1490,1775,NCNTY21073N21073,51475,KY
21,075,99999,Fulton County,,"Fulton County, KY",2107599999,620,661,867,1206,1454,NCNTY21075N21075,6480,KY
21,079,99999,Garrard County,,"Garrard County, KY",2107999999,667,852,934,1199,1333,NCNTY21079N21079,17175,KY
21,083,99999,Graves County,,"Graves County, KY",2108399999,619,660,866,1204,1311,NCNTY21083N21083,36701,KY
21,085,99999,Grayson County,,"Grayson County, KY",2108599999,708,712,866,1200,1209,NCNTY21085N21085,26465,KY
21,087,99999,Green County,,"Green County, KY",2108799999,619,790,866,1142,1147,NCNTY21087N21087,11198,KY
21,091,99999,Hancock County,,"Hancock County, KY",2109199999,769,774,1016,1345,1347,NCNTY21091N21091,9058,KY
21,095,99999,Harlan County,,"Harlan County, KY",2109599999,694,699,866,1142,1147,NCNTY21095N21095,26589,KY
21,097,99999,Harrison County,,"Harrison County, KY",2109799999,629,803,880,1224,1234,NCNTY21097N21097,18803,KY
21,099,99999,Hart County,,"Hart County, KY",2109999999,619,747,866,1077,1198,NCNTY21099N21099,19345,KY
21,101,99999,Henderson County,,"Henderson County, KY",2110199999,747,804,950,1284,1488,NCNTY21101N21101,44770,KY
21,105,99999,Hickman County,,"Hickman County, KY",2110599999,619,660,866,1142,1147,NCNTY21105N21105,4491,KY
21,107,99999,Hopkins County,,"Hopkins County, KY",2110799999,696,721,946,1223,1398,NCNTY21107N21107,45223,KY
21,109,99999,Jackson County,,"Jackson County, KY",2110999999,619,660,866,1204,1209,NCNTY21109N21109,13002,KY
21,115,99999,Johnson County,,"Johnson County, KY",2111599999,619,696,866,1154,1280,NCNTY21115N21115,22631,KY
21,119,99999,Knott County,,"Knott County, KY",2111999999,664,733,929,1114,1297,NCNTY21119N21119,14282,KY
21,121,99999,Knox County,,"Knox County, KY",2112199999,619,745,866,1038,1453,NCNTY21121N21121,30207,KY
21,125,99999,Laurel County,,"Laurel County, KY",2112599999,636,707,922,1118,1270,NCNTY21125N21125,62442,KY
21,129,99999,Lee County,,"Lee County, KY",2112999999,687,759,962,1153,1343,NCNTY21129N21129,7338,KY
21,131,99999,Leslie County,,"Leslie County, KY",2113199999,619,790,866,1204,1209,NCNTY21131N21131,10468,KY
21,133,99999,Letcher County,,"Letcher County, KY",2113399999,619,759,866,1166,1316,NCNTY21133N21133,21490,KY
21,135,99999,Lewis County,,"Lewis County, KY",2113599999,619,660,866,1136,1209,NCNTY21135N21135,13063,KY
21,137,99999,Lincoln County,,"Lincoln County, KY",2113799999,619,753,866,1038,1147,NCNTY21137N21137,24320,KY
21,141,99999,Logan County,,"Logan County, KY",2114199999,650,679,891,1212,1311,NCNTY21141N21141,27498,KY
21,143,99999,Lyon County,,"Lyon County, KY",2114399999,635,678,889,1236,1491,NCNTY21143N21143,8721,KY
21,147,99999,McCreary County,,"McCreary County, KY",2114799999,619,790,866,1069,1209,NCNTY21147N21147,16892,KY
21,151,99999,Madison County,,"Madison County, KY",2115199999,700,838,965,1342,1511,NCNTY21151N21151,92955,KY
21,153,99999,Magoffin County,,"Magoffin County, KY",2115399999,619,790,866,1038,1209,NCNTY21153N21153,11647,KY
21,155,99999,Marion County,,"Marion County, KY",2115599999,623,665,872,1101,1309,NCNTY21155N21155,19627,KY
21,157,99999,Marshall County,,"Marshall County, KY",2115799999,693,847,970,1307,1354,NCNTY21157N21157,31706,KY
21,159,99999,Martin County,,"Martin County, KY",2115999999,648,715,907,1132,1266,NCNTY21159N21159,11298,KY
21,161,99999,Mason County,,"Mason County, KY",2116199999,657,797,953,1159,1330,NCNTY21161N21161,17068,KY
21,165,99999,Menifee County,,"Menifee County, KY",2116599999,619,683,866,1110,1209,NCNTY21165N21165,6174,KY
21,167,99999,Mercer County,,"Mercer County, KY",2116799999,619,660,866,1204,1453,NCNTY21167N21167,22662,KY
21,169,99999,Metcalfe County,,"Metcalfe County, KY",2116999999,619,755,866,1081,1209,NCNTY21169N21169,10313,KY
21,171,99999,Monroe County,,"Monroe County, KY",2117199999,619,660,866,1204,1209,NCNTY21171N21171,11331,KY
21,173,99999,Montgomery County,,"Montgomery County, KY",2117399999,695,742,973,1283,1288,NCNTY21173N21173,28188,KY
21,175,99999,Morgan County,,"Morgan County, KY",2117599999,619,660,866,1204,1272,NCNTY21175N21175,13840,KY
21,177,99999,Muhlenberg County,,"Muhlenberg County, KY",2117799999,639,681,894,1072,1264,NCNTY21177N21177,30735,KY
21,181,99999,Nicholas County,,"Nicholas County, KY",2118199999,619,696,866,1204,1311,NCNTY21181N21181,7613,KY
21,183,99999,Ohio County,,"Ohio County, KY",2118399999,664,708,929,1119,1307,NCNTY21183N21183,23782,KY
21,187,99999,Owen County,,"Owen County, KY",2118799999,748,797,1046,1397,1460,NCNTY21187N21187,11229,KY
21,189,99999,Owsley County,,"Owsley County, KY",2118999999,619,683,866,1115,1209,NCNTY21189N21189,4054,KY
21,193,99999,Perry County,,"Perry County, KY",2119399999,702,749,983,1179,1302,NCNTY21193N21193,28136,KY
21,195,99999,Pike County,,"Pike County, KY",2119599999,738,787,1033,1239,1641,NCNTY21195N21195,58196,KY
21,197,99999,Powell County,,"Powell County, KY",2119799999,619,660,866,1204,1453,NCNTY21197N21197,13089,KY
21,199,99999,Pulaski County,,"Pulaski County, KY",2119999999,702,748,982,1177,1437,NCNTY21199N21199,65145,KY
21,201,99999,Robertson County,,"Robertson County, KY",2120199999,619,660,866,1081,1209,NCNTY21201N21201,2207,KY
21,203,99999,Rockcastle County,,"Rockcastle County, KY",2120399999,619,741,866,1126,1209,NCNTY21203N21203,16171,KY
21,205,99999,Rowan County,,"Rowan County, KY",2120599999,665,779,965,1224,1619,NCNTY21205N21205,24551,KY
21,207,99999,Russell County,,"Russell County, KY",2120799999,619,660,866,1038,1147,NCNTY21207N21207,18021,KY
21,213,99999,Simpson County,,"Simpson County, KY",2121399999,785,908,1099,1464,1534,NCNTY21213N21213,19574,KY
21,217,99999,Taylor County,,"Taylor County, KY",2121799999,619,790,866,1204,1209,NCNTY21217N21217,26056,KY
21,219,99999,Todd County,,"Todd County, KY",2121999999,707,755,990,1241,1457,NCNTY21219N21219,12281,KY
21,223,99999,Trimble County,,"Trimble County, KY",2122399999,758,827,1061,1399,1405,NCNTY21223N21223,8510,KY
21,225,99999,Union County,,"Union County, KY",2122599999,666,710,932,1117,1234,NCNTY21225N21225,13495,KY
21,229,99999,Washington County,,"Washington County, KY",2122999999,708,755,991,1307,1411,NCNTY21229N21229,12025,KY
21,231,99999,Wayne County,,"Wayne County, KY",2123199999,619,677,866,1204,1453,NCNTY21231N21231,19666,KY
21,233,99999,Webster County,,"Webster County, KY",2123399999,640,682,895,1152,1249,NCNTY21233N21233,12951,KY
21,235,99999,Whitley County,,"Whitley County, KY",2123599999,620,661,867,1040,1158,NCNTY21235N21235,36648,KY
21,237,99999,Wolfe County,,"Wolfe County, KY",2123799999,619,683,866,1081,1209,NCNTY21237N21237,6573,KY
22,043,99999,Grant Parish,,"Alexandria, LA MSA",2204399999,788,843,1075,1452,1647,METRO10780M10780,22185,LA
22,079,99999,Rapides Parish,,"Alexandria, LA MSA",2207999999,788,843,1075,1452,1647,METRO10780M10780,129536,LA
22,005,99999,Ascension Parish,,"Baton Rouge, LA HUD Metro FMR Area",2200599999,1123,1158,1310,1644,2114,METRO12940M12940,126973,LA
22,033,99999,East Baton Rouge Parish,,"Baton Rouge, LA HUD Metro FMR Area",2203399999,1123,1158,1310,1644,2114,METRO12940M12940,454369,LA
22,037,99999,East Feliciana Parish,,"Baton Rouge, LA HUD Metro FMR Area",2203799999,1123,1158,1310,1644,2114,METRO12940M12940,19452,LA
22,063,99999,Livingston Parish,,"Baton Rouge, LA HUD Metro FMR Area",2206399999,1123,1158,1310,1644,2114,METRO12940M12940,143425,LA
22,077,99999,Pointe Coupee Parish,,"Baton Rouge, LA HUD Metro FMR Area",2207799999,1123,1158,1310,1644,2114,METRO12940M12940,20652,LA
22,091,99999,St. Helena Parish,,"Baton Rouge, LA HUD Metro FMR Area",2209199999,1123,1158,1310,1644,2114,METRO12940M12940,10872,LA
22,121,99999,West Baton Rouge Parish,,"Baton Rouge, LA HUD Metro FMR Area",2212199999,1123,1158,1310,1644,2114,METRO12940M12940,27377,LA
22,125,99999,West Feliciana Parish,,"Baton Rouge, LA HUD Metro FMR Area",2212599999,1123,1158,1310,1644,2114,METRO12940M12940,15358,LA
22,007,99999,Assumption Parish,,"Assumption Parish, LA HUD Metro FMR Area",2200799999,824,829,994,1382,1599,METRO12940M22007,21067,LA
22,047,99999,Iberville Parish,,"Iberville Parish, LA HUD Metro FMR Area",2204799999,775,820,899,1250,1508,METRO12940N22047,30210,LA
22,105,99999,Tangipahoa Parish,,"Hammond, LA MSA",2210599999,899,917,1188,1483,1573,METRO25220M25220,133953,LA
22,057,99999,Lafourche Parish,,"Houma-Bayou Cane-Thibodaux, LA MSA",2205799999,802,954,1163,1404,1540,METRO26380M26380,97220,LA
22,109,99999,Terrebonne Parish,,"Houma-Bayou Cane-Thibodaux, LA MSA",2210999999,802,954,1163,1404,1540,METRO26380M26380,108862,LA
22,055,99999,Lafayette Parish,,"Lafayette, LA HUD Metro FMR Area",2205599999,832,959,1088,1390,1689,METRO29180M29180,243175,LA
22,099,99999,St. Martin Parish,,"Lafayette, LA HUD Metro FMR Area",2209999999,832,959,1088,1390,1689,METRO29180M29180,51856,LA
22,001,99999,Acadia Parish,,"Acadia Parish, LA HUD Metro FMR Area",2200199999,658,728,955,1145,1295,METRO29180N22001,57674,LA
22,113,99999,Vermilion Parish,,"Vermilion Parish, LA HUD Metro FMR Area",2211399999,594,779,854,1126,1131,METRO29180N22113,57202,LA
22,019,99999,Calcasieu Parish,,"Lake Charles, LA HUD Metro FMR Area",2201999999,993,999,1311,1572,1736,METRO29340M29340,210770,LA
22,023,99999,Cameron Parish,,"Lake Charles, LA HUD Metro FMR Area",2202399999,993,999,1311,1572,1736,METRO29340M29340,5447,LA
22,053,99999,Jefferson Davis Parish,,"Jefferson Davis Parish, LA HUD Metro FMR Area",2205399999,648,716,940,1296,1577,METRO29340N22053,32277,LA
22,067,99999,Morehouse Parish,,"Morehouse Parish, LA HUD Metro FMR Area",2206799999,641,645,846,1160,1175,METRO33740M22067,25438,LA
22,073,99999,Ouachita Parish,,"Monroe, LA HUD Metro FMR Area",2207399999,819,848,1098,1411,1454,METRO33740M33740,159585,LA
22,111,99999,Union Parish,,"Monroe, LA HUD Metro FMR Area",2211199999,819,848,1098,1411,1454,METRO33740M33740,21049,LA
22,083,99999,Richland Parish,,"Richland Parish, LA HUD Metro FMR Area",2208399999,777,782,973,1167,1386,METRO33740N22083,20028,LA
22,051,99999,Jefferson Parish,,"New Orleans-Metairie, LA HUD Metro FMR Area",2205199999,1018,1151,1382,1757,2090,METRO35380M35380,436171,LA
22,071,99999,Orleans Parish,,"New Orleans-Metairie, LA HUD Metro FMR Area",2207199999,1018,1151,1382,1757,2090,METRO35380M35380,380408,LA
22,075,99999,Plaquemines Parish,,"New Orleans-Metairie, LA HUD Metro FMR Area",2207599999,1018,1151,1382,1757,2090,METRO35380M35380,23305,LA
22,087,99999,St. Bernard Parish,,"New Orleans-Metairie, LA HUD Metro FMR Area",2208799999,1018,1151,1382,1757,2090,METRO35380M35380,44038,LA
22,089,99999,St. Charles Parish,,"New Orleans-Metairie, LA HUD Metro FMR Area",2208999999,1018,1151,1382,1757,2090,METRO35380M35380,52191,LA
22,095,99999,St. John the Baptist Parish,,"New Orleans-Metairie, LA HUD Metro FMR Area",2209599999,1018,1151,1382,1757,2090,METRO35380M35380,41986,LA
22,093,99999,St. James Parish,,"St. James Parish, LA HUD Metro FMR Area",2209399999,818,823,1080,1502,1542,METRO35380N22093,20090,LA
22,015,99999,Bossier Parish,,"Shreveport-Bossier City, LA MSA",2201599999,948,1070,1211,1590,1692,METRO43340M43340,128877,LA
22,017,99999,Caddo Parish,,"Shreveport-Bossier City, LA MSA",2201799999,948,1070,1211,1590,1692,METRO43340M43340,236259,LA
22,031,99999,De Soto Parish,,"Shreveport-Bossier City, LA MSA",2203199999,948,1070,1211,1590,1692,METRO43340M43340,26821,LA
22,103,99999,St. Tammany Parish,,"Slidell-Mandeville-Covington, LA MSA",2210399999,1063,1213,1428,1851,2068,METRO43640M43640,266168,LA
22,003,99999,Allen Parish,,"Allen Parish, LA",2200399999,645,809,895,1125,1340,NCNTY22003N22003,22798,LA
22,009,99999,Avoyelles Parish,,"Avoyelles Parish, LA",2200999999,667,706,926,1174,1387,NCNTY22009N22009,39529,LA
22,011,99999,Beauregard Parish,,"Beauregard Parish, LA",2201199999,703,765,1004,1240,1684,NCNTY22011N22011,36553,LA
22,013,99999,Bienville Parish,,"Bienville Parish, LA",2201399999,601,707,834,1160,1399,NCNTY22013N22013,12958,LA
22,021,99999,Caldwell Parish,,"Caldwell Parish, LA",2202199999,604,647,834,1072,1249,NCNTY22021N22021,9658,LA
22,025,99999,Catahoula Parish,,"Catahoula Parish, LA",2202599999,601,647,834,1139,1249,NCNTY22025N22025,8895,LA
22,027,99999,Claiborne Parish,,"Claiborne Parish, LA",2202799999,601,706,834,1000,1249,NCNTY22027N22027,14203,LA
22,029,99999,Concordia Parish,,"Concordia Parish, LA",2202999999,609,656,846,1147,1267,NCNTY22029N22029,18677,LA
22,035,99999,East Carroll Parish,,"East Carroll Parish, LA",2203599999,635,684,881,1143,1319,NCNTY22035N22035,7371,LA
22,039,99999,Evangeline Parish,,"Evangeline Parish, LA",2203999999,601,667,834,1085,1104,NCNTY22039N22039,32335,LA
22,041,99999,Franklin Parish,,"Franklin Parish, LA",2204199999,601,698,834,1067,1249,NCNTY22041N22041,19752,LA
22,045,99999,Iberia Parish,,"Iberia Parish, LA",2204599999,732,824,976,1286,1589,NCNTY22045N22045,69958,LA
22,049,99999,Jackson Parish,,"Jackson Parish, LA",2204999999,601,761,834,1160,1225,NCNTY22049N22049,15093,LA
22,059,99999,La Salle Parish,,"La Salle Parish, LA",2205999999,643,693,893,1073,1498,NCNTY22059N22059,14764,LA
22,061,99999,Lincoln Parish,,"Lincoln Parish, LA",2206199999,650,729,902,1225,1440,NCNTY22061N22061,48323,LA
22,065,99999,Madison Parish,,"Madison Parish, LA",2206599999,616,638,834,1100,1399,NCNTY22065N22065,10028,LA
22,069,99999,Natchitoches Parish,,"Natchitoches Parish, LA",2206999999,634,705,925,1146,1501,NCNTY22069N22069,37478,LA
22,081,99999,Red River Parish,,"Red River Parish, LA",2208199999,623,671,865,1113,1295,NCNTY22081N22081,7631,LA
22,085,99999,Sabine Parish,,"Sabine Parish, LA",2208599999,718,722,892,1070,1307,NCNTY22085N22085,22209,LA
22,097,99999,St. Landry Parish,,"St. Landry Parish, LA",2209799999,652,656,861,1073,1207,NCNTY22097N22097,82574,LA
22,101,99999,St. Mary Parish,,"St. Mary Parish, LA",2210199999,751,756,992,1303,1584,NCNTY22101N22101,49114,LA
22,107,99999,Tensas Parish,,"Tensas Parish, LA",2210799999,601,761,834,1160,1249,NCNTY22107N22107,4127,LA
22,115,99999,Vernon Parish,,"Vernon Parish, LA",2211599999,788,815,1069,1377,1499,NCNTY22115N22115,48452,LA
22,117,99999,Washington Parish,,"Washington Parish, LA",2211799999,727,761,834,1160,1388,NCNTY22117N22117,45514,LA
22,119,99999,Webster Parish,,"Webster Parish, LA",2211999999,602,665,873,1155,1156,NCNTY22119N22119,36761,LA
22,123,99999,West Carroll Parish,,"West Carroll Parish, LA",2212399999,601,636,834,1088,1138,NCNTY22123N22123,9800,LA
22,127,99999,Winn Parish,,"Winn Parish, LA",2212799999,601,761,834,1160,1249,NCNTY22127N22127,13665,LA
23,019,02795,Penobscot County,Bangor city,"Bangor, ME HUD Metro FMR Area",2301902795,1307,1378,1742,2240,2354,METRO12620MM0730,31663,ME
23,019,06925,Penobscot County,Brewer city,"Bangor, ME HUD Metro FMR Area",2301906925,1307,1378,1742,2240,2354,METRO12620MM0730,9654,ME
23,019,22535,Penobscot County,Eddington town,"Bangor, ME HUD Metro FMR Area",2301922535,1307,1378,1742,2240,2354,METRO12620MM0730,2273,ME
23,019,27645,Penobscot County,Glenburn town,"Bangor, ME HUD Metro FMR Area",2301927645,1307,1378,1742,2240,2354,METRO12620MM0730,4701,ME
23,019,30795,Penobscot County,Hampden town,"Bangor, ME HUD Metro FMR Area",2301930795,1307,1378,1742,2240,2354,METRO12620MM0730,7831,ME
23,019,32510,Penobscot County,Hermon town,"Bangor, ME HUD Metro FMR Area",2301932510,1307,1378,1742,2240,2354,METRO12620MM0730,6618,ME
23,019,33490,Penobscot County,Holden town,"Bangor, ME HUD Metro FMR Area",2301933490,1307,1378,1742,2240,2354,METRO12620MM0730,3326,ME
23,019,36325,Penobscot County,Kenduskeag town,"Bangor, ME HUD Metro FMR Area",2301936325,1307,1378,1742,2240,2354,METRO12620MM0730,1306,ME
23,019,45670,Penobscot County,Milford town,"Bangor, ME HUD Metro FMR Area",2301945670,1307,1378,1742,2240,2354,METRO12620MM0730,3083,ME
23,019,55225,Penobscot County,Old Town city,"Bangor, ME HUD Metro FMR Area",2301955225,1307,1378,1742,2240,2354,METRO12620MM0730,7439,ME
23,019,55565,Penobscot County,Orono town,"Bangor, ME HUD Metro FMR Area",2301955565,1307,1378,1742,2240,2354,METRO12620MM0730,11693,ME
23,019,55680,Penobscot County,Orrington town,"Bangor, ME HUD Metro FMR Area",2301955680,1307,1378,1742,2240,2354,METRO12620MM0730,3837,ME
23,019,57936,Penobscot County,Penobscot Indian Island Reservation,"Bangor, ME HUD Metro FMR Area",2301957936,1307,1378,1742,2240,2354,METRO12620MM0730,532,ME
23,019,78780,Penobscot County,Veazie town,"Bangor, ME HUD Metro FMR Area",2301978780,1307,1378,1742,2240,2354,METRO12620MM0730,1866,ME
23,019,01115,Penobscot County,Alton town,"Penobscot County, ME (part) HUD Metro FMR Area",2301901115,1049,1134,1488,1923,2148,METRO12620N23019,783,ME
23,019,01500,Penobscot County,Argyle UT,"Penobscot County, ME (part) HUD Metro FMR Area",2301901500,1049,1134,1488,1923,2148,METRO12620N23019,277,ME
23,019,06575,Penobscot County,Bradford town,"Penobscot County, ME (part) HUD Metro FMR Area",2301906575,1049,1134,1488,1923,2148,METRO12620N23019,1180,ME
23,019,06680,Penobscot County,Bradley town,"Penobscot County, ME (part) HUD Metro FMR Area",2301906680,1049,1134,1488,1923,2148,METRO12620N23019,1561,ME
23,019,09200,Penobscot County,Burlington town,"Penobscot County, ME (part) HUD Metro FMR Area",2301909200,1049,1134,1488,1923,2148,METRO12620N23019,335,ME
23,019,10670,Penobscot County,Carmel town,"Penobscot County, ME (part) HUD Metro FMR Area",2301910670,1049,1134,1488,1923,2148,METRO12620N23019,2901,ME
23,019,10810,Penobscot County,Carroll plantation,"Penobscot County, ME (part) HUD Metro FMR Area",2301910810,1049,1134,1488,1923,2148,METRO12620N23019,132,ME
23,019,12105,Penobscot County,Charleston town,"Penobscot County, ME (part) HUD Metro FMR Area",2301912105,1049,1134,1488,1923,2148,METRO12620N23019,1189,ME
23,019,12525,Penobscot County,Chester town,"Penobscot County, ME (part) HUD Metro FMR Area",2301912525,1049,1134,1488,1923,2148,METRO12620N23019,564,ME
23,019,13365,Penobscot County,Clifton town,"Penobscot County, ME (part) HUD Metro FMR Area",2301913365,1049,1134,1488,1923,2148,METRO12620N23019,1101,ME
23,019,14310,Penobscot County,Corinna town,"Penobscot County, ME (part) HUD Metro FMR Area",2301914310,1049,1134,1488,1923,2148,METRO12620N23019,2079,ME
23,019,14380,Penobscot County,Corinth town,"Penobscot County, ME (part) HUD Metro FMR Area",2301914380,1049,1134,1488,1923,2148,METRO12620N23019,2942,ME
23,019,17530,Penobscot County,Dexter town,"Penobscot County, ME (part) HUD Metro FMR Area",2301917530,1049,1134,1488,1923,2148,METRO12620N23019,3812,ME
23,019,17950,Penobscot County,Dixmont town,"Penobscot County, ME (part) HUD Metro FMR Area",2301917950,1049,1134,1488,1923,2148,METRO12620N23019,1241,ME
23,019,18580,Penobscot County,Drew plantation,"Penobscot County, ME (part) HUD Metro FMR Area",2301918580,1049,1134,1488,1923,2148,METRO12620N23019,29,ME
23,019,19868,Penobscot County,East Central Penobscot UT,"Penobscot County, ME (part) HUD Metro FMR Area",2301919868,1049,1134,1488,1923,2148,METRO12620N23019,322,ME
23,019,21030,Penobscot County,East Millinocket town,"Penobscot County, ME (part) HUD Metro FMR Area",2301921030,1049,1134,1488,1923,2148,METRO12620N23019,1545,ME
23,019,22710,Penobscot County,Edinburg town,"Penobscot County, ME (part) HUD Metro FMR Area",2301922710,1049,1134,1488,1923,2148,METRO12620N23019,144,ME
23,019,23620,Penobscot County,Enfield town,"Penobscot County, ME (part) HUD Metro FMR Area",2301923620,1049,1134,1488,1923,2148,METRO12620N23019,1411,ME
23,019,23865,Penobscot County,Etna town,"Penobscot County, ME (part) HUD Metro FMR Area",2301923865,1049,1134,1488,1923,2148,METRO12620N23019,1245,ME
23,019,24110,Penobscot County,Exeter town,"Penobscot County, ME (part) HUD Metro FMR Area",2301924110,1049,1134,1488,1923,2148,METRO12620N23019,1132,ME
23,019,27190,Penobscot County,Garland town,"Penobscot County, ME (part) HUD Metro FMR Area",2301927190,1049,1134,1488,1923,2148,METRO12620N23019,819,ME
23,019,29185,Penobscot County,Greenbush town,"Penobscot County, ME (part) HUD Metro FMR Area",2301929185,1049,1134,1488,1923,2148,METRO12620N23019,1437,ME
23,019,34190,Penobscot County,Howland town,"Penobscot County, ME (part) HUD Metro FMR Area",2301934190,1049,1134,1488,1923,2148,METRO12620N23019,1320,ME
23,019,34365,Penobscot County,Hudson town,"Penobscot County, ME (part) HUD Metro FMR Area",2301934365,1049,1134,1488,1923,2148,METRO12620N23019,1203,ME
23,019,37075,Penobscot County,Kingman UT,"Penobscot County, ME (part) HUD Metro FMR Area",2301937075,1049,1134,1488,1923,2148,METRO12620N23019,176,ME
23,019,37760,Penobscot County,Lagrange town,"Penobscot County, ME (part) HUD Metro FMR Area",2301937760,1049,1134,1488,1923,2148,METRO12620N23019,746,ME
23,019,38005,Penobscot County,Lakeville town,"Penobscot County, ME (part) HUD Metro FMR Area",2301938005,1049,1134,1488,1923,2148,METRO12620N23019,78,ME
23,019,38530,Penobscot County,Lee town,"Penobscot County, ME (part) HUD Metro FMR Area",2301938530,1049,1134,1488,1923,2148,METRO12620N23019,934,ME
23,019,38705,Penobscot County,Levant town,"Penobscot County, ME (part) HUD Metro FMR Area",2301938705,1049,1134,1488,1923,2148,METRO12620N23019,3012,ME
23,019,39475,Penobscot County,Lincoln town,"Penobscot County, ME (part) HUD Metro FMR Area",2301939475,1049,1134,1488,1923,2148,METRO12620N23019,4857,ME
23,019,41435,Penobscot County,Lowell town,"Penobscot County, ME (part) HUD Metro FMR Area",2301941435,1049,1134,1488,1923,2148,METRO12620N23019,379,ME
23,019,44270,Penobscot County,Mattawamkeag town,"Penobscot County, ME (part) HUD Metro FMR Area",2301944270,1049,1134,1488,1923,2148,METRO12620N23019,641,ME
23,019,44340,Penobscot County,Maxfield town,"Penobscot County, ME (part) HUD Metro FMR Area",2301944340,1049,1134,1488,1923,2148,METRO12620N23019,93,ME
23,019,45005,Penobscot County,Medway town,"Penobscot County, ME (part) HUD Metro FMR Area",2301945005,1049,1134,1488,1923,2148,METRO12620N23019,1027,ME
23,019,45810,Penobscot County,Millinocket town,"Penobscot County, ME (part) HUD Metro FMR Area",2301945810,1049,1134,1488,1923,2148,METRO12620N23019,4111,ME
23,019,47560,Penobscot County,Mount Chase town,"Penobscot County, ME (part) HUD Metro FMR Area",2301947560,1049,1134,1488,1923,2148,METRO12620N23019,291,ME
23,019,48505,Penobscot County,Newburgh town,"Penobscot County, ME (part) HUD Metro FMR Area",2301948505,1049,1134,1488,1923,2148,METRO12620N23019,1491,ME
23,019,49065,Penobscot County,Newport town,"Penobscot County, ME (part) HUD Metro FMR Area",2301949065,1049,1134,1488,1923,2148,METRO12620N23019,3145,ME
23,019,52710,Penobscot County,North Penobscot UT,"Penobscot County, ME (part) HUD Metro FMR Area",2301952710,1049,1134,1488,1923,2148,METRO12620N23019,581,ME
23,019,57045,Penobscot County,Passadumkeag town,"Penobscot County, ME (part) HUD Metro FMR Area",2301957045,1049,1134,1488,1923,2148,METRO12620N23019,380,ME
23,019,57150,Penobscot County,Patten town,"Penobscot County, ME (part) HUD Metro FMR Area",2301957150,1049,1134,1488,1923,2148,METRO12620N23019,1161,ME
23,019,59950,Penobscot County,Plymouth town,"Penobscot County, ME (part) HUD Metro FMR Area",2301959950,1049,1134,1488,1923,2148,METRO12620N23019,1319,ME
23,019,60790,Penobscot County,Prentiss UT,"Penobscot County, ME (part) HUD Metro FMR Area",2301960790,1049,1134,1488,1923,2148,METRO12620N23019,164,ME
23,019,67160,Penobscot County,Seboeis plantation,"Penobscot County, ME (part) HUD Metro FMR Area",2301967160,1049,1134,1488,1923,2148,METRO12620N23019,34,ME
23,019,73250,Penobscot County,Springfield town,"Penobscot County, ME (part) HUD Metro FMR Area",2301973250,1049,1134,1488,1923,2148,METRO12620N23019,306,ME
23,019,73600,Penobscot County,Stacyville town,"Penobscot County, ME (part) HUD Metro FMR Area",2301973600,1049,1134,1488,1923,2148,METRO12620N23019,499,ME
23,019,74055,Penobscot County,Stetson town,"Penobscot County, ME (part) HUD Metro FMR Area",2301974055,1049,1134,1488,1923,2148,METRO12620N23019,1087,ME
23,019,78015,Penobscot County,Twombly UT,"Penobscot County, ME (part) HUD Metro FMR Area",2301978015,1049,1134,1488,1923,2148,METRO12620N23019,0,ME
23,019,81055,Penobscot County,Webster plantation,"Penobscot County, ME (part) HUD Metro FMR Area",2301981055,1049,1134,1488,1923,2148,METRO12620N23019,62,ME
23,019,85230,Penobscot County,Whitney UT,"Penobscot County, ME (part) HUD Metro FMR Area",2301985230,1049,1134,1488,1923,2148,METRO12620N23019,0,ME
23,019,86305,Penobscot County,Winn town,"Penobscot County, ME (part) HUD Metro FMR Area",2301986305,1049,1134,1488,1923,2148,METRO12620N23019,273,ME
23,019,87390,Penobscot County,Woodville town,"Penobscot County, ME (part) HUD Metro FMR Area",2301987390,1049,1134,1488,1923,2148,METRO12620N23019,198,ME
23,001,02060,Androscoggin County,Auburn city,"Lewiston-Auburn, ME MSA",2300102060,1204,1287,1676,2166,2435,METRO30340M30340,24294,ME
23,001,19105,Androscoggin County,Durham town,"Lewiston-Auburn, ME MSA",2300119105,1204,1287,1676,2166,2435,METRO30340M30340,4203,ME
23,001,29255,Androscoggin County,Greene town,"Lewiston-Auburn, ME MSA",2300129255,1204,1287,1676,2166,2435,METRO30340M30340,4390,ME
23,001,38565,Androscoggin County,Leeds town,"Lewiston-Auburn, ME MSA",2300138565,1204,1287,1676,2166,2435,METRO30340M30340,2371,ME
23,001,38740,Androscoggin County,Lewiston city,"Lewiston-Auburn, ME MSA",2300138740,1204,1287,1676,2166,2435,METRO30340M30340,37886,ME
23,001,40035,Androscoggin County,Lisbon town,"Lewiston-Auburn, ME MSA",2300140035,1204,1287,1676,2166,2435,METRO30340M30340,9716,ME
23,001,40665,Androscoggin County,Livermore town,"Lewiston-Auburn, ME MSA",2300140665,1204,1287,1676,2166,2435,METRO30340M30340,1847,ME
23,001,40770,Androscoggin County,Livermore Falls town,"Lewiston-Auburn, ME MSA",2300140770,1204,1287,1676,2166,2435,METRO30340M30340,3076,ME
23,001,44585,Androscoggin County,Mechanic Falls town,"Lewiston-Auburn, ME MSA",2300144585,1204,1287,1676,2166,2435,METRO30340M30340,3108,ME
23,001,46160,Androscoggin County,Minot town,"Lewiston-Auburn, ME MSA",2300146160,1204,1287,1676,2166,2435,METRO30340M30340,2774,ME
23,001,60020,Androscoggin County,Poland town,"Lewiston-Auburn, ME MSA",2300160020,1204,1287,1676,2166,2435,METRO30340M30340,5920,ME
23,001,64570,Androscoggin County,Sabattus town,"Lewiston-Auburn, ME MSA",2300164570,1204,1287,1676,2166,2435,METRO30340M30340,5080,ME
23,001,77800,Androscoggin County,Turner town,"Lewiston-Auburn, ME MSA",2300177800,1204,1287,1676,2166,2435,METRO30340M30340,5852,ME
23,001,79585,Androscoggin County,Wales town,"Lewiston-Auburn, ME MSA",2300179585,1204,1287,1676,2166,2435,METRO30340M30340,1806,ME
23,005,10180,Cumberland County,Cape Elizabeth town,"Portland, ME HUD Metro FMR Area",2300510180,1575,1778,2284,2778,3024,METRO38860MM6400,9547,ME
23,005,11125,Cumberland County,Casco town,"Portland, ME HUD Metro FMR Area",2300511125,1575,1778,2284,2778,3024,METRO38860MM6400,3656,ME
23,005,12300,Cumberland County,Chebeague Island town,"Portland, ME HUD Metro FMR Area",2300512300,1575,1778,2284,2778,3024,METRO38860MM6400,568,ME
23,005,15430,Cumberland County,Cumberland town,"Portland, ME HUD Metro FMR Area",2300515430,1575,1778,2284,2778,3024,METRO38860MM6400,8546,ME
23,005,24495,Cumberland County,Falmouth town,"Portland, ME HUD Metro FMR Area",2300524495,1575,1778,2284,2778,3024,METRO38860MM6400,12631,ME
23,005,26525,Cumberland County,Freeport town,"Portland, ME HUD Metro FMR Area",2300526525,1575,1778,2284,2778,3024,METRO38860MM6400,8736,ME
23,005,27025,Cumberland County,Frye Island town,"Portland, ME HUD Metro FMR Area",2300527025,1575,1778,2284,2778,3024,METRO38860MM6400,18,ME
23,005,28240,Cumberland County,Gorham town,"Portland, ME HUD Metro FMR Area",2300528240,1575,1778,2284,2778,3024,METRO38860MM6400,18192,ME
23,005,28870,Cumberland County,Gray town,"Portland, ME HUD Metro FMR Area",2300528870,1575,1778,2284,2778,3024,METRO38860MM6400,8331,ME
23,005,41067,Cumberland County,Long Island town,"Portland, ME HUD Metro FMR Area",2300541067,1575,1778,2284,2778,3024,METRO38860MM6400,300,ME
23,005,53860,Cumberland County,North Yarmouth town,"Portland, ME HUD Metro FMR Area",2300553860,1575,1778,2284,2778,3024,METRO38860MM6400,4173,ME
23,005,60545,Cumberland County,Portland city,"Portland, ME HUD Metro FMR Area",2300560545,1575,1778,2284,2778,3024,METRO38860MM6400,68505,ME
23,005,61945,Cumberland County,Raymond town,"Portland, ME HUD Metro FMR Area",2300561945,1575,1778,2284,2778,3024,METRO38860MM6400,4577,ME
23,005,66145,Cumberland County,Scarborough town,"Portland, ME HUD Metro FMR Area",2300566145,1575,1778,2284,2778,3024,METRO38860MM6400,22747,ME
23,005,71990,Cumberland County,South Portland city,"Portland, ME HUD Metro FMR Area",2300571990,1575,1778,2284,2778,3024,METRO38860MM6400,26780,ME
23,005,73670,Cumberland County,Standish town,"Portland, ME HUD Metro FMR Area",2300573670,1575,1778,2284,2778,3024,METRO38860MM6400,10517,ME
23,005,82105,Cumberland County,Westbrook city,"Portland, ME HUD Metro FMR Area",2300582105,1575,1778,2284,2778,3024,METRO38860MM6400,20484,ME
23,005,86025,Cumberland County,Windham town,"Portland, ME HUD Metro FMR Area",2300586025,1575,1778,2284,2778,3024,METRO38860MM6400,18967,ME
23,005,87845,Cumberland County,Yarmouth town,"Portland, ME HUD Metro FMR Area",2300587845,1575,1778,2284,2778,3024,METRO38860MM6400,9006,ME
23,031,09410,York County,Buxton town,"Portland, ME HUD Metro FMR Area",2303109410,1575,1778,2284,2778,3024,METRO38860MM6400,8451,ME
23,031,33665,York County,Hollis town,"Portland, ME HUD Metro FMR Area",2303133665,1575,1778,2284,2778,3024,METRO38860MM6400,4824,ME
23,031,39405,York County,Limington town,"Portland, ME HUD Metro FMR Area",2303139405,1575,1778,2284,2778,3024,METRO38860MM6400,3971,ME
23,031,55085,York County,Old Orchard Beach town,"Portland, ME HUD Metro FMR Area",2303155085,1575,1778,2284,2778,3024,METRO38860MM6400,9150,ME
23,031,04720,York County,Berwick town,"York-Kittery-South Berwick, ME HUD Metro FMR Area",2303104720,1615,1785,2342,2808,3929,METRO38860MM6450,8094,ME
23,031,22955,York County,Eliot town,"York-Kittery-South Berwick, ME HUD Metro FMR Area",2303122955,1615,1785,2342,2808,3929,METRO38860MM6450,6978,ME
23,031,37270,York County,Kittery town,"York-Kittery-South Berwick, ME HUD Metro FMR Area",2303137270,1615,1785,2342,2808,3929,METRO38860MM6450,10280,ME
23,031,70030,York County,South Berwick town,"York-Kittery-South Berwick, ME HUD Metro FMR Area",2303170030,1615,1785,2342,2808,3929,METRO38860MM6450,7583,ME
23,031,87985,York County,York town,"York-Kittery-South Berwick, ME HUD Metro FMR Area",2303187985,1615,1785,2342,2808,3929,METRO38860MM6450,13873,ME
23,005,02655,Cumberland County,Baldwin town,"Cumberland County, ME (part) HUD Metro FMR Area",2300502655,1355,1498,1965,2551,3256,METRO38860N23005,1178,ME
23,005,07170,Cumberland County,Bridgton town,"Cumberland County, ME (part) HUD Metro FMR Area",2300507170,1355,1498,1965,2551,3256,METRO38860N23005,5537,ME
23,005,08430,Cumberland County,Brunswick town,"Cumberland County, ME (part) HUD Metro FMR Area",2300508430,1355,1498,1965,2551,3256,METRO38860N23005,22081,ME
23,005,31390,Cumberland County,Harpswell town,"Cumberland County, ME (part) HUD Metro FMR Area",2300531390,1355,1498,1965,2551,3256,METRO38860N23005,5029,ME
23,005,31600,Cumberland County,Harrison town,"Cumberland County, ME (part) HUD Metro FMR Area",2300531600,1355,1498,1965,2551,3256,METRO38860N23005,2490,ME
23,005,48085,Cumberland County,Naples town,"Cumberland County, ME (part) HUD Metro FMR Area",2300548085,1355,1498,1965,2551,3256,METRO38860N23005,3949,ME
23,005,48820,Cumberland County,New Gloucester town,"Cumberland County, ME (part) HUD Metro FMR Area",2300548820,1355,1498,1965,2551,3256,METRO38860N23005,5733,ME
23,005,60685,Cumberland County,Pownal town,"Cumberland County, ME (part) HUD Metro FMR Area",2300560685,1355,1498,1965,2551,3256,METRO38860N23005,1551,ME
23,005,66775,Cumberland County,Sebago town,"Cumberland County, ME (part) HUD Metro FMR Area",2300566775,1355,1498,1965,2551,3256,METRO38860N23005,2111,ME
23,023,01570,Sagadahoc County,Arrowsic town,"Sagadahoc County, ME HUD Metro FMR Area",2302301570,1172,1341,1673,2327,2807,METRO38860N23023,598,ME
23,023,03355,Sagadahoc County,Bath city,"Sagadahoc County, ME HUD Metro FMR Area",2302303355,1172,1341,1673,2327,2807,METRO38860N23023,8801,ME
23,023,06260,Sagadahoc County,Bowdoin town,"Sagadahoc County, ME HUD Metro FMR Area",2302306260,1172,1341,1673,2327,2807,METRO38860N23023,3180,ME
23,023,06365,Sagadahoc County,Bowdoinham town,"Sagadahoc County, ME HUD Metro FMR Area",2302306365,1172,1341,1673,2327,2807,METRO38860N23023,3115,ME
23,023,27295,Sagadahoc County,Georgetown town,"Sagadahoc County, ME HUD Metro FMR Area",2302327295,1172,1341,1673,2327,2807,METRO38860N23023,913,ME
23,023,58070,Sagadahoc County,Perkins UT,"Sagadahoc County, ME HUD Metro FMR Area",2302358070,1172,1341,1673,2327,2807,METRO38860N23023,0,ME
23,023,58515,Sagadahoc County,Phippsburg town,"Sagadahoc County, ME HUD Metro FMR Area",2302358515,1172,1341,1673,2327,2807,METRO38860N23023,1987,ME
23,023,62645,Sagadahoc County,Richmond town,"Sagadahoc County, ME HUD Metro FMR Area",2302362645,1172,1341,1673,2327,2807,METRO38860N23023,3555,ME
23,023,76960,Sagadahoc County,Topsham town,"Sagadahoc County, ME HUD Metro FMR Area",2302376960,1172,1341,1673,2327,2807,METRO38860N23023,9644,ME
23,023,81930,Sagadahoc County,West Bath town,"Sagadahoc County, ME HUD Metro FMR Area",2302381930,1172,1341,1673,2327,2807,METRO38860N23023,2165,ME
23,023,87460,Sagadahoc County,Woolwich town,"Sagadahoc County, ME HUD Metro FMR Area",2302387460,1172,1341,1673,2327,2807,METRO38860N23023,3135,ME
23,031,00275,York County,Acton town,"York County, ME (part) HUD Metro FMR Area",2303100275,1356,1494,1816,2431,2710,METRO38860N23031,2695,ME
23,031,00730,York County,Alfred town,"York County, ME (part) HUD Metro FMR Area",2303100730,1356,1494,1816,2431,2710,METRO38860N23031,3128,ME
23,031,01605,York County,Arundel town,"York County, ME (part) HUD Metro FMR Area",2303101605,1356,1494,1816,2431,2710,METRO38860N23031,4369,ME
23,031,04860,York County,Biddeford city,"York County, ME (part) HUD Metro FMR Area",2303104860,1356,1494,1816,2431,2710,METRO38860N23031,22463,ME
23,031,14485,York County,Cornish town,"York County, ME (part) HUD Metro FMR Area",2303114485,1356,1494,1816,2431,2710,METRO38860N23031,1948,ME
23,031,16725,York County,Dayton town,"York County, ME (part) HUD Metro FMR Area",2303116725,1356,1494,1816,2431,2710,METRO38860N23031,2307,ME
23,031,36535,York County,Kennebunk town,"York County, ME (part) HUD Metro FMR Area",2303136535,1356,1494,1816,2431,2710,METRO38860N23031,11692,ME
23,031,36745,York County,Kennebunkport town,"York County, ME (part) HUD Metro FMR Area",2303136745,1356,1494,1816,2431,2710,METRO38860N23031,3666,ME
23,031,38425,York County,Lebanon town,"York County, ME (part) HUD Metro FMR Area",2303138425,1356,1494,1816,2431,2710,METRO38860N23031,6569,ME
23,031,39195,York County,Limerick town,"York County, ME (part) HUD Metro FMR Area",2303139195,1356,1494,1816,2431,2710,METRO38860N23031,3315,ME
23,031,41750,York County,Lyman town,"York County, ME (part) HUD Metro FMR Area",2303141750,1356,1494,1816,2431,2710,METRO38860N23031,4567,ME
23,031,48750,York County,Newfield town,"York County, ME (part) HUD Metro FMR Area",2303148750,1356,1494,1816,2431,2710,METRO38860N23031,1513,ME
23,031,50325,York County,North Berwick town,"York County, ME (part) HUD Metro FMR Area",2303150325,1356,1494,1816,2431,2710,METRO38860N23031,5076,ME
23,031,54980,York County,Ogunquit town,"York County, ME (part) HUD Metro FMR Area",2303154980,1356,1494,1816,2431,2710,METRO38860N23031,1264,ME
23,031,56870,York County,Parsonsfield town,"York County, ME (part) HUD Metro FMR Area",2303156870,1356,1494,1816,2431,2710,METRO38860N23031,1704,ME
23,031,64675,York County,Saco city,"York County, ME (part) HUD Metro FMR Area",2303164675,1356,1494,1816,2431,2710,METRO38860N23031,20636,ME
23,031,65725,York County,Sanford city,"York County, ME (part) HUD Metro FMR Area",2303165725,1356,1494,1816,2431,2710,METRO38860N23031,22095,ME
23,031,67475,York County,Shapleigh town,"York County, ME (part) HUD Metro FMR Area",2303167475,1356,1494,1816,2431,2710,METRO38860N23031,2954,ME
23,031,80530,York County,Waterboro town,"York County, ME (part) HUD Metro FMR Area",2303180530,1356,1494,1816,2431,2710,METRO38860N23031,8022,ME
23,031,81475,York County,Wells town,"York County, ME (part) HUD Metro FMR Area",2303181475,1356,1494,1816,2431,2710,METRO38860N23031,11544,ME
23,003,00800,Aroostook County,Allagash town,"Aroostook County, ME",2300300800,981,987,1274,1741,1811,NCNTY23003N23003,213,ME
23,003,01220,Aroostook County,Amity town,"Aroostook County, ME",2300301220,981,987,1274,1741,1811,NCNTY23003N23003,342,ME
23,003,01710,Aroostook County,Ashland town,"Aroostook County, ME",2300301710,981,987,1274,1741,1811,NCNTY23003N23003,1197,ME
23,003,02762,Aroostook County,Bancroft UT,"Aroostook County, ME",2300302762,981,987,1274,1741,1811,NCNTY23003N23003,75,ME
23,003,05385,Aroostook County,Blaine town,"Aroostook County, ME",2300305385,981,987,1274,1741,1811,NCNTY23003N23003,737,ME
23,003,07065,Aroostook County,Bridgewater town,"Aroostook County, ME",2300307065,981,987,1274,1741,1811,NCNTY23003N23003,485,ME
23,003,10565,Aroostook County,Caribou city,"Aroostook County, ME",2300310565,981,987,1274,1741,1811,NCNTY23003N23003,7427,ME
23,003,11300,Aroostook County,Castle Hill town,"Aroostook County, ME",2300311300,981,987,1274,1741,1811,NCNTY23003N23003,250,ME
23,003,11335,Aroostook County,Caswell town,"Aroostook County, ME",2300311335,981,987,1274,1741,1811,NCNTY23003N23003,278,ME
23,003,11785,Aroostook County,Central Aroostook UT,"Aroostook County, ME",2300311785,981,987,1274,1741,1811,NCNTY23003N23003,197,ME
23,003,12000,Aroostook County,Chapman town,"Aroostook County, ME",2300312000,981,987,1274,1741,1811,NCNTY23003N23003,317,ME
23,003,13900,Aroostook County,Connor UT,"Aroostook County, ME",2300313900,981,987,1274,1741,1811,NCNTY23003N23003,423,ME
23,003,15395,Aroostook County,Crystal town,"Aroostook County, ME",2300315395,981,987,1274,1741,1811,NCNTY23003N23003,275,ME
23,003,15990,Aroostook County,Cyr plantation,"Aroostook County, ME",2300315990,981,987,1274,1741,1811,NCNTY23003N23003,62,ME
23,003,19210,Aroostook County,Dyer Brook town,"Aroostook County, ME",2300319210,981,987,1274,1741,1811,NCNTY23003N23003,181,ME
23,003,19420,Aroostook County,Eagle Lake town,"Aroostook County, ME",2300319420,981,987,1274,1741,1811,NCNTY23003N23003,533,ME
23,003,21380,Aroostook County,Easton town,"Aroostook County, ME",2300321380,981,987,1274,1741,1811,NCNTY23003N23003,1430,ME
23,003,25615,Aroostook County,Fort Fairfield town,"Aroostook County, ME",2300325615,981,987,1274,1741,1811,NCNTY23003N23003,3321,ME
23,003,25755,Aroostook County,Fort Kent town,"Aroostook County, ME",2300325755,981,987,1274,1741,1811,NCNTY23003N23003,4140,ME
23,003,26735,Aroostook County,Frenchville town,"Aroostook County, ME",2300326735,981,987,1274,1741,1811,NCNTY23003N23003,876,ME
23,003,27120,Aroostook County,Garfield plantation,"Aroostook County, ME",2300327120,981,987,1274,1741,1811,NCNTY23003N23003,76,ME
23,003,27855,Aroostook County,Glenwood plantation,"Aroostook County, ME",2300327855,981,987,1274,1741,1811,NCNTY23003N23003,5,ME
23,003,28590,Aroostook County,Grand Isle town,"Aroostook County, ME",2300328590,981,987,1274,1741,1811,NCNTY23003N23003,416,ME
23,003,30690,Aroostook County,Hamlin town,"Aroostook County, ME",2300330690,981,987,1274,1741,1811,NCNTY23003N23003,120,ME
23,003,30725,Aroostook County,Hammond town,"Aroostook County, ME",2300330725,981,987,1274,1741,1811,NCNTY23003N23003,75,ME
23,003,32195,Aroostook County,Haynesville town,"Aroostook County, ME",2300332195,981,987,1274,1741,1811,NCNTY23003N23003,136,ME
23,003,32685,Aroostook County,Hersey town,"Aroostook County, ME",2300332685,981,987,1274,1741,1811,NCNTY23003N23003,68,ME
23,003,33385,Aroostook County,Hodgdon town,"Aroostook County, ME",2300333385,981,987,1274,1741,1811,NCNTY23003N23003,1447,ME
23,003,33980,Aroostook County,Houlton town,"Aroostook County, ME",2300333980,981,987,1274,1741,1811,NCNTY23003N23003,6051,ME
23,003,35065,Aroostook County,Island Falls town,"Aroostook County, ME",2300335065,981,987,1274,1741,1811,NCNTY23003N23003,840,ME
23,003,39300,Aroostook County,Limestone town,"Aroostook County, ME",2300339300,981,987,1274,1741,1811,NCNTY23003N23003,1556,ME
23,003,39965,Aroostook County,Linneus town,"Aroostook County, ME",2300339965,981,987,1274,1741,1811,NCNTY23003N23003,1157,ME
23,003,40595,Aroostook County,Littleton town,"Aroostook County, ME",2300340595,981,987,1274,1741,1811,NCNTY23003N23003,865,ME
23,003,41715,Aroostook County,Ludlow town,"Aroostook County, ME",2300341715,981,987,1274,1741,1811,NCNTY23003N23003,467,ME
23,003,42450,Aroostook County,Macwahoc plantation,"Aroostook County, ME",2300342450,981,987,1274,1741,1811,NCNTY23003N23003,64,ME
23,003,42520,Aroostook County,Madawaska town,"Aroostook County, ME",2300342520,981,987,1274,1741,1811,NCNTY23003N23003,3855,ME
23,003,43255,Aroostook County,Mapleton town,"Aroostook County, ME",2300343255,981,987,1274,1741,1811,NCNTY23003N23003,1921,ME
23,003,43710,Aroostook County,Mars Hill town,"Aroostook County, ME",2300343710,981,987,1274,1741,1811,NCNTY23003N23003,1515,ME
23,003,43990,Aroostook County,Masardis town,"Aroostook County, ME",2300343990,981,987,1274,1741,1811,NCNTY23003N23003,259,ME
23,003,45180,Aroostook County,Merrill town,"Aroostook County, ME",2300345180,981,987,1274,1741,1811,NCNTY23003N23003,407,ME
23,003,46685,Aroostook County,Monticello town,"Aroostook County, ME",2300346685,981,987,1274,1741,1811,NCNTY23003N23003,681,ME
23,003,47175,Aroostook County,Moro plantation,"Aroostook County, ME",2300347175,981,987,1274,1741,1811,NCNTY23003N23003,20,ME
23,003,48120,Aroostook County,Nashville plantation,"Aroostook County, ME",2300348120,981,987,1274,1741,1811,NCNTY23003N23003,7,ME
23,003,48575,Aroostook County,New Canada town,"Aroostook County, ME",2300348575,981,987,1274,1741,1811,NCNTY23003N23003,431,ME
23,003,48960,Aroostook County,New Limerick town,"Aroostook County, ME",2300348960,981,987,1274,1741,1811,NCNTY23003N23003,430,ME
23,003,49415,Aroostook County,New Sweden town,"Aroostook County, ME",2300349415,981,987,1274,1741,1811,NCNTY23003N23003,517,ME
23,003,53602,Aroostook County,Northwest Aroostook UT,"Aroostook County, ME",2300353602,981,987,1274,1741,1811,NCNTY23003N23003,6,ME
23,003,54385,Aroostook County,Oakfield town,"Aroostook County, ME",2300354385,981,987,1274,1741,1811,NCNTY23003N23003,653,ME
23,003,55435,Aroostook County,Orient town,"Aroostook County, ME",2300355435,981,987,1274,1741,1811,NCNTY23003N23003,122,ME
23,003,57936,Aroostook County,Penobscot Indian Island Reservation,"Aroostook County, ME",2300357936,981,987,1274,1741,1811,NCNTY23003N23003,0,ME
23,003,58060,Aroostook County,Perham town,"Aroostook County, ME",2300358060,981,987,1274,1741,1811,NCNTY23003N23003,295,ME
23,003,60300,Aroostook County,Portage Lake town,"Aroostook County, ME",2300360300,981,987,1274,1741,1811,NCNTY23003N23003,372,ME
23,003,60825,Aroostook County,Presque Isle city,"Aroostook County, ME",2300360825,981,987,1274,1741,1811,NCNTY23003N23003,8736,ME
23,003,62400,Aroostook County,Reed plantation,"Aroostook County, ME",2300362400,981,987,1274,1741,1811,NCNTY23003N23003,111,ME
23,003,64780,Aroostook County,St. Agatha town,"Aroostook County, ME",2300364780,981,987,1274,1741,1811,NCNTY23003N23003,942,ME
23,003,65025,Aroostook County,St. Francis town,"Aroostook County, ME",2300365025,981,987,1274,1741,1811,NCNTY23003N23003,389,ME
23,003,65200,Aroostook County,St. John plantation,"Aroostook County, ME",2300365200,981,987,1274,1741,1811,NCNTY23003N23003,193,ME
23,003,67790,Aroostook County,Sherman town,"Aroostook County, ME",2300367790,981,987,1274,1741,1811,NCNTY23003N23003,865,ME
23,003,69260,Aroostook County,Smyrna town,"Aroostook County, ME",2300369260,981,987,1274,1741,1811,NCNTY23003N23003,409,ME
23,003,69930,Aroostook County,South Aroostook UT,"Aroostook County, ME",2300369930,981,987,1274,1741,1811,NCNTY23003N23003,766,ME
23,003,73472,Aroostook County,Square Lake UT,"Aroostook County, ME",2300373472,981,987,1274,1741,1811,NCNTY23003N23003,543,ME
23,003,74405,Aroostook County,Stockholm town,"Aroostook County, ME",2300374405,981,987,1274,1741,1811,NCNTY23003N23003,222,ME
23,003,78570,Aroostook County,Van Buren town,"Aroostook County, ME",2300378570,981,987,1274,1741,1811,NCNTY23003N23003,1836,ME
23,003,79270,Aroostook County,Wade town,"Aroostook County, ME",2300379270,981,987,1274,1741,1811,NCNTY23003N23003,257,ME
23,003,79865,Aroostook County,Wallagrass town,"Aroostook County, ME",2300379865,981,987,1274,1741,1811,NCNTY23003N23003,557,ME
23,003,80285,Aroostook County,Washburn town,"Aroostook County, ME",2300380285,981,987,1274,1741,1811,NCNTY23003N23003,1429,ME
23,003,82770,Aroostook County,Westfield town,"Aroostook County, ME",2300382770,981,987,1274,1741,1811,NCNTY23003N23003,463,ME
23,003,83540,Aroostook County,Westmanland town,"Aroostook County, ME",2300383540,981,987,1274,1741,1811,NCNTY23003N23003,107,ME
23,003,83785,Aroostook County,Weston town,"Aroostook County, ME",2300383785,981,987,1274,1741,1811,NCNTY23003N23003,289,ME
23,003,86865,Aroostook County,Winterville plantation,"Aroostook County, ME",2300386865,981,987,1274,1741,1811,NCNTY23003N23003,269,ME
23,003,87215,Aroostook County,Woodland town,"Aroostook County, ME",2300387215,981,987,1274,1741,1811,NCNTY23003N23003,1251,ME
23,007,02235,Franklin County,Avon town,"Franklin County, ME",2300702235,938,1037,1361,1802,1809,NCNTY23007N23007,486,ME
23,007,10740,Franklin County,Carrabassett Valley town,"Franklin County, ME",2300710740,938,1037,1361,1802,1809,NCNTY23007N23007,583,ME
23,007,10915,Franklin County,Carthage town,"Franklin County, ME",2300710915,938,1037,1361,1802,1809,NCNTY23007N23007,753,ME
23,007,12595,Franklin County,Chesterville town,"Franklin County, ME",2300712595,938,1037,1361,1802,1809,NCNTY23007N23007,1326,ME
23,007,14205,Franklin County,Coplin plantation,"Franklin County, ME",2300714205,938,1037,1361,1802,1809,NCNTY23007N23007,123,ME
23,007,16165,Franklin County,Dallas plantation,"Franklin County, ME",2300716165,938,1037,1361,1802,1809,NCNTY23007N23007,307,ME
23,007,19865,Franklin County,East Central Franklin UT,"Franklin County, ME",2300719865,938,1037,1361,1802,1809,NCNTY23007N23007,1032,ME
23,007,24005,Franklin County,Eustis town,"Franklin County, ME",2300724005,938,1037,1361,1802,1809,NCNTY23007N23007,387,ME
23,007,24775,Franklin County,Farmington town,"Franklin County, ME",2300724775,938,1037,1361,1802,1809,NCNTY23007N23007,8021,ME
23,007,34820,Franklin County,Industry town,"Franklin County, ME",2300734820,938,1037,1361,1802,1809,NCNTY23007N23007,1021,ME
23,007,35625,Franklin County,Jay town,"Franklin County, ME",2300735625,938,1037,1361,1802,1809,NCNTY23007N23007,4644,ME
23,007,37025,Franklin County,Kingfield town,"Franklin County, ME",2300737025,938,1037,1361,1802,1809,NCNTY23007N23007,876,ME
23,007,49345,Franklin County,New Sharon town,"Franklin County, ME",2300749345,938,1037,1361,1802,1809,NCNTY23007N23007,1622,ME
23,007,49520,Franklin County,New Vineyard town,"Franklin County, ME",2300749520,938,1037,1361,1802,1809,NCNTY23007N23007,569,ME
23,007,51400,Franklin County,North Franklin UT,"Franklin County, ME",2300751400,938,1037,1361,1802,1809,NCNTY23007N23007,9,ME
23,007,58445,Franklin County,Phillips town,"Franklin County, ME",2300758445,938,1037,1361,1802,1809,NCNTY23007N23007,991,ME
23,007,61840,Franklin County,Rangeley town,"Franklin County, ME",2300761840,938,1037,1361,1802,1809,NCNTY23007N23007,929,ME
23,007,61875,Franklin County,Rangeley plantation,"Franklin County, ME",2300761875,938,1037,1361,1802,1809,NCNTY23007N23007,73,ME
23,007,65655,Franklin County,Sandy River plantation,"Franklin County, ME",2300765655,938,1037,1361,1802,1809,NCNTY23007N23007,137,ME
23,007,70760,Franklin County,South Franklin UT,"Franklin County, ME",2300770760,938,1037,1361,1802,1809,NCNTY23007N23007,119,ME
23,007,74825,Franklin County,Strong town,"Franklin County, ME",2300774825,938,1037,1361,1802,1809,NCNTY23007N23007,1070,ME
23,007,75980,Franklin County,Temple town,"Franklin County, ME",2300775980,938,1037,1361,1802,1809,NCNTY23007N23007,679,ME
23,007,81300,Franklin County,Weld town,"Franklin County, ME",2300781300,938,1037,1361,1802,1809,NCNTY23007N23007,513,ME
23,007,82235,Franklin County,West Central Franklin UT,"Franklin County, ME",2300782235,938,1037,1361,1802,1809,NCNTY23007N23007,0,ME
23,007,85850,Franklin County,Wilton town,"Franklin County, ME",2300785850,938,1037,1361,1802,1809,NCNTY23007N23007,3859,ME
23,007,87680,Franklin County,Wyman UT,"Franklin County, ME",2300787680,938,1037,1361,1802,1809,NCNTY23007N23007,16,ME
23,009,01185,Hancock County,Amherst town,"Hancock County, ME",2300901185,1329,1337,1626,2218,2226,NCNTY23009N23009,393,ME
23,009,02165,Hancock County,Aurora town,"Hancock County, ME",2300902165,1329,1337,1626,2218,2226,NCNTY23009N23009,163,ME
23,009,02865,Hancock County,Bar Harbor town,"Hancock County, ME",2300902865,1329,1337,1626,2218,2226,NCNTY23009N23009,5198,ME
23,009,05700,Hancock County,Blue Hill town,"Hancock County, ME",2300905700,1329,1337,1626,2218,2226,NCNTY23009N23009,2811,ME
23,009,07800,Hancock County,Brooklin town,"Hancock County, ME",2300907800,1329,1337,1626,2218,2226,NCNTY23009N23009,817,ME
23,009,07975,Hancock County,Brooksville town,"Hancock County, ME",2300907975,1329,1337,1626,2218,2226,NCNTY23009N23009,843,ME
23,009,08815,Hancock County,Bucksport town,"Hancock County, ME",2300908815,1329,1337,1626,2218,2226,NCNTY23009N23009,4982,ME
23,009,11265,Hancock County,Castine town,"Hancock County, ME",2300911265,1329,1337,1626,2218,2226,NCNTY23009N23009,1222,ME
23,009,11800,Hancock County,Central Hancock UT,"Hancock County, ME",2300911800,1329,1337,1626,2218,2226,NCNTY23009N23009,163,ME
23,009,14905,Hancock County,Cranberry Isles town,"Hancock County, ME",2300914905,1329,1337,1626,2218,2226,NCNTY23009N23009,187,ME
23,009,16935,Hancock County,Dedham town,"Hancock County, ME",2300916935,1329,1337,1626,2218,2226,NCNTY23009N23009,1667,ME
23,009,17145,Hancock County,Deer Isle town,"Hancock County, ME",2300917145,1329,1337,1626,2218,2226,NCNTY23009N23009,2274,ME
23,009,19770,Hancock County,Eastbrook town,"Hancock County, ME",2300919770,1329,1337,1626,2218,2226,NCNTY23009N23009,700,ME
23,009,20405,Hancock County,East Hancock UT,"Hancock County, ME",2300920405,1329,1337,1626,2218,2226,NCNTY23009N23009,66,ME
23,009,23200,Hancock County,Ellsworth city,"Hancock County, ME",2300923200,1329,1337,1626,2218,2226,NCNTY23009N23009,8550,ME
23,009,26350,Hancock County,Franklin town,"Hancock County, ME",2300926350,1329,1337,1626,2218,2226,NCNTY23009N23009,1514,ME
23,009,26595,Hancock County,Frenchboro town,"Hancock County, ME",2300926595,1329,1337,1626,2218,2226,NCNTY23009N23009,17,ME
23,009,28450,Hancock County,Gouldsboro town,"Hancock County, ME",2300928450,1329,1337,1626,2218,2226,NCNTY23009N23009,1753,ME
23,009,28975,Hancock County,Great Pond town,"Hancock County, ME",2300928975,1329,1337,1626,2218,2226,NCNTY23009N23009,44,ME
23,009,30970,Hancock County,Hancock town,"Hancock County, ME",2300930970,1329,1337,1626,2218,2226,NCNTY23009N23009,2506,ME
23,009,38180,Hancock County,Lamoine town,"Hancock County, ME",2300938180,1329,1337,1626,2218,2226,NCNTY23009N23009,1838,ME
23,009,43430,Hancock County,Mariaville town,"Hancock County, ME",2300943430,1329,1337,1626,2218,2226,NCNTY23009N23009,688,ME
23,009,43578,Hancock County,Marshall Island UT,"Hancock County, ME",2300943578,1329,1337,1626,2218,2226,NCNTY23009N23009,0,ME
23,009,47630,Hancock County,Mount Desert town,"Hancock County, ME",2300947630,1329,1337,1626,2218,2226,NCNTY23009N23009,1719,ME
23,009,53620,Hancock County,Northwest Hancock UT,"Hancock County, ME",2300953620,1329,1337,1626,2218,2226,NCNTY23009N23009,0,ME
23,009,55505,Hancock County,Orland town,"Hancock County, ME",2300955505,1329,1337,1626,2218,2226,NCNTY23009N23009,1902,ME
23,009,55855,Hancock County,Osborn town,"Hancock County, ME",2300955855,1329,1337,1626,2218,2226,NCNTY23009N23009,86,ME
23,009,55890,Hancock County,Otis town,"Hancock County, ME",2300955890,1329,1337,1626,2218,2226,NCNTY23009N23009,845,ME
23,009,57920,Hancock County,Penobscot town,"Hancock County, ME",2300957920,1329,1337,1626,2218,2226,NCNTY23009N23009,1127,ME
23,009,67300,Hancock County,Sedgwick town,"Hancock County, ME",2300967300,1329,1337,1626,2218,2226,NCNTY23009N23009,1283,ME
23,009,69750,Hancock County,Sorrento town,"Hancock County, ME",2300969750,1329,1337,1626,2218,2226,NCNTY23009N23009,322,ME
23,009,72865,Hancock County,Southwest Harbor town,"Hancock County, ME",2300972865,1329,1337,1626,2218,2226,NCNTY23009N23009,1544,ME
23,009,74580,Hancock County,Stonington town,"Hancock County, ME",2300974580,1329,1337,1626,2218,2226,NCNTY23009N23009,906,ME
23,009,74965,Hancock County,Sullivan town,"Hancock County, ME",2300974965,1329,1337,1626,2218,2226,NCNTY23009N23009,1240,ME
23,009,75280,Hancock County,Surry town,"Hancock County, ME",2300975280,1329,1337,1626,2218,2226,NCNTY23009N23009,1834,ME
23,009,75455,Hancock County,Swans Island town,"Hancock County, ME",2300975455,1329,1337,1626,2218,2226,NCNTY23009N23009,388,ME
23,009,77345,Hancock County,Tremont town,"Hancock County, ME",2300977345,1329,1337,1626,2218,2226,NCNTY23009N23009,1440,ME
23,009,77415,Hancock County,Trenton town,"Hancock County, ME",2300977415,1329,1337,1626,2218,2226,NCNTY23009N23009,1703,ME
23,009,78925,Hancock County,Verona Island town,"Hancock County, ME",2300978925,1329,1337,1626,2218,2226,NCNTY23009N23009,521,ME
23,009,80040,Hancock County,Waltham town,"Hancock County, ME",2300980040,1329,1337,1626,2218,2226,NCNTY23009N23009,387,ME
23,009,86655,Hancock County,Winter Harbor town,"Hancock County, ME",2300986655,1329,1337,1626,2218,2226,NCNTY23009N23009,441,ME
23,011,00590,Kennebec County,Albion town,"Kennebec County, ME",2301100590,1156,1163,1512,1942,2304,NCNTY23011N23011,2358,ME
23,011,02100,Kennebec County,Augusta city,"Kennebec County, ME",2301102100,1156,1163,1512,1942,2304,NCNTY23011N23011,18999,ME
23,011,04020,Kennebec County,Belgrade town,"Kennebec County, ME",2301104020,1156,1163,1512,1942,2304,NCNTY23011N23011,3298,ME
23,011,04475,Kennebec County,Benton town,"Kennebec County, ME",2301104475,1156,1163,1512,1942,2304,NCNTY23011N23011,2745,ME
23,011,12350,Kennebec County,Chelsea town,"Kennebec County, ME",2301112350,1156,1163,1512,1942,2304,NCNTY23011N23011,2792,ME
23,011,12735,Kennebec County,China town,"Kennebec County, ME",2301112735,1156,1163,1512,1942,2304,NCNTY23011N23011,4475,ME
23,011,13470,Kennebec County,Clinton town,"Kennebec County, ME",2301113470,1156,1163,1512,1942,2304,NCNTY23011N23011,3385,ME
23,011,24670,Kennebec County,Farmingdale town,"Kennebec County, ME",2301124670,1156,1163,1512,1942,2304,NCNTY23011N23011,3001,ME
23,011,24950,Kennebec County,Fayette town,"Kennebec County, ME",2301124950,1156,1163,1512,1942,2304,NCNTY23011N23011,1343,ME
23,011,27085,Kennebec County,Gardiner city,"Kennebec County, ME",2301127085,1156,1163,1512,1942,2304,NCNTY23011N23011,6047,ME
23,011,30550,Kennebec County,Hallowell city,"Kennebec County, ME",2301130550,1156,1163,1512,1942,2304,NCNTY23011N23011,2570,ME
23,011,40175,Kennebec County,Litchfield town,"Kennebec County, ME",2301140175,1156,1163,1512,1942,2304,NCNTY23011N23011,3635,ME
23,011,43080,Kennebec County,Manchester town,"Kennebec County, ME",2301143080,1156,1163,1512,1942,2304,NCNTY23011N23011,2464,ME
23,011,46405,Kennebec County,Monmouth town,"Kennebec County, ME",2301146405,1156,1163,1512,1942,2304,NCNTY23011N23011,4138,ME
23,011,47770,Kennebec County,Mount Vernon town,"Kennebec County, ME",2301147770,1156,1163,1512,1942,2304,NCNTY23011N23011,1728,ME
23,011,54560,Kennebec County,Oakland town,"Kennebec County, ME",2301154560,1156,1163,1512,1942,2304,NCNTY23011N23011,6284,ME
23,011,59110,Kennebec County,Pittston town,"Kennebec County, ME",2301159110,1156,1163,1512,1942,2304,NCNTY23011N23011,3008,ME
23,011,61700,Kennebec County,Randolph town,"Kennebec County, ME",2301161700,1156,1163,1512,1942,2304,NCNTY23011N23011,1479,ME
23,011,62190,Kennebec County,Readfield town,"Kennebec County, ME",2301162190,1156,1163,1512,1942,2304,NCNTY23011N23011,2628,ME
23,011,63835,Kennebec County,Rome town,"Kennebec County, ME",2301163835,1156,1163,1512,1942,2304,NCNTY23011N23011,1091,ME
23,011,68385,Kennebec County,Sidney town,"Kennebec County, ME",2301168385,1156,1163,1512,1942,2304,NCNTY23011N23011,4726,ME
23,011,78190,Kennebec County,Unity UT,"Kennebec County, ME",2301178190,1156,1163,1512,1942,2304,NCNTY23011N23011,30,ME
23,011,78745,Kennebec County,Vassalboro town,"Kennebec County, ME",2301178745,1156,1163,1512,1942,2304,NCNTY23011N23011,4544,ME
23,011,79025,Kennebec County,Vienna town,"Kennebec County, ME",2301179025,1156,1163,1512,1942,2304,NCNTY23011N23011,562,ME
23,011,80740,Kennebec County,Waterville city,"Kennebec County, ME",2301180740,1156,1163,1512,1942,2304,NCNTY23011N23011,16704,ME
23,011,80880,Kennebec County,Wayne town,"Kennebec County, ME",2301180880,1156,1163,1512,1942,2304,NCNTY23011N23011,1096,ME
23,011,82945,Kennebec County,West Gardiner town,"Kennebec County, ME",2301182945,1156,1163,1512,1942,2304,NCNTY23011N23011,3683,ME
23,011,86165,Kennebec County,Windsor town,"Kennebec County, ME",2301186165,1156,1163,1512,1942,2304,NCNTY23011N23011,2666,ME
23,011,86515,Kennebec County,Winslow town,"Kennebec County, ME",2301186515,1156,1163,1512,1942,2304,NCNTY23011N23011,7982,ME
23,011,86970,Kennebec County,Winthrop town,"Kennebec County, ME",2301186970,1156,1163,1512,1942,2304,NCNTY23011N23011,6153,ME
23,013,01465,Knox County,Appleton town,"Knox County, ME",2301301465,1349,1400,1683,2126,2299,NCNTY23013N23013,1502,ME
23,013,09725,Knox County,Camden town,"Knox County, ME",2301309725,1349,1400,1683,2126,2299,NCNTY23013N23013,5243,ME
23,013,15125,Knox County,Criehaven UT,"Knox County, ME",2301315125,1349,1400,1683,2126,2299,NCNTY23013N23013,0,ME
23,013,15780,Knox County,Cushing town,"Knox County, ME",2301315780,1349,1400,1683,2126,2299,NCNTY23013N23013,1407,ME
23,013,26805,Knox County,Friendship town,"Knox County, ME",2301326805,1349,1400,1683,2126,2299,NCNTY23013N23013,1276,ME
23,013,33840,Knox County,Hope town,"Knox County, ME",2301333840,1349,1400,1683,2126,2299,NCNTY23013N23013,1711,ME
23,013,35135,Knox County,Isle au Haut town,"Knox County, ME",2301335135,1349,1400,1683,2126,2299,NCNTY23013N23013,59,ME
23,013,44165,Knox County,Matinicus Isle plantation,"Knox County, ME",2301344165,1349,1400,1683,2126,2299,NCNTY23013N23013,85,ME
23,013,47962,Knox County,Muscle Ridge Island UT,"Knox County, ME",2301347962,1349,1400,1683,2126,2299,NCNTY23013N23013,0,ME
23,013,51620,Knox County,North Haven town,"Knox County, ME",2301351620,1349,1400,1683,2126,2299,NCNTY23013N23013,488,ME
23,013,56135,Knox County,Owls Head town,"Knox County, ME",2301356135,1349,1400,1683,2126,2299,NCNTY23013N23013,1375,ME
23,013,63590,Knox County,Rockland city,"Knox County, ME",2301363590,1349,1400,1683,2126,2299,NCNTY23013N23013,6991,ME
23,013,63660,Knox County,Rockport town,"Knox County, ME",2301363660,1349,1400,1683,2126,2299,NCNTY23013N23013,3663,ME
23,013,65130,Knox County,St. George town,"Knox County, ME",2301365130,1349,1400,1683,2126,2299,NCNTY23013N23013,2603,ME
23,013,72585,Knox County,South Thomaston town,"Knox County, ME",2301372585,1349,1400,1683,2126,2299,NCNTY23013N23013,1429,ME
23,013,76365,Knox County,Thomaston town,"Knox County, ME",2301376365,1349,1400,1683,2126,2299,NCNTY23013N23013,2761,ME
23,013,78115,Knox County,Union town,"Knox County, ME",2301378115,1349,1400,1683,2126,2299,NCNTY23013N23013,2693,ME
23,013,79130,Knox County,Vinalhaven town,"Knox County, ME",2301379130,1349,1400,1683,2126,2299,NCNTY23013N23013,1063,ME
23,013,80215,Knox County,Warren town,"Knox County, ME",2301380215,1349,1400,1683,2126,2299,NCNTY23013N23013,4893,ME
23,013,80425,Knox County,Washington town,"Knox County, ME",2301380425,1349,1400,1683,2126,2299,NCNTY23013N23013,1618,ME
23,015,01010,Lincoln County,Alna town,"Lincoln County, ME",2301501010,1282,1343,1472,2031,2038,NCNTY23015N23015,829,ME
23,015,06050,Lincoln County,Boothbay town,"Lincoln County, ME",2301506050,1282,1343,1472,2031,2038,NCNTY23015N23015,3076,ME
23,015,06120,Lincoln County,Boothbay Harbor town,"Lincoln County, ME",2301506120,1282,1343,1472,2031,2038,NCNTY23015N23015,2043,ME
23,015,06855,Lincoln County,Bremen town,"Lincoln County, ME",2301506855,1282,1343,1472,2031,2038,NCNTY23015N23015,851,ME
23,015,07485,Lincoln County,Bristol town,"Lincoln County, ME",2301507485,1282,1343,1472,2031,2038,NCNTY23015N23015,2898,ME
23,015,16235,Lincoln County,Damariscotta town,"Lincoln County, ME",2301516235,1282,1343,1472,2031,2038,NCNTY23015N23015,2249,ME
23,015,18475,Lincoln County,Dresden town,"Lincoln County, ME",2301518475,1282,1343,1472,2031,2038,NCNTY23015N23015,1639,ME
23,015,22675,Lincoln County,Edgecomb town,"Lincoln County, ME",2301522675,1282,1343,1472,2031,2038,NCNTY23015N23015,1344,ME
23,015,32715,Lincoln County,Hibberts gore,"Lincoln County, ME",2301532715,1282,1343,1472,2031,2038,NCNTY23015N23015,0,ME
23,015,35695,Lincoln County,Jefferson town,"Lincoln County, ME",2301535695,1282,1343,1472,2031,2038,NCNTY23015N23015,2616,ME
23,015,41280,Lincoln County,Louds Island UT,"Lincoln County, ME",2301541280,1282,1343,1472,2031,2038,NCNTY23015N23015,0,ME
23,015,46335,Lincoln County,Monhegan plantation,"Lincoln County, ME",2301546335,1282,1343,1472,2031,2038,NCNTY23015N23015,137,ME
23,015,48645,Lincoln County,Newcastle town,"Lincoln County, ME",2301548645,1282,1343,1472,2031,2038,NCNTY23015N23015,1773,ME
23,015,49660,Lincoln County,Nobleboro town,"Lincoln County, ME",2301549660,1282,1343,1472,2031,2038,NCNTY23015N23015,1760,ME
23,015,69645,Lincoln County,Somerville town,"Lincoln County, ME",2301569645,1282,1343,1472,2031,2038,NCNTY23015N23015,881,ME
23,015,70240,Lincoln County,South Bristol town,"Lincoln County, ME",2301570240,1282,1343,1472,2031,2038,NCNTY23015N23015,1005,ME
23,015,71955,Lincoln County,Southport town,"Lincoln County, ME",2301571955,1282,1343,1472,2031,2038,NCNTY23015N23015,521,ME
23,015,79550,Lincoln County,Waldoboro town,"Lincoln County, ME",2301579550,1282,1343,1472,2031,2038,NCNTY23015N23015,5228,ME
23,015,84140,Lincoln County,Westport Island town,"Lincoln County, ME",2301584140,1282,1343,1472,2031,2038,NCNTY23015N23015,796,ME
23,015,85010,Lincoln County,Whitefield town,"Lincoln County, ME",2301585010,1282,1343,1472,2031,2038,NCNTY23015N23015,2382,ME
23,015,87075,Lincoln County,Wiscasset town,"Lincoln County, ME",2301587075,1282,1343,1472,2031,2038,NCNTY23015N23015,3812,ME
23,017,01325,Oxford County,Andover town,"Oxford County, ME",2301701325,978,1083,1419,1973,2380,NCNTY23017N23017,675,ME
23,017,04825,Oxford County,Bethel town,"Oxford County, ME",2301704825,978,1083,1419,1973,2380,NCNTY23017N23017,2575,ME
23,017,08150,Oxford County,Brownfield town,"Oxford County, ME",2301708150,978,1083,1419,1973,2380,NCNTY23017N23017,1743,ME
23,017,08710,Oxford County,Buckfield town,"Oxford County, ME",2301708710,978,1083,1419,1973,2380,NCNTY23017N23017,2593,ME
23,017,09550,Oxford County,Byron town,"Oxford County, ME",2301709550,978,1083,1419,1973,2380,NCNTY23017N23017,180,ME
23,017,10005,Oxford County,Canton town,"Oxford County, ME",2301710005,978,1083,1419,1973,2380,NCNTY23017N23017,1072,ME
23,017,17250,Oxford County,Denmark town,"Oxford County, ME",2301717250,978,1083,1419,1973,2380,NCNTY23017N23017,1149,ME
23,017,17740,Oxford County,Dixfield town,"Oxford County, ME",2301717740,978,1083,1419,1973,2380,NCNTY23017N23017,2340,ME
23,017,26910,Oxford County,Fryeburg town,"Oxford County, ME",2301726910,978,1083,1419,1973,2380,NCNTY23017N23017,3444,ME
23,017,27505,Oxford County,Gilead town,"Oxford County, ME",2301727505,978,1083,1419,1973,2380,NCNTY23017N23017,204,ME
23,017,29710,Oxford County,Greenwood town,"Oxford County, ME",2301729710,978,1083,1419,1973,2380,NCNTY23017N23017,700,ME
23,017,31110,Oxford County,Hanover town,"Oxford County, ME",2301731110,978,1083,1419,1973,2380,NCNTY23017N23017,220,ME
23,017,31670,Oxford County,Hartford town,"Oxford County, ME",2301731670,978,1083,1419,1973,2380,NCNTY23017N23017,1222,ME
23,017,32370,Oxford County,Hebron town,"Oxford County, ME",2301732370,978,1083,1419,1973,2380,NCNTY23017N23017,1175,ME
23,017,33315,Oxford County,Hiram town,"Oxford County, ME",2301733315,978,1083,1419,1973,2380,NCNTY23017N23017,1757,ME
23,017,39422,Oxford County,Lincoln plantation,"Oxford County, ME",2301739422,978,1083,1419,1973,2380,NCNTY23017N23017,42,ME
23,017,41365,Oxford County,Lovell town,"Oxford County, ME",2301741365,978,1083,1419,1973,2380,NCNTY23017N23017,1291,ME
23,017,45285,Oxford County,Mexico town,"Oxford County, ME",2301745285,978,1083,1419,1973,2380,NCNTY23017N23017,2772,ME
23,017,46105,Oxford County,Milton UT,"Oxford County, ME",2301746105,978,1083,1419,1973,2380,NCNTY23017N23017,142,ME
23,017,49275,Oxford County,Newry town,"Oxford County, ME",2301749275,978,1083,1419,1973,2380,NCNTY23017N23017,196,ME
23,017,52575,Oxford County,North Oxford UT,"Oxford County, ME",2301752575,978,1083,1419,1973,2380,NCNTY23017N23017,31,ME
23,017,54000,Oxford County,Norway town,"Oxford County, ME",2301754000,978,1083,1419,1973,2380,NCNTY23017N23017,5168,ME
23,017,55960,Oxford County,Otisfield town,"Oxford County, ME",2301755960,978,1083,1419,1973,2380,NCNTY23017N23017,1914,ME
23,017,56310,Oxford County,Oxford town,"Oxford County, ME",2301756310,978,1083,1419,1973,2380,NCNTY23017N23017,4286,ME
23,017,56625,Oxford County,Paris town,"Oxford County, ME",2301756625,978,1083,1419,1973,2380,NCNTY23017N23017,5268,ME
23,017,58270,Oxford County,Peru town,"Oxford County, ME",2301758270,978,1083,1419,1973,2380,NCNTY23017N23017,1498,ME
23,017,60405,Oxford County,Porter town,"Oxford County, ME",2301760405,978,1083,1419,1973,2380,NCNTY23017N23017,1566,ME
23,017,64185,Oxford County,Roxbury town,"Oxford County, ME",2301764185,978,1083,1419,1973,2380,NCNTY23017N23017,426,ME
23,017,64290,Oxford County,Rumford town,"Oxford County, ME",2301764290,978,1083,1419,1973,2380,NCNTY23017N23017,5918,ME
23,017,71755,Oxford County,South Oxford UT,"Oxford County, ME",2301771755,978,1083,1419,1973,2380,NCNTY23017N23017,482,ME
23,017,74510,Oxford County,Stoneham town,"Oxford County, ME",2301774510,978,1083,1419,1973,2380,NCNTY23017N23017,297,ME
23,017,74685,Oxford County,Stow town,"Oxford County, ME",2301774685,978,1083,1419,1973,2380,NCNTY23017N23017,505,ME
23,017,75035,Oxford County,Sumner town,"Oxford County, ME",2301775035,978,1083,1419,1973,2380,NCNTY23017N23017,996,ME
23,017,75595,Oxford County,Sweden town,"Oxford County, ME",2301775595,978,1083,1419,1973,2380,NCNTY23017N23017,473,ME
23,017,78465,Oxford County,Upton town,"Oxford County, ME",2301778465,978,1083,1419,1973,2380,NCNTY23017N23017,104,ME
23,017,80635,Oxford County,Waterford town,"Oxford County, ME",2301780635,978,1083,1419,1973,2380,NCNTY23017N23017,1317,ME
23,017,83890,Oxford County,West Paris town,"Oxford County, ME",2301783890,978,1083,1419,1973,2380,NCNTY23017N23017,1901,ME
23,017,87355,Oxford County,Woodstock town,"Oxford County, ME",2301787355,978,1083,1419,1973,2380,NCNTY23017N23017,1086,ME
23,021,00100,Piscataquis County,Abbot town,"Piscataquis County, ME",2302100100,1092,1207,1584,1899,2097,NCNTY23021N23021,646,ME
23,021,03740,Piscataquis County,Beaver Cove town,"Piscataquis County, ME",2302103740,1092,1207,1584,1899,2097,NCNTY23021N23021,337,ME
23,021,05560,Piscataquis County,Blanchard UT,"Piscataquis County, ME",2302105560,1092,1207,1584,1899,2097,NCNTY23021N23021,87,ME
23,021,06400,Piscataquis County,Bowerbank town,"Piscataquis County, ME",2302106400,1092,1207,1584,1899,2097,NCNTY23021N23021,232,ME
23,021,08325,Piscataquis County,Brownville town,"Piscataquis County, ME",2302108325,1092,1207,1584,1899,2097,NCNTY23021N23021,1001,ME
23,021,18195,Piscataquis County,Dover-Foxcroft town,"Piscataquis County, ME",2302118195,1092,1207,1584,1899,2097,NCNTY23021N23021,4480,ME
23,021,29535,Piscataquis County,Greenville town,"Piscataquis County, ME",2302129535,1092,1207,1584,1899,2097,NCNTY23021N23021,1441,ME
23,021,30095,Piscataquis County,Guilford town,"Piscataquis County, ME",2302130095,1092,1207,1584,1899,2097,NCNTY23021N23021,1085,ME
23,021,37095,Piscataquis County,Kingsbury plantation,"Piscataquis County, ME",2302137095,1092,1207,1584,1899,2097,NCNTY23021N23021,9,ME
23,021,37970,Piscataquis County,Lake View plantation,"Piscataquis County, ME",2302137970,1092,1207,1584,1899,2097,NCNTY23021N23021,188,ME
23,021,44830,Piscataquis County,Medford town,"Piscataquis County, ME",2302144830,1092,1207,1584,1899,2097,NCNTY23021N23021,225,ME
23,021,46020,Piscataquis County,Milo town,"Piscataquis County, ME",2302146020,1092,1207,1584,1899,2097,NCNTY23021N23021,2234,ME
23,021,46580,Piscataquis County,Monson town,"Piscataquis County, ME",2302146580,1092,1207,1584,1899,2097,NCNTY23021N23021,561,ME
23,021,51105,Piscataquis County,Northeast Piscataquis UT,"Piscataquis County, ME",2302151105,1092,1207,1584,1899,2097,NCNTY23021N23021,986,ME
23,021,53628,Piscataquis County,Northwest Piscataquis UT,"Piscataquis County, ME",2302153628,1092,1207,1584,1899,2097,NCNTY23021N23021,187,ME
23,021,56765,Piscataquis County,Parkman town,"Piscataquis County, ME",2302156765,1092,1207,1584,1899,2097,NCNTY23021N23021,878,ME
23,021,65865,Piscataquis County,Sangerville town,"Piscataquis County, ME",2302165865,1092,1207,1584,1899,2097,NCNTY23021N23021,1103,ME
23,021,66950,Piscataquis County,Sebec town,"Piscataquis County, ME",2302166950,1092,1207,1584,1899,2097,NCNTY23021N23021,487,ME
23,021,68140,Piscataquis County,Shirley town,"Piscataquis County, ME",2302168140,1092,1207,1584,1899,2097,NCNTY23021N23021,205,ME
23,021,70655,Piscataquis County,Southeast Piscataquis UT,"Piscataquis County, ME",2302170655,1092,1207,1584,1899,2097,NCNTY23021N23021,402,ME
23,021,81405,Piscataquis County,Wellington town,"Piscataquis County, ME",2302181405,1092,1207,1584,1899,2097,NCNTY23021N23021,173,ME
23,021,85710,Piscataquis County,Willimantic town,"Piscataquis County, ME",2302185710,1092,1207,1584,1899,2097,NCNTY23021N23021,178,ME
23,025,01395,Somerset County,Anson town,"Somerset County, ME",2302501395,1060,1132,1323,1765,1894,NCNTY23025N23025,2570,ME
23,025,01885,Somerset County,Athens town,"Somerset County, ME",2302501885,1060,1132,1323,1765,1894,NCNTY23025N23025,880,ME
23,025,05000,Somerset County,Bingham town,"Somerset County, ME",2302505000,1060,1132,1323,1765,1894,NCNTY23025N23025,672,ME
23,025,07380,Somerset County,Brighton plantation,"Somerset County, ME",2302507380,1060,1132,1323,1765,1894,NCNTY23025N23025,86,ME
23,025,09655,Somerset County,Cambridge town,"Somerset County, ME",2302509655,1060,1132,1323,1765,1894,NCNTY23025N23025,520,ME
23,025,09935,Somerset County,Canaan town,"Somerset County, ME",2302509935,1060,1132,1323,1765,1894,NCNTY23025N23025,2082,ME
23,025,10495,Somerset County,Caratunk town,"Somerset County, ME",2302510495,1060,1132,1323,1765,1894,NCNTY23025N23025,80,ME
23,025,11820,Somerset County,Central Somerset UT,"Somerset County, ME",2302511820,1060,1132,1323,1765,1894,NCNTY23025N23025,367,ME
23,025,14555,Somerset County,Cornville town,"Somerset County, ME",2302514555,1060,1132,1323,1765,1894,NCNTY23025N23025,1478,ME
23,025,17285,Somerset County,Dennistown plantation,"Somerset County, ME",2302517285,1060,1132,1323,1765,1894,NCNTY23025N23025,95,ME
23,025,17460,Somerset County,Detroit town,"Somerset County, ME",2302517460,1060,1132,1323,1765,1894,NCNTY23025N23025,706,ME
23,025,23410,Somerset County,Embden town,"Somerset County, ME",2302523410,1060,1132,1323,1765,1894,NCNTY23025N23025,890,ME
23,025,24320,Somerset County,Fairfield town,"Somerset County, ME",2302524320,1060,1132,1323,1765,1894,NCNTY23025N23025,6523,ME
23,025,31355,Somerset County,Harmony town,"Somerset County, ME",2302531355,1060,1132,1323,1765,1894,NCNTY23025N23025,931,ME
23,025,31740,Somerset County,Hartland town,"Somerset County, ME",2302531740,1060,1132,1323,1765,1894,NCNTY23025N23025,1681,ME
23,025,32895,Somerset County,Highland plantation,"Somerset County, ME",2302532895,1060,1132,1323,1765,1894,NCNTY23025N23025,118,ME
23,025,35345,Somerset County,Jackman town,"Somerset County, ME",2302535345,1060,1132,1323,1765,1894,NCNTY23025N23025,756,ME
23,025,42660,Somerset County,Madison town,"Somerset County, ME",2302542660,1060,1132,1323,1765,1894,NCNTY23025N23025,4761,ME
23,025,45110,Somerset County,Mercer town,"Somerset County, ME",2302545110,1060,1132,1323,1765,1894,NCNTY23025N23025,794,ME
23,025,47140,Somerset County,Moose River town,"Somerset County, ME",2302547140,1060,1132,1323,1765,1894,NCNTY23025N23025,189,ME
23,025,47455,Somerset County,Moscow town,"Somerset County, ME",2302547455,1060,1132,1323,1765,1894,NCNTY23025N23025,765,ME
23,025,49205,Somerset County,New Portland town,"Somerset County, ME",2302549205,1060,1132,1323,1765,1894,NCNTY23025N23025,571,ME
23,025,49835,Somerset County,Norridgewock town,"Somerset County, ME",2302549835,1060,1132,1323,1765,1894,NCNTY23025N23025,3296,ME
23,025,51114,Somerset County,Northeast Somerset UT,"Somerset County, ME",2302551114,1060,1132,1323,1765,1894,NCNTY23025N23025,671,ME
23,025,53636,Somerset County,Northwest Somerset UT,"Somerset County, ME",2302553636,1060,1132,1323,1765,1894,NCNTY23025N23025,25,ME
23,025,56520,Somerset County,Palmyra town,"Somerset County, ME",2302556520,1060,1132,1323,1765,1894,NCNTY23025N23025,2150,ME
23,025,59005,Somerset County,Pittsfield town,"Somerset County, ME",2302559005,1060,1132,1323,1765,1894,NCNTY23025N23025,3918,ME
23,025,59705,Somerset County,Pleasant Ridge plantation,"Somerset County, ME",2302559705,1060,1132,1323,1765,1894,NCNTY23025N23025,77,ME
23,025,62995,Somerset County,Ripley town,"Somerset County, ME",2302562995,1060,1132,1323,1765,1894,NCNTY23025N23025,404,ME
23,025,64850,Somerset County,St. Albans town,"Somerset County, ME",2302564850,1060,1132,1323,1765,1894,NCNTY23025N23025,1703,ME
23,025,67238,Somerset County,Seboomook Lake UT,"Somerset County, ME",2302567238,1060,1132,1323,1765,1894,NCNTY23025N23025,43,ME
23,025,68910,Somerset County,Skowhegan town,"Somerset County, ME",2302568910,1060,1132,1323,1765,1894,NCNTY23025N23025,8639,ME
23,025,69155,Somerset County,Smithfield town,"Somerset County, ME",2302569155,1060,1132,1323,1765,1894,NCNTY23025N23025,867,ME
23,025,69505,Somerset County,Solon town,"Somerset County, ME",2302569505,1060,1132,1323,1765,1894,NCNTY23025N23025,919,ME
23,025,73845,Somerset County,Starks town,"Somerset County, ME",2302573845,1060,1132,1323,1765,1894,NCNTY23025N23025,462,ME
23,025,76190,Somerset County,The Forks plantation,"Somerset County, ME",2302576190,1060,1132,1323,1765,1894,NCNTY23025N23025,57,ME
23,025,82840,Somerset County,West Forks plantation,"Somerset County, ME",2302582840,1060,1132,1323,1765,1894,NCNTY23025N23025,106,ME
23,027,03950,Waldo County,Belfast city,"Waldo County, ME",2302703950,1229,1236,1529,1983,2153,NCNTY23027N23027,6985,ME
23,027,04125,Waldo County,Belmont town,"Waldo County, ME",2302704125,1229,1236,1529,1983,2153,NCNTY23027N23027,931,ME
23,027,07870,Waldo County,Brooks town,"Waldo County, ME",2302707870,1229,1236,1529,1983,2153,NCNTY23027N23027,1167,ME
23,027,09270,Waldo County,Burnham town,"Waldo County, ME",2302709270,1229,1236,1529,1983,2153,NCNTY23027N23027,969,ME
23,027,26280,Waldo County,Frankfort town,"Waldo County, ME",2302726280,1229,1236,1529,1983,2153,NCNTY23027N23027,1229,ME
23,027,26420,Waldo County,Freedom town,"Waldo County, ME",2302726420,1229,1236,1529,1983,2153,NCNTY23027N23027,660,ME
23,027,35240,Waldo County,Islesboro town,"Waldo County, ME",2302735240,1229,1236,1529,1983,2153,NCNTY23027N23027,686,ME
23,027,35450,Waldo County,Jackson town,"Waldo County, ME",2302735450,1229,1236,1529,1983,2153,NCNTY23027N23027,549,ME
23,027,37585,Waldo County,Knox town,"Waldo County, ME",2302737585,1229,1236,1529,1983,2153,NCNTY23027N23027,854,ME
23,027,39055,Waldo County,Liberty town,"Waldo County, ME",2302739055,1229,1236,1529,1983,2153,NCNTY23027N23027,913,ME
23,027,39755,Waldo County,Lincolnville town,"Waldo County, ME",2302739755,1229,1236,1529,1983,2153,NCNTY23027N23027,2344,ME
23,027,46475,Waldo County,Monroe town,"Waldo County, ME",2302746475,1229,1236,1529,1983,2153,NCNTY23027N23027,1034,ME
23,027,46790,Waldo County,Montville town,"Waldo County, ME",2302746790,1229,1236,1529,1983,2153,NCNTY23027N23027,864,ME
23,027,47245,Waldo County,Morrill town,"Waldo County, ME",2302747245,1229,1236,1529,1983,2153,NCNTY23027N23027,922,ME
23,027,52845,Waldo County,Northport town,"Waldo County, ME",2302752845,1229,1236,1529,1983,2153,NCNTY23027N23027,1554,ME
23,027,56450,Waldo County,Palermo town,"Waldo County, ME",2302756450,1229,1236,1529,1983,2153,NCNTY23027N23027,1420,ME
23,027,61210,Waldo County,Prospect town,"Waldo County, ME",2302761210,1229,1236,1529,1983,2153,NCNTY23027N23027,926,ME
23,027,66565,Waldo County,Searsmont town,"Waldo County, ME",2302766565,1229,1236,1529,1983,2153,NCNTY23027N23027,1494,ME
23,027,66635,Waldo County,Searsport town,"Waldo County, ME",2302766635,1229,1236,1529,1983,2153,NCNTY23027N23027,2649,ME
23,027,74475,Waldo County,Stockton Springs town,"Waldo County, ME",2302774475,1229,1236,1529,1983,2153,NCNTY23027N23027,1658,ME
23,027,75525,Waldo County,Swanville town,"Waldo County, ME",2302775525,1229,1236,1529,1983,2153,NCNTY23027N23027,1177,ME
23,027,76610,Waldo County,Thorndike town,"Waldo County, ME",2302776610,1229,1236,1529,1983,2153,NCNTY23027N23027,1469,ME
23,027,77625,Waldo County,Troy town,"Waldo County, ME",2302777625,1229,1236,1529,1983,2153,NCNTY23027N23027,917,ME
23,027,78255,Waldo County,Unity town,"Waldo County, ME",2302778255,1229,1236,1529,1983,2153,NCNTY23027N23027,1928,ME
23,027,79480,Waldo County,Waldo town,"Waldo County, ME",2302779480,1229,1236,1529,1983,2153,NCNTY23027N23027,868,ME
23,027,86760,Waldo County,Winterport town,"Waldo County, ME",2302786760,1229,1236,1529,1983,2153,NCNTY23027N23027,3839,ME
23,029,00380,Washington County,Addison town,"Washington County, ME",2302900380,911,1008,1322,1837,2052,NCNTY23029N23029,1077,ME
23,029,00660,Washington County,Alexander town,"Washington County, ME",2302900660,911,1008,1322,1837,2052,NCNTY23029N23029,574,ME
23,029,02480,Washington County,Baileyville town,"Washington County, ME",2302902480,911,1008,1322,1837,2052,NCNTY23029N23029,1394,ME
23,029,02970,Washington County,Baring plantation,"Washington County, ME",2302902970,911,1008,1322,1837,2052,NCNTY23029N23029,200,ME
23,029,03670,Washington County,Beals town,"Washington County, ME",2302903670,911,1008,1322,1837,2052,NCNTY23029N23029,451,ME
23,029,03810,Washington County,Beddington town,"Washington County, ME",2302903810,911,1008,1322,1837,2052,NCNTY23029N23029,20,ME
23,029,09585,Washington County,Calais city,"Washington County, ME",2302909585,911,1008,1322,1837,2052,NCNTY23029N23029,3087,ME
23,029,12175,Washington County,Charlotte town,"Washington County, ME",2302912175,911,1008,1322,1837,2052,NCNTY23029N23029,369,ME
23,029,12455,Washington County,Cherryfield town,"Washington County, ME",2302912455,911,1008,1322,1837,2052,NCNTY23029N23029,859,ME
23,029,13610,Washington County,Codyville plantation,"Washington County, ME",2302913610,911,1008,1322,1837,2052,NCNTY23029N23029,10,ME
23,029,13750,Washington County,Columbia town,"Washington County, ME",2302913750,911,1008,1322,1837,2052,NCNTY23029N23029,577,ME
23,029,13820,Washington County,Columbia Falls town,"Washington County, ME",2302913820,911,1008,1322,1837,2052,NCNTY23029N23029,383,ME
23,029,14100,Washington County,Cooper town,"Washington County, ME",2302914100,911,1008,1322,1837,2052,NCNTY23029N23029,155,ME
23,029,14940,Washington County,Crawford town,"Washington County, ME",2302914940,911,1008,1322,1837,2052,NCNTY23029N23029,95,ME
23,029,15920,Washington County,Cutler town,"Washington County, ME",2302915920,911,1008,1322,1837,2052,NCNTY23029N23029,528,ME
23,029,16410,Washington County,Danforth town,"Washington County, ME",2302916410,911,1008,1322,1837,2052,NCNTY23029N23029,739,ME
23,029,16865,Washington County,Deblois town,"Washington County, ME",2302916865,911,1008,1322,1837,2052,NCNTY23029N23029,95,ME
23,029,17355,Washington County,Dennysville town,"Washington County, ME",2302917355,911,1008,1322,1837,2052,NCNTY23029N23029,190,ME
23,029,19870,Washington County,East Central Washington UT,"Washington County, ME",2302919870,911,1008,1322,1837,2052,NCNTY23029N23029,595,ME
23,029,20960,Washington County,East Machias town,"Washington County, ME",2302920960,911,1008,1322,1837,2052,NCNTY23029N23029,1285,ME
23,029,21730,Washington County,Eastport city,"Washington County, ME",2302921730,911,1008,1322,1837,2052,NCNTY23029N23029,1230,ME
23,029,28660,Washington County,Grand Lake Stream plantation,"Washington County, ME",2302928660,911,1008,1322,1837,2052,NCNTY23029N23029,188,ME
23,029,31530,Washington County,Harrington town,"Washington County, ME",2302931530,911,1008,1322,1837,2052,NCNTY23029N23029,864,ME
23,029,35905,Washington County,Jonesboro town,"Washington County, ME",2302935905,911,1008,1322,1837,2052,NCNTY23029N23029,494,ME
23,029,36010,Washington County,Jonesport town,"Washington County, ME",2302936010,911,1008,1322,1837,2052,NCNTY23029N23029,1276,ME
23,029,41610,Washington County,Lubec town,"Washington County, ME",2302941610,911,1008,1322,1837,2052,NCNTY23029N23029,1246,ME
23,029,41960,Washington County,Machias town,"Washington County, ME",2302941960,911,1008,1322,1837,2052,NCNTY23029N23029,2067,ME
23,029,42100,Washington County,Machiasport town,"Washington County, ME",2302942100,911,1008,1322,1837,2052,NCNTY23029N23029,1001,ME
23,029,43640,Washington County,Marshfield town,"Washington County, ME",2302943640,911,1008,1322,1837,2052,NCNTY23029N23029,463,ME
23,029,44760,Washington County,Meddybemps town,"Washington County, ME",2302944760,911,1008,1322,1837,2052,NCNTY23029N23029,130,ME
23,029,45600,Washington County,Milbridge town,"Washington County, ME",2302945600,911,1008,1322,1837,2052,NCNTY23029N23029,1261,ME
23,029,51375,Washington County,Northfield town,"Washington County, ME",2302951375,911,1008,1322,1837,2052,NCNTY23029N23029,338,ME
23,029,53500,Washington County,North Washington UT,"Washington County, ME",2302953500,911,1008,1322,1837,2052,NCNTY23029N23029,706,ME
23,029,57082,Washington County,Passamaquoddy Indian Township Reservation,"Washington County, ME",2302957082,911,1008,1322,1837,2052,NCNTY23029N23029,747,ME
23,029,57090,Washington County,Passamaquoddy Pleasant Point Reservation,"Washington County, ME",2302957090,911,1008,1322,1837,2052,NCNTY23029N23029,583,ME
23,029,57780,Washington County,Pembroke town,"Washington County, ME",2302957780,911,1008,1322,1837,2052,NCNTY23029N23029,884,ME
23,029,58165,Washington County,Perry town,"Washington County, ME",2302958165,911,1008,1322,1837,2052,NCNTY23029N23029,724,ME
23,029,61035,Washington County,Princeton town,"Washington County, ME",2302961035,911,1008,1322,1837,2052,NCNTY23029N23029,767,ME
23,029,63275,Washington County,Robbinston town,"Washington County, ME",2302963275,911,1008,1322,1837,2052,NCNTY23029N23029,647,ME
23,029,63940,Washington County,Roque Bluffs town,"Washington County, ME",2302963940,911,1008,1322,1837,2052,NCNTY23029N23029,306,ME
23,029,74125,Washington County,Steuben town,"Washington County, ME",2302974125,911,1008,1322,1837,2052,NCNTY23029N23029,1233,ME
23,029,75770,Washington County,Talmadge town,"Washington County, ME",2302975770,911,1008,1322,1837,2052,NCNTY23029N23029,62,ME
23,029,76895,Washington County,Topsfield town,"Washington County, ME",2302976895,911,1008,1322,1837,2052,NCNTY23029N23029,230,ME
23,029,78675,Washington County,Vanceboro town,"Washington County, ME",2302978675,911,1008,1322,1837,2052,NCNTY23029N23029,158,ME
23,029,79375,Washington County,Waite town,"Washington County, ME",2302979375,911,1008,1322,1837,2052,NCNTY23029N23029,123,ME
23,029,81685,Washington County,Wesley town,"Washington County, ME",2302981685,911,1008,1322,1837,2052,NCNTY23029N23029,154,ME
23,029,85185,Washington County,Whiting town,"Washington County, ME",2302985185,911,1008,1322,1837,2052,NCNTY23029N23029,536,ME
23,029,85290,Washington County,Whitneyville town,"Washington County, ME",2302985290,911,1008,1322,1837,2052,NCNTY23029N23029,160,ME
24,003,99999,Anne Arundel County,,"Baltimore-Columbia-Towson, MD MSA",2400399999,1488,1651,2030,2577,2854,METRO12580M12580,588109,MD
24,005,99999,Baltimore County,,"Baltimore-Columbia-Towson, MD MSA",2400599999,1488,1651,2030,2577,2854,METRO12580M12580,850737,MD
24,013,99999,Carroll County,,"Baltimore-Columbia-Towson, MD MSA",2401399999,1488,1651,2030,2577,2854,METRO12580M12580,173225,MD
24,025,99999,Harford County,,"Baltimore-Columbia-Towson, MD MSA",2402599999,1488,1651,2030,2577,2854,METRO12580M12580,261059,MD
24,027,99999,Howard County,,"Baltimore-Columbia-Towson, MD MSA",2402799999,1488,1651,2030,2577,2854,METRO12580M12580,332011,MD
24,035,99999,Queen Anne's County,,"Baltimore-Columbia-Towson, MD MSA",2403599999,1488,1651,2030,2577,2854,METRO12580M12580,50316,MD
24,510,99999,Baltimore city,,"Baltimore-Columbia-Towson, MD MSA",2451099999,1488,1651,2030,2577,2854,METRO12580M12580,584548,MD
24,043,99999,Washington County,,"Hagerstown, MD HUD Metro FMR Area",2404399999,925,1023,1342,1810,2023,METRO25180MM3180,154645,MD
24,009,99999,Calvert County,,"Calvert County, MD HUD Metro FMR Area",2400999999,1811,1851,2162,2825,3324,METRO30500N24009,93244,MD
24,037,99999,St. Mary's County,,"St. Mary's County, MD HUD Metro FMR Area",2403799999,1495,1793,1965,2427,3097,METRO30500N24037,113814,MD
24,015,99999,Cecil County,,"Philadelphia-Camden-Wilmington, PA-NJ-DE-MD MSA",2401599999,1516,1650,1964,2355,2629,METRO37980M37980,103876,MD
24,045,99999,Wicomico County,,"Salisbury, MD HUD Metro FMR Area",2404599999,1130,1137,1477,1948,1956,METRO41540M41540,103815,MD
24,039,99999,Somerset County,,"Somerset County, MD HUD Metro FMR Area",2403999999,974,980,1261,1714,1801,METRO41540N24039,24672,MD
24,017,99999,Charles County,,"Washington-Arlington-Alexandria, DC-VA-MD HUD Metro FMR Area",2401799999,2111,2177,2427,3063,3601,METRO47900M47900,167035,MD
24,021,99999,Frederick County,,"Washington-Arlington-Alexandria, DC-VA-MD HUD Metro FMR Area",2402199999,2111,2177,2427,3063,3601,METRO47900M47900,273829,MD
24,031,99999,Montgomery County,,"Washington-Arlington-Alexandria, DC-VA-MD HUD Metro FMR Area",2403199999,2111,2177,2427,3063,3601,METRO47900M47900,1056910,MD
24,033,99999,Prince George's County,,"Washington-Arlington-Alexandria, DC-VA-MD HUD Metro FMR Area",2403399999,2111,2177,2427,3063,3601,METRO47900M47900,957189,MD
24,001,99999,Allegany County,,"Allegany County, MD",2400199999,726,861,1018,1395,1520,NCNTY24001N24001,68161,MD
24,011,99999,Caroline County,,"Caroline County, MD",2401199999,1052,1059,1390,1737,2311,NCNTY24011N24011,33320,MD
24,019,99999,Dorchester County,,"Dorchester County, MD",2401999999,987,993,1193,1659,2001,NCNTY24019N24019,32557,MD
24,023,99999,Garrett County,,"Garrett County, MD",2402399999,848,864,973,1353,1441,NCNTY24023N24023,28856,MD
24,029,99999,Kent County,,"Kent County, MD",2402999999,1159,1240,1359,1783,2280,NCNTY24029N24029,19289,MD
24,041,99999,Talbot County,,"Talbot County, MD",2404199999,1321,1410,1549,2154,2599,NCNTY24041N24041,37663,MD
24,047,99999,Worcester County,,"Worcester County, MD",2404799999,1161,1168,1350,1878,2169,NCNTY24047N24047,52827,MD
25,015,01370,Hampshire County,Amherst Town city,"Amherst Town-Northampton, MA MSA",2501501370,1469,1680,2131,2663,2874,METRO11200M11200,35472,MA
25,015,04825,Hampshire County,Belchertown town,"Amherst Town-Northampton, MA MSA",2501504825,1469,1680,2131,2663,2874,METRO11200M11200,15366,MA
25,015,13590,Hampshire County,Chesterfield town,"Amherst Town-Northampton, MA MSA",2501513590,1469,1680,2131,2663,2874,METRO11200M11200,964,MA
25,015,16040,Hampshire County,Cummington town,"Amherst Town-Northampton, MA MSA",2501516040,1469,1680,2131,2663,2874,METRO11200M11200,916,MA
25,015,19370,Hampshire County,Easthampton Town city,"Amherst Town-Northampton, MA MSA",2501519370,1469,1680,2131,2663,2874,METRO11200M11200,16103,MA
25,015,26290,Hampshire County,Goshen town,"Amherst Town-Northampton, MA MSA",2501526290,1469,1680,2131,2663,2874,METRO11200M11200,965,MA
25,015,26535,Hampshire County,Granby town,"Amherst Town-Northampton, MA MSA",2501526535,1469,1680,2131,2663,2874,METRO11200M11200,6088,MA
25,015,27690,Hampshire County,Hadley town,"Amherst Town-Northampton, MA MSA",2501527690,1469,1680,2131,2663,2874,METRO11200M11200,5299,MA
25,015,29265,Hampshire County,Hatfield town,"Amherst Town-Northampton, MA MSA",2501529265,1469,1680,2131,2663,2874,METRO11200M11200,3324,MA
25,015,31785,Hampshire County,Huntington town,"Amherst Town-Northampton, MA MSA",2501531785,1469,1680,2131,2663,2874,METRO11200M11200,2205,MA
25,015,40990,Hampshire County,Middlefield town,"Amherst Town-Northampton, MA MSA",2501540990,1469,1680,2131,2663,2874,METRO11200M11200,373,MA
25,015,46330,Hampshire County,Northampton city,"Amherst Town-Northampton, MA MSA",2501546330,1469,1680,2131,2663,2874,METRO11200M11200,28640,MA
25,015,52560,Hampshire County,Pelham town,"Amherst Town-Northampton, MA MSA",2501552560,1469,1680,2131,2663,2874,METRO11200M11200,1332,MA
25,015,54030,Hampshire County,Plainfield town,"Amherst Town-Northampton, MA MSA",2501554030,1469,1680,2131,2663,2874,METRO11200M11200,623,MA
25,015,62745,Hampshire County,Southampton town,"Amherst Town-Northampton, MA MSA",2501562745,1469,1680,2131,2663,2874,METRO11200M11200,6212,MA
25,015,64145,Hampshire County,South Hadley town,"Amherst Town-Northampton, MA MSA",2501564145,1469,1680,2131,2663,2874,METRO11200M11200,17410,MA
25,015,72880,Hampshire County,Ware town,"Amherst Town-Northampton, MA MSA",2501572880,1469,1680,2131,2663,2874,METRO11200M11200,10012,MA
25,015,76380,Hampshire County,Westhampton town,"Amherst Town-Northampton, MA MSA",2501576380,1469,1680,2131,2663,2874,METRO11200M11200,1514,MA
25,015,79915,Hampshire County,Williamsburg town,"Amherst Town-Northampton, MA MSA",2501579915,1469,1680,2131,2663,2874,METRO11200M11200,2716,MA
25,015,82175,Hampshire County,Worthington town,"Amherst Town-Northampton, MA MSA",2501582175,1469,1680,2131,2663,2874,METRO11200M11200,1061,MA
25,001,03690,Barnstable County,Barnstable Town city,"Barnstable Town, MA MSA",2500103690,1952,1965,2578,3177,3648,METRO12700M12700,49232,MA
25,001,07175,Barnstable County,Bourne town,"Barnstable Town, MA MSA",2500107175,1952,1965,2578,3177,3648,METRO12700M12700,20093,MA
25,001,07980,Barnstable County,Brewster town,"Barnstable Town, MA MSA",2500107980,1952,1965,2578,3177,3648,METRO12700M12700,10367,MA
25,001,12995,Barnstable County,Chatham town,"Barnstable Town, MA MSA",2500112995,1952,1965,2578,3177,3648,METRO12700M12700,6643,MA
25,001,16775,Barnstable County,Dennis town,"Barnstable Town, MA MSA",2500116775,1952,1965,2578,3177,3648,METRO12700M12700,14803,MA
25,001,19295,Barnstable County,Eastham town,"Barnstable Town, MA MSA",2500119295,1952,1965,2578,3177,3648,METRO12700M12700,5772,MA
25,001,23105,Barnstable County,Falmouth town,"Barnstable Town, MA MSA",2500123105,1952,1965,2578,3177,3648,METRO12700M12700,32841,MA
25,001,29020,Barnstable County,Harwich town,"Barnstable Town, MA MSA",2500129020,1952,1965,2578,3177,3648,METRO12700M12700,13506,MA
25,001,39100,Barnstable County,Mashpee town,"Barnstable Town, MA MSA",2500139100,1952,1965,2578,3177,3648,METRO12700M12700,15234,MA
25,001,51440,Barnstable County,Orleans town,"Barnstable Town, MA MSA",2500151440,1952,1965,2578,3177,3648,METRO12700M12700,6342,MA
25,001,55500,Barnstable County,Provincetown town,"Barnstable Town, MA MSA",2500155500,1952,1965,2578,3177,3648,METRO12700M12700,3681,MA
25,001,59735,Barnstable County,Sandwich town,"Barnstable Town, MA MSA",2500159735,1952,1965,2578,3177,3648,METRO12700M12700,20422,MA
25,001,70605,Barnstable County,Truro town,"Barnstable Town, MA MSA",2500170605,1952,1965,2578,3177,3648,METRO12700M12700,1675,MA
25,001,74385,Barnstable County,Wellfleet town,"Barnstable Town, MA MSA",2500174385,1952,1965,2578,3177,3648,METRO12700M12700,4371,MA
25,001,82525,Barnstable County,Yarmouth town,"Barnstable Town, MA MSA",2500182525,1952,1965,2578,3177,3648,METRO12700M12700,25091,MA
25,009,01260,Essex County,Amesbury Town city,"Boston-Cambridge-Quincy, MA-NH HUD Metro FMR Area",2500901260,2462,2584,3069,3680,4063,METRO14460MM1120,17277,MA
25,009,05595,Essex County,Beverly city,"Boston-Cambridge-Quincy, MA-NH HUD Metro FMR Area",2500905595,2462,2584,3069,3680,4063,METRO14460MM1120,42408,MA
25,009,16250,Essex County,Danvers town,"Boston-Cambridge-Quincy, MA-NH HUD Metro FMR Area",2500916250,2462,2584,3069,3680,4063,METRO14460MM1120,27924,MA
25,009,21850,Essex County,Essex town,"Boston-Cambridge-Quincy, MA-NH HUD Metro FMR Area",2500921850,2462,2584,3069,3680,4063,METRO14460MM1120,3680,MA
25,009,26150,Essex County,Gloucester city,"Boston-Cambridge-Quincy, MA-NH HUD Metro FMR Area",2500926150,2462,2584,3069,3680,4063,METRO14460MM1120,29862,MA
25,009,27900,Essex County,Hamilton town,"Boston-Cambridge-Quincy, MA-NH HUD Metro FMR Area",2500927900,2462,2584,3069,3680,4063,METRO14460MM1120,7571,MA
25,009,32310,Essex County,Ipswich town,"Boston-Cambridge-Quincy, MA-NH HUD Metro FMR Area",2500932310,2462,2584,3069,3680,4063,METRO14460MM1120,13820,MA
25,009,37490,Essex County,Lynn city,"Boston-Cambridge-Quincy, MA-NH HUD Metro FMR Area",2500937490,2462,2584,3069,3680,4063,METRO14460MM1120,100905,MA
25,009,37560,Essex County,Lynnfield town,"Boston-Cambridge-Quincy, MA-NH HUD Metro FMR Area",2500937560,2462,2584,3069,3680,4063,METRO14460MM1120,12964,MA
25,009,37995,Essex County,Manchester-by-the-Sea town,"Boston-Cambridge-Quincy, MA-NH HUD Metro FMR Area",2500937995,2462,2584,3069,3680,4063,METRO14460MM1120,5368,MA
25,009,38400,Essex County,Marblehead town,"Boston-Cambridge-Quincy, MA-NH HUD Metro FMR Area",2500938400,2462,2584,3069,3680,4063,METRO14460MM1120,20334,MA
25,009,41095,Essex County,Middleton town,"Boston-Cambridge-Quincy, MA-NH HUD Metro FMR Area",2500941095,2462,2584,3069,3680,4063,METRO14460MM1120,9727,MA
25,009,43580,Essex County,Nahant town,"Boston-Cambridge-Quincy, MA-NH HUD Metro FMR Area",2500943580,2462,2584,3069,3680,4063,METRO14460MM1120,3328,MA
25,009,45175,Essex County,Newbury town,"Boston-Cambridge-Quincy, MA-NH HUD Metro FMR Area",2500945175,2462,2584,3069,3680,4063,METRO14460MM1120,6729,MA
25,009,45245,Essex County,Newburyport city,"Boston-Cambridge-Quincy, MA-NH HUD Metro FMR Area",2500945245,2462,2584,3069,3680,4063,METRO14460MM1120,18444,MA
25,009,52490,Essex County,Peabody city,"Boston-Cambridge-Quincy, MA-NH HUD Metro FMR Area",2500952490,2462,2584,3069,3680,4063,METRO14460MM1120,54180,MA
25,009,57880,Essex County,Rockport town,"Boston-Cambridge-Quincy, MA-NH HUD Metro FMR Area",2500957880,2462,2584,3069,3680,4063,METRO14460MM1120,6977,MA
25,009,58405,Essex County,Rowley town,"Boston-Cambridge-Quincy, MA-NH HUD Metro FMR Area",2500958405,2462,2584,3069,3680,4063,METRO14460MM1120,6214,MA
25,009,59105,Essex County,Salem city,"Boston-Cambridge-Quincy, MA-NH HUD Metro FMR Area",2500959105,2462,2584,3069,3680,4063,METRO14460MM1120,44241,MA
25,009,59245,Essex County,Salisbury town,"Boston-Cambridge-Quincy, MA-NH HUD Metro FMR Area",2500959245,2462,2584,3069,3680,4063,METRO14460MM1120,9217,MA
25,009,60015,Essex County,Saugus town,"Boston-Cambridge-Quincy, MA-NH HUD Metro FMR Area",2500960015,2462,2584,3069,3680,4063,METRO14460MM1120,28599,MA
25,009,68645,Essex County,Swampscott town,"Boston-Cambridge-Quincy, MA-NH HUD Metro FMR Area",2500968645,2462,2584,3069,3680,4063,METRO14460MM1120,15209,MA
25,009,70150,Essex County,Topsfield town,"Boston-Cambridge-Quincy, MA-NH HUD Metro FMR Area",2500970150,2462,2584,3069,3680,4063,METRO14460MM1120,6535,MA
25,009,74595,Essex County,Wenham town,"Boston-Cambridge-Quincy, MA-NH HUD Metro FMR Area",2500974595,2462,2584,3069,3680,4063,METRO14460MM1120,4930,MA
25,017,00380,Middlesex County,Acton town,"Boston-Cambridge-Quincy, MA-NH HUD Metro FMR Area",2501700380,2462,2584,3069,3680,4063,METRO14460MM1120,23961,MA
25,017,01605,Middlesex County,Arlington town,"Boston-Cambridge-Quincy, MA-NH HUD Metro FMR Area",2501701605,2462,2584,3069,3680,4063,METRO14460MM1120,46015,MA
25,017,01955,Middlesex County,Ashby town,"Boston-Cambridge-Quincy, MA-NH HUD Metro FMR Area",2501701955,2462,2584,3069,3680,4063,METRO14460MM1120,3188,MA
25,017,02130,Middlesex County,Ashland town,"Boston-Cambridge-Quincy, MA-NH HUD Metro FMR Area",2501702130,2462,2584,3069,3680,4063,METRO14460MM1120,18694,MA
25,017,03005,Middlesex County,Ayer town,"Boston-Cambridge-Quincy, MA-NH HUD Metro FMR Area",2501703005,2462,2584,3069,3680,4063,METRO14460MM1120,8491,MA
25,017,04615,Middlesex County,Bedford town,"Boston-Cambridge-Quincy, MA-NH HUD Metro FMR Area",2501704615,2462,2584,3069,3680,4063,METRO14460MM1120,14343,MA
25,017,05070,Middlesex County,Belmont town,"Boston-Cambridge-Quincy, MA-NH HUD Metro FMR Area",2501705070,2462,2584,3069,3680,4063,METRO14460MM1120,27009,MA
25,017,07350,Middlesex County,Boxborough town,"Boston-Cambridge-Quincy, MA-NH HUD Metro FMR Area",2501707350,2462,2584,3069,3680,4063,METRO14460MM1120,5468,MA
25,017,09840,Middlesex County,Burlington town,"Boston-Cambridge-Quincy, MA-NH HUD Metro FMR Area",2501709840,2462,2584,3069,3680,4063,METRO14460MM1120,26223,MA
25,017,11000,Middlesex County,Cambridge city,"Boston-Cambridge-Quincy, MA-NH HUD Metro FMR Area",2501711000,2462,2584,3069,3680,4063,METRO14460MM1120,117794,MA
25,017,11525,Middlesex County,Carlisle town,"Boston-Cambridge-Quincy, MA-NH HUD Metro FMR Area",2501711525,2462,2584,3069,3680,4063,METRO14460MM1120,5209,MA
25,017,15060,Middlesex County,Concord town,"Boston-Cambridge-Quincy, MA-NH HUD Metro FMR Area",2501715060,2462,2584,3069,3680,4063,METRO14460MM1120,18226,MA
25,017,21990,Middlesex County,Everett city,"Boston-Cambridge-Quincy, MA-NH HUD Metro FMR Area",2501721990,2462,2584,3069,3680,4063,METRO14460MM1120,49236,MA
25,017,24960,Middlesex County,Framingham city,"Boston-Cambridge-Quincy, MA-NH HUD Metro FMR Area",2501724960,2462,2584,3069,3680,4063,METRO14460MM1120,72013,MA
25,017,30700,Middlesex County,Holliston town,"Boston-Cambridge-Quincy, MA-NH HUD Metro FMR Area",2501730700,2462,2584,3069,3680,4063,METRO14460MM1120,14964,MA
25,017,31085,Middlesex County,Hopkinton town,"Boston-Cambridge-Quincy, MA-NH HUD Metro FMR Area",2501731085,2462,2584,3069,3680,4063,METRO14460MM1120,19050,MA
25,017,31540,Middlesex County,Hudson town,"Boston-Cambridge-Quincy, MA-NH HUD Metro FMR Area",2501731540,2462,2584,3069,3680,4063,METRO14460MM1120,19959,MA
25,017,35215,Middlesex County,Lexington town,"Boston-Cambridge-Quincy, MA-NH HUD Metro FMR Area",2501735215,2462,2584,3069,3680,4063,METRO14460MM1120,34085,MA
25,017,35425,Middlesex County,Lincoln town,"Boston-Cambridge-Quincy, MA-NH HUD Metro FMR Area",2501735425,2462,2584,3069,3680,4063,METRO14460MM1120,6946,MA
25,017,35950,Middlesex County,Littleton town,"Boston-Cambridge-Quincy, MA-NH HUD Metro FMR Area",2501735950,2462,2584,3069,3680,4063,METRO14460MM1120,10150,MA
25,017,37875,Middlesex County,Malden city,"Boston-Cambridge-Quincy, MA-NH HUD Metro FMR Area",2501737875,2462,2584,3069,3680,4063,METRO14460MM1120,65509,MA
25,017,38715,Middlesex County,Marlborough city,"Boston-Cambridge-Quincy, MA-NH HUD Metro FMR Area",2501738715,2462,2584,3069,3680,4063,METRO14460MM1120,41398,MA
25,017,39625,Middlesex County,Maynard town,"Boston-Cambridge-Quincy, MA-NH HUD Metro FMR Area",2501739625,2462,2584,3069,3680,4063,METRO14460MM1120,10663,MA
25,017,39835,Middlesex County,Medford city,"Boston-Cambridge-Quincy, MA-NH HUD Metro FMR Area",2501739835,2462,2584,3069,3680,4063,METRO14460MM1120,59062,MA
25,017,40115,Middlesex County,Melrose city,"Boston-Cambridge-Quincy, MA-NH HUD Metro FMR Area",2501740115,2462,2584,3069,3680,4063,METRO14460MM1120,29488,MA
25,017,43895,Middlesex County,Natick town,"Boston-Cambridge-Quincy, MA-NH HUD Metro FMR Area",2501743895,2462,2584,3069,3680,4063,METRO14460MM1120,36627,MA
25,017,45560,Middlesex County,Newton city,"Boston-Cambridge-Quincy, MA-NH HUD Metro FMR Area",2501745560,2462,2584,3069,3680,4063,METRO14460MM1120,88504,MA
25,017,48955,Middlesex County,North Reading town,"Boston-Cambridge-Quincy, MA-NH HUD Metro FMR Area",2501748955,2462,2584,3069,3680,4063,METRO14460MM1120,15634,MA
25,017,56130,Middlesex County,Reading town,"Boston-Cambridge-Quincy, MA-NH HUD Metro FMR Area",2501756130,2462,2584,3069,3680,4063,METRO14460MM1120,25448,MA
25,017,61380,Middlesex County,Sherborn town,"Boston-Cambridge-Quincy, MA-NH HUD Metro FMR Area",2501761380,2462,2584,3069,3680,4063,METRO14460MM1120,4404,MA
25,017,61590,Middlesex County,Shirley town,"Boston-Cambridge-Quincy, MA-NH HUD Metro FMR Area",2501761590,2462,2584,3069,3680,4063,METRO14460MM1120,7017,MA
25,017,62535,Middlesex County,Somerville city,"Boston-Cambridge-Quincy, MA-NH HUD Metro FMR Area",2501762535,2462,2584,3069,3680,4063,METRO14460MM1120,80549,MA
25,017,67665,Middlesex County,Stoneham town,"Boston-Cambridge-Quincy, MA-NH HUD Metro FMR Area",2501767665,2462,2584,3069,3680,4063,METRO14460MM1120,22986,MA
25,017,68050,Middlesex County,Stow town,"Boston-Cambridge-Quincy, MA-NH HUD Metro FMR Area",2501768050,2462,2584,3069,3680,4063,METRO14460MM1120,7109,MA
25,017,68260,Middlesex County,Sudbury town,"Boston-Cambridge-Quincy, MA-NH HUD Metro FMR Area",2501768260,2462,2584,3069,3680,4063,METRO14460MM1120,19067,MA
25,017,70360,Middlesex County,Townsend town,"Boston-Cambridge-Quincy, MA-NH HUD Metro FMR Area",2501770360,2462,2584,3069,3680,4063,METRO14460MM1120,9052,MA
25,017,72215,Middlesex County,Wakefield town,"Boston-Cambridge-Quincy, MA-NH HUD Metro FMR Area",2501772215,2462,2584,3069,3680,4063,METRO14460MM1120,27284,MA
25,017,72600,Middlesex County,Waltham city,"Boston-Cambridge-Quincy, MA-NH HUD Metro FMR Area",2501772600,2462,2584,3069,3680,4063,METRO14460MM1120,64723,MA
25,017,73440,Middlesex County,Watertown city,"Boston-Cambridge-Quincy, MA-NH HUD Metro FMR Area",2501773440,2462,2584,3069,3680,4063,METRO14460MM1120,35270,MA
25,017,73790,Middlesex County,Wayland town,"Boston-Cambridge-Quincy, MA-NH HUD Metro FMR Area",2501773790,2462,2584,3069,3680,4063,METRO14460MM1120,13826,MA
25,017,77255,Middlesex County,Weston town,"Boston-Cambridge-Quincy, MA-NH HUD Metro FMR Area",2501777255,2462,2584,3069,3680,4063,METRO14460MM1120,11443,MA
25,017,80230,Middlesex County,Wilmington town,"Boston-Cambridge-Quincy, MA-NH HUD Metro FMR Area",2501780230,2462,2584,3069,3680,4063,METRO14460MM1120,23195,MA
25,017,80510,Middlesex County,Winchester town,"Boston-Cambridge-Quincy, MA-NH HUD Metro FMR Area",2501780510,2462,2584,3069,3680,4063,METRO14460MM1120,22862,MA
25,017,81035,Middlesex County,Woburn city,"Boston-Cambridge-Quincy, MA-NH HUD Metro FMR Area",2501781035,2462,2584,3069,3680,4063,METRO14460MM1120,41205,MA
25,021,04930,Norfolk County,Bellingham town,"Boston-Cambridge-Quincy, MA-NH HUD Metro FMR Area",2502104930,2462,2584,3069,3680,4063,METRO14460MM1120,17160,MA
25,021,07740,Norfolk County,Braintree Town city,"Boston-Cambridge-Quincy, MA-NH HUD Metro FMR Area",2502107740,2462,2584,3069,3680,4063,METRO14460MM1120,38762,MA
25,021,09175,Norfolk County,Brookline town,"Boston-Cambridge-Quincy, MA-NH HUD Metro FMR Area",2502109175,2462,2584,3069,3680,4063,METRO14460MM1120,62822,MA
25,021,11315,Norfolk County,Canton town,"Boston-Cambridge-Quincy, MA-NH HUD Metro FMR Area",2502111315,2462,2584,3069,3680,4063,METRO14460MM1120,24459,MA
25,021,14640,Norfolk County,Cohasset town,"Boston-Cambridge-Quincy, MA-NH HUD Metro FMR Area",2502114640,2462,2584,3069,3680,4063,METRO14460MM1120,8358,MA
25,021,16495,Norfolk County,Dedham town,"Boston-Cambridge-Quincy, MA-NH HUD Metro FMR Area",2502116495,2462,2584,3069,3680,4063,METRO14460MM1120,25109,MA
25,021,17405,Norfolk County,Dover town,"Boston-Cambridge-Quincy, MA-NH HUD Metro FMR Area",2502117405,2462,2584,3069,3680,4063,METRO14460MM1120,5893,MA
25,021,24820,Norfolk County,Foxborough town,"Boston-Cambridge-Quincy, MA-NH HUD Metro FMR Area",2502124820,2462,2584,3069,3680,4063,METRO14460MM1120,18516,MA
25,021,25172,Norfolk County,Franklin Town city,"Boston-Cambridge-Quincy, MA-NH HUD Metro FMR Area",2502125172,2462,2584,3069,3680,4063,METRO14460MM1120,33067,MA
25,021,30455,Norfolk County,Holbrook town,"Boston-Cambridge-Quincy, MA-NH HUD Metro FMR Area",2502130455,2462,2584,3069,3680,4063,METRO14460MM1120,11320,MA
25,021,39765,Norfolk County,Medfield town,"Boston-Cambridge-Quincy, MA-NH HUD Metro FMR Area",2502139765,2462,2584,3069,3680,4063,METRO14460MM1120,12923,MA
25,021,39975,Norfolk County,Medway town,"Boston-Cambridge-Quincy, MA-NH HUD Metro FMR Area",2502139975,2462,2584,3069,3680,4063,METRO14460MM1120,13251,MA
25,021,41515,Norfolk County,Millis town,"Boston-Cambridge-Quincy, MA-NH HUD Metro FMR Area",2502141515,2462,2584,3069,3680,4063,METRO14460MM1120,8699,MA
25,021,41690,Norfolk County,Milton town,"Boston-Cambridge-Quincy, MA-NH HUD Metro FMR Area",2502141690,2462,2584,3069,3680,4063,METRO14460MM1120,28481,MA
25,021,44105,Norfolk County,Needham town,"Boston-Cambridge-Quincy, MA-NH HUD Metro FMR Area",2502144105,2462,2584,3069,3680,4063,METRO14460MM1120,32059,MA
25,021,46050,Norfolk County,Norfolk town,"Boston-Cambridge-Quincy, MA-NH HUD Metro FMR Area",2502146050,2462,2584,3069,3680,4063,METRO14460MM1120,11556,MA
25,021,50250,Norfolk County,Norwood town,"Boston-Cambridge-Quincy, MA-NH HUD Metro FMR Area",2502150250,2462,2584,3069,3680,4063,METRO14460MM1120,31380,MA
25,021,54100,Norfolk County,Plainville town,"Boston-Cambridge-Quincy, MA-NH HUD Metro FMR Area",2502154100,2462,2584,3069,3680,4063,METRO14460MM1120,9872,MA
25,021,55745,Norfolk County,Quincy city,"Boston-Cambridge-Quincy, MA-NH HUD Metro FMR Area",2502155745,2462,2584,3069,3680,4063,METRO14460MM1120,101361,MA
25,021,56000,Norfolk County,Randolph city,"Boston-Cambridge-Quincy, MA-NH HUD Metro FMR Area",2502156000,2462,2584,3069,3680,4063,METRO14460MM1120,34683,MA
25,021,60785,Norfolk County,Sharon town,"Boston-Cambridge-Quincy, MA-NH HUD Metro FMR Area",2502160785,2462,2584,3069,3680,4063,METRO14460MM1120,18478,MA
25,021,67945,Norfolk County,Stoughton town,"Boston-Cambridge-Quincy, MA-NH HUD Metro FMR Area",2502167945,2462,2584,3069,3680,4063,METRO14460MM1120,29074,MA
25,021,72495,Norfolk County,Walpole town,"Boston-Cambridge-Quincy, MA-NH HUD Metro FMR Area",2502172495,2462,2584,3069,3680,4063,METRO14460MM1120,26294,MA
25,021,74175,Norfolk County,Wellesley town,"Boston-Cambridge-Quincy, MA-NH HUD Metro FMR Area",2502174175,2462,2584,3069,3680,4063,METRO14460MM1120,29906,MA
25,021,78690,Norfolk County,Westwood town,"Boston-Cambridge-Quincy, MA-NH HUD Metro FMR Area",2502178690,2462,2584,3069,3680,4063,METRO14460MM1120,16213,MA
25,021,78972,Norfolk County,Weymouth Town city,"Boston-Cambridge-Quincy, MA-NH HUD Metro FMR Area",2502178972,2462,2584,3069,3680,4063,METRO14460MM1120,57786,MA
25,021,82315,Norfolk County,Wrentham town,"Boston-Cambridge-Quincy, MA-NH HUD Metro FMR Area",2502182315,2462,2584,3069,3680,4063,METRO14460MM1120,12305,MA
25,023,11665,Plymouth County,Carver town,"Boston-Cambridge-Quincy, MA-NH HUD Metro FMR Area",2502311665,2462,2584,3069,3680,4063,METRO14460MM1120,11645,MA
25,023,17895,Plymouth County,Duxbury town,"Boston-Cambridge-Quincy, MA-NH HUD Metro FMR Area",2502317895,2462,2584,3069,3680,4063,METRO14460MM1120,16110,MA
25,023,28285,Plymouth County,Hanover town,"Boston-Cambridge-Quincy, MA-NH HUD Metro FMR Area",2502328285,2462,2584,3069,3680,4063,METRO14460MM1120,14800,MA
25,023,30210,Plymouth County,Hingham town,"Boston-Cambridge-Quincy, MA-NH HUD Metro FMR Area",2502330210,2462,2584,3069,3680,4063,METRO14460MM1120,24185,MA
25,023,31645,Plymouth County,Hull town,"Boston-Cambridge-Quincy, MA-NH HUD Metro FMR Area",2502331645,2462,2584,3069,3680,4063,METRO14460MM1120,10098,MA
25,023,33220,Plymouth County,Kingston town,"Boston-Cambridge-Quincy, MA-NH HUD Metro FMR Area",2502333220,2462,2584,3069,3680,4063,METRO14460MM1120,13782,MA
25,023,38855,Plymouth County,Marshfield town,"Boston-Cambridge-Quincy, MA-NH HUD Metro FMR Area",2502338855,2462,2584,3069,3680,4063,METRO14460MM1120,25795,MA
25,023,50145,Plymouth County,Norwell town,"Boston-Cambridge-Quincy, MA-NH HUD Metro FMR Area",2502350145,2462,2584,3069,3680,4063,METRO14460MM1120,11309,MA
25,023,52630,Plymouth County,Pembroke town,"Boston-Cambridge-Quincy, MA-NH HUD Metro FMR Area",2502352630,2462,2584,3069,3680,4063,METRO14460MM1120,18335,MA
25,023,54310,Plymouth County,Plymouth town,"Boston-Cambridge-Quincy, MA-NH HUD Metro FMR Area",2502354310,2462,2584,3069,3680,4063,METRO14460MM1120,62656,MA
25,023,57775,Plymouth County,Rockland town,"Boston-Cambridge-Quincy, MA-NH HUD Metro FMR Area",2502357775,2462,2584,3069,3680,4063,METRO14460MM1120,17709,MA
25,023,60330,Plymouth County,Scituate town,"Boston-Cambridge-Quincy, MA-NH HUD Metro FMR Area",2502360330,2462,2584,3069,3680,4063,METRO14460MM1120,19145,MA
25,023,72985,Plymouth County,Wareham town,"Boston-Cambridge-Quincy, MA-NH HUD Metro FMR Area",2502372985,2462,2584,3069,3680,4063,METRO14460MM1120,23226,MA
25,025,07000,Suffolk County,Boston city,"Boston-Cambridge-Quincy, MA-NH HUD Metro FMR Area",2502507000,2462,2584,3069,3680,4063,METRO14460MM1120,663972,MA
25,025,13205,Suffolk County,Chelsea city,"Boston-Cambridge-Quincy, MA-NH HUD Metro FMR Area",2502513205,2462,2584,3069,3680,4063,METRO14460MM1120,39460,MA
25,025,56585,Suffolk County,Revere city,"Boston-Cambridge-Quincy, MA-NH HUD Metro FMR Area",2502556585,2462,2584,3069,3680,4063,METRO14460MM1120,59933,MA
25,025,81005,Suffolk County,Winthrop Town city,"Boston-Cambridge-Quincy, MA-NH HUD Metro FMR Area",2502581005,2462,2584,3069,3680,4063,METRO14460MM1120,18807,MA
25,021,02935,Norfolk County,Avon town,"Brockton, MA HUD Metro FMR Area",2502102935,1766,1907,2502,3128,3313,METRO14460MM1200,4753,MA
25,023,00170,Plymouth County,Abington town,"Brockton, MA HUD Metro FMR Area",2502300170,1766,1907,2502,3128,3313,METRO14460MM1200,17008,MA
25,023,08130,Plymouth County,Bridgewater city,"Brockton, MA HUD Metro FMR Area",2502308130,1766,1907,2502,3128,3313,METRO14460MM1200,28669,MA
25,023,09000,Plymouth County,Brockton city,"Brockton, MA HUD Metro FMR Area",2502309000,1766,1907,2502,3128,3313,METRO14460MM1200,105080,MA
25,023,18455,Plymouth County,East Bridgewater town,"Brockton, MA HUD Metro FMR Area",2502318455,1766,1907,2502,3128,3313,METRO14460MM1200,14420,MA
25,023,27795,Plymouth County,Halifax town,"Brockton, MA HUD Metro FMR Area",2502327795,1766,1907,2502,3128,3313,METRO14460MM1200,7734,MA
25,023,28495,Plymouth County,Hanson town,"Brockton, MA HUD Metro FMR Area",2502328495,1766,1907,2502,3128,3313,METRO14460MM1200,10615,MA
25,023,33920,Plymouth County,Lakeville town,"Brockton, MA HUD Metro FMR Area",2502333920,1766,1907,2502,3128,3313,METRO14460MM1200,11732,MA
25,023,38540,Plymouth County,Marion town,"Brockton, MA HUD Metro FMR Area",2502338540,1766,1907,2502,3128,3313,METRO14460MM1200,5312,MA
25,023,39450,Plymouth County,Mattapoisett town,"Brockton, MA HUD Metro FMR Area",2502339450,1766,1907,2502,3128,3313,METRO14460MM1200,6563,MA
25,023,40850,Plymouth County,Middleborough town,"Brockton, MA HUD Metro FMR Area",2502340850,1766,1907,2502,3128,3313,METRO14460MM1200,24360,MA
25,023,54415,Plymouth County,Plympton town,"Brockton, MA HUD Metro FMR Area",2502354415,1766,1907,2502,3128,3313,METRO14460MM1200,2934,MA
25,023,57600,Plymouth County,Rochester town,"Brockton, MA HUD Metro FMR Area",2502357600,1766,1907,2502,3128,3313,METRO14460MM1200,5770,MA
25,023,75260,Plymouth County,West Bridgewater town,"Brockton, MA HUD Metro FMR Area",2502375260,1766,1907,2502,3128,3313,METRO14460MM1200,7682,MA
25,023,79530,Plymouth County,Whitman town,"Brockton, MA HUD Metro FMR Area",2502379530,1766,1907,2502,3128,3313,METRO14460MM1200,15215,MA
25,009,01465,Essex County,Andover town,"Lawrence, MA-NH HUD Metro FMR Area",2500901465,1690,1868,2451,2939,3245,METRO14460MM4160,36465,MA
25,009,07420,Essex County,Boxford town,"Lawrence, MA-NH HUD Metro FMR Area",2500907420,1690,1868,2451,2939,3245,METRO14460MM4160,8155,MA
25,009,25625,Essex County,Georgetown town,"Lawrence, MA-NH HUD Metro FMR Area",2500925625,1690,1868,2451,2939,3245,METRO14460MM4160,8454,MA
25,009,27620,Essex County,Groveland town,"Lawrence, MA-NH HUD Metro FMR Area",2500927620,1690,1868,2451,2939,3245,METRO14460MM4160,6747,MA
25,009,29405,Essex County,Haverhill city,"Lawrence, MA-NH HUD Metro FMR Area",2500929405,1690,1868,2451,2939,3245,METRO14460MM4160,67387,MA
25,009,34550,Essex County,Lawrence city,"Lawrence, MA-NH HUD Metro FMR Area",2500934550,1690,1868,2451,2939,3245,METRO14460MM4160,88297,MA
25,009,40430,Essex County,Merrimac town,"Lawrence, MA-NH HUD Metro FMR Area",2500940430,1690,1868,2451,2939,3245,METRO14460MM4160,6707,MA
25,009,40710,Essex County,Methuen city,"Lawrence, MA-NH HUD Metro FMR Area",2500940710,1690,1868,2451,2939,3245,METRO14460MM4160,53043,MA
25,009,46365,Essex County,North Andover town,"Lawrence, MA-NH HUD Metro FMR Area",2500946365,1690,1868,2451,2939,3245,METRO14460MM4160,31024,MA
25,009,77150,Essex County,West Newbury town,"Lawrence, MA-NH HUD Metro FMR Area",2500977150,1690,1868,2451,2939,3245,METRO14460MM4160,4536,MA
25,017,05805,Middlesex County,Billerica town,"Lowell, MA HUD Metro FMR Area",2501705805,1736,1919,2518,3019,3334,METRO14460MM4560,41700,MA
25,017,13135,Middlesex County,Chelmsford town,"Lowell, MA HUD Metro FMR Area",2501713135,1736,1919,2518,3019,3334,METRO14460MM4560,36220,MA
25,017,17475,Middlesex County,Dracut town,"Lowell, MA HUD Metro FMR Area",2501717475,1736,1919,2518,3019,3334,METRO14460MM4560,32356,MA
25,017,17825,Middlesex County,Dunstable town,"Lowell, MA HUD Metro FMR Area",2501717825,1736,1919,2518,3019,3334,METRO14460MM4560,3375,MA
25,017,27480,Middlesex County,Groton town,"Lowell, MA HUD Metro FMR Area",2501727480,1736,1919,2518,3019,3334,METRO14460MM4560,11265,MA
25,017,37000,Middlesex County,Lowell city,"Lowell, MA HUD Metro FMR Area",2501737000,1736,1919,2518,3019,3334,METRO14460MM4560,114799,MA
25,017,52805,Middlesex County,Pepperell town,"Lowell, MA HUD Metro FMR Area",2501752805,1736,1919,2518,3019,3334,METRO14460MM4560,11656,MA
25,017,69415,Middlesex County,Tewksbury town,"Lowell, MA HUD Metro FMR Area",2501769415,1736,1919,2518,3019,3334,METRO14460MM4560,31168,MA
25,017,71025,Middlesex County,Tyngsborough town,"Lowell, MA HUD Metro FMR Area",2501771025,1736,1919,2518,3019,3334,METRO14460MM4560,12424,MA
25,017,76135,Middlesex County,Westford town,"Lowell, MA HUD Metro FMR Area",2501776135,1736,1919,2518,3019,3334,METRO14460MM4560,24584,MA
25,003,00555,Berkshire County,Adams town,"Pittsfield, MA HUD Metro FMR Area",2500300555,1336,1362,1745,2263,2766,METRO38340M38340,8106,MA
25,003,13345,Berkshire County,Cheshire town,"Pittsfield, MA HUD Metro FMR Area",2500313345,1336,1362,1745,2263,2766,METRO38340M38340,3234,MA
25,003,16180,Berkshire County,Dalton town,"Pittsfield, MA HUD Metro FMR Area",2500316180,1336,1362,1745,2263,2766,METRO38340M38340,6304,MA
25,003,30315,Berkshire County,Hinsdale town,"Pittsfield, MA HUD Metro FMR Area",2500330315,1336,1362,1745,2263,2766,METRO38340M38340,1825,MA
25,003,34340,Berkshire County,Lanesborough town,"Pittsfield, MA HUD Metro FMR Area",2500334340,1336,1362,1745,2263,2766,METRO38340M38340,3033,MA
25,003,34655,Berkshire County,Lee town,"Pittsfield, MA HUD Metro FMR Area",2500334655,1336,1362,1745,2263,2766,METRO38340M38340,5751,MA
25,003,34970,Berkshire County,Lenox town,"Pittsfield, MA HUD Metro FMR Area",2500334970,1336,1362,1745,2263,2766,METRO38340M38340,5076,MA
25,003,53960,Berkshire County,Pittsfield city,"Pittsfield, MA HUD Metro FMR Area",2500353960,1336,1362,1745,2263,2766,METRO38340M38340,43559,MA
25,003,56795,Berkshire County,Richmond town,"Pittsfield, MA HUD Metro FMR Area",2500356795,1336,1362,1745,2263,2766,METRO38340M38340,1392,MA
25,003,67595,Berkshire County,Stockbridge town,"Pittsfield, MA HUD Metro FMR Area",2500367595,1336,1362,1745,2263,2766,METRO38340M38340,1885,MA
25,003,00975,Berkshire County,Alford town,"Berkshire County, MA (part) HUD Metro FMR Area",2500300975,1328,1383,1815,2343,3045,METRO38340N25003,389,MA
25,003,04545,Berkshire County,Becket town,"Berkshire County, MA (part) HUD Metro FMR Area",2500304545,1328,1383,1815,2343,3045,METRO38340N25003,2049,MA
25,003,14010,Berkshire County,Clarksburg town,"Berkshire County, MA (part) HUD Metro FMR Area",2500314010,1328,1383,1815,2343,3045,METRO38340N25003,1723,MA
25,003,21360,Berkshire County,Egremont town,"Berkshire County, MA (part) HUD Metro FMR Area",2500321360,1328,1383,1815,2343,3045,METRO38340N25003,1232,MA
25,003,24120,Berkshire County,Florida town,"Berkshire County, MA (part) HUD Metro FMR Area",2500324120,1328,1383,1815,2343,3045,METRO38340N25003,774,MA
25,003,26815,Berkshire County,Great Barrington town,"Berkshire County, MA (part) HUD Metro FMR Area",2500326815,1328,1383,1815,2343,3045,METRO38340N25003,7184,MA
25,003,28180,Berkshire County,Hancock town,"Berkshire County, MA (part) HUD Metro FMR Area",2500328180,1328,1383,1815,2343,3045,METRO38340N25003,798,MA
25,003,42460,Berkshire County,Monterey town,"Berkshire County, MA (part) HUD Metro FMR Area",2500342460,1328,1383,1815,2343,3045,METRO38340N25003,1030,MA
25,003,43300,Berkshire County,Mount Washington town,"Berkshire County, MA (part) HUD Metro FMR Area",2500343300,1328,1383,1815,2343,3045,METRO38340N25003,191,MA
25,003,44385,Berkshire County,New Ashford town,"Berkshire County, MA (part) HUD Metro FMR Area",2500344385,1328,1383,1815,2343,3045,METRO38340N25003,244,MA
25,003,45420,Berkshire County,New Marlborough town,"Berkshire County, MA (part) HUD Metro FMR Area",2500345420,1328,1383,1815,2343,3045,METRO38340N25003,1675,MA
25,003,46225,Berkshire County,North Adams city,"Berkshire County, MA (part) HUD Metro FMR Area",2500346225,1328,1383,1815,2343,3045,METRO38340N25003,12660,MA
25,003,51580,Berkshire County,Otis town,"Berkshire County, MA (part) HUD Metro FMR Area",2500351580,1328,1383,1815,2343,3045,METRO38340N25003,1678,MA
25,003,53050,Berkshire County,Peru town,"Berkshire County, MA (part) HUD Metro FMR Area",2500353050,1328,1383,1815,2343,3045,METRO38340N25003,631,MA
25,003,59665,Berkshire County,Sandisfield town,"Berkshire County, MA (part) HUD Metro FMR Area",2500359665,1328,1383,1815,2343,3045,METRO38340N25003,888,MA
25,003,60225,Berkshire County,Savoy town,"Berkshire County, MA (part) HUD Metro FMR Area",2500360225,1328,1383,1815,2343,3045,METRO38340N25003,733,MA
25,003,61065,Berkshire County,Sheffield town,"Berkshire County, MA (part) HUD Metro FMR Area",2500361065,1328,1383,1815,2343,3045,METRO38340N25003,3328,MA
25,003,71095,Berkshire County,Tyringham town,"Berkshire County, MA (part) HUD Metro FMR Area",2500371095,1328,1383,1815,2343,3045,METRO38340N25003,459,MA
25,003,73335,Berkshire County,Washington town,"Berkshire County, MA (part) HUD Metro FMR Area",2500373335,1328,1383,1815,2343,3045,METRO38340N25003,533,MA
25,003,77990,Berkshire County,West Stockbridge town,"Berkshire County, MA (part) HUD Metro FMR Area",2500377990,1328,1383,1815,2343,3045,METRO38340N25003,1201,MA
25,003,79985,Berkshire County,Williamstown town,"Berkshire County, MA (part) HUD Metro FMR Area",2500379985,1328,1383,1815,2343,3045,METRO38340N25003,7463,MA
25,003,80685,Berkshire County,Windsor town,"Berkshire County, MA (part) HUD Metro FMR Area",2500380685,1328,1383,1815,2343,3045,METRO38340N25003,1019,MA
25,005,02690,Bristol County,Attleboro city,"Providence-Fall River, RI-MA HUD Metro FMR Area",2500502690,1437,1529,1885,2276,2704,METRO39300M39300,46499,MA
25,005,23000,Bristol County,Fall River city,"Providence-Fall River, RI-MA HUD Metro FMR Area",2500523000,1437,1529,1885,2276,2704,METRO39300M39300,93764,MA
25,005,46598,Bristol County,North Attleborough Town city,"Providence-Fall River, RI-MA HUD Metro FMR Area",2500546598,1437,1529,1885,2276,2704,METRO39300M39300,30842,MA
25,005,56375,Bristol County,Rehoboth town,"Providence-Fall River, RI-MA HUD Metro FMR Area",2500556375,1437,1529,1885,2276,2704,METRO39300M39300,12809,MA
25,005,60645,Bristol County,Seekonk town,"Providence-Fall River, RI-MA HUD Metro FMR Area",2500560645,1437,1529,1885,2276,2704,METRO39300M39300,15573,MA
25,005,62430,Bristol County,Somerset town,"Providence-Fall River, RI-MA HUD Metro FMR Area",2500562430,1437,1529,1885,2276,2704,METRO39300M39300,18246,MA
25,005,68750,Bristol County,Swansea town,"Providence-Fall River, RI-MA HUD Metro FMR Area",2500568750,1437,1529,1885,2276,2704,METRO39300M39300,17231,MA
25,005,77570,Bristol County,Westport town,"Providence-Fall River, RI-MA HUD Metro FMR Area",2500577570,1437,1529,1885,2276,2704,METRO39300M39300,16382,MA
25,005,05280,Bristol County,Berkley town,"Taunton-Mansfield-Norton, MA HUD Metro FMR Area",2500505280,1547,1710,2244,2767,2971,METRO39300MM1120,6789,MA
25,005,16950,Bristol County,Dighton town,"Taunton-Mansfield-Norton, MA HUD Metro FMR Area",2500516950,1547,1710,2244,2767,2971,METRO39300MM1120,8122,MA
25,005,38225,Bristol County,Mansfield town,"Taunton-Mansfield-Norton, MA HUD Metro FMR Area",2500538225,1547,1710,2244,2767,2971,METRO39300MM1120,23855,MA
25,005,49970,Bristol County,Norton town,"Taunton-Mansfield-Norton, MA HUD Metro FMR Area",2500549970,1547,1710,2244,2767,2971,METRO39300MM1120,19155,MA
25,005,69170,Bristol County,Taunton city,"Taunton-Mansfield-Norton, MA HUD Metro FMR Area",2500569170,1547,1710,2244,2767,2971,METRO39300MM1120,59719,MA
25,005,20100,Bristol County,Easton town,"Easton-Raynham, MA HUD Metro FMR Area",2500520100,2053,2067,2712,3252,3913,METRO39300MM1200,25162,MA
25,005,56060,Bristol County,Raynham town,"Easton-Raynham, MA HUD Metro FMR Area",2500556060,2053,2067,2712,3252,3913,METRO39300MM1200,15273,MA
25,005,00520,Bristol County,Acushnet town,"New Bedford, MA HUD Metro FMR Area",2500500520,1281,1310,1626,1950,2438,METRO39300MM5400,10563,MA
25,005,16425,Bristol County,Dartmouth town,"New Bedford, MA HUD Metro FMR Area",2500516425,1281,1310,1626,1950,2438,METRO39300MM5400,32621,MA
25,005,22130,Bristol County,Fairhaven town,"New Bedford, MA HUD Metro FMR Area",2500522130,1281,1310,1626,1950,2438,METRO39300MM5400,15878,MA
25,005,25240,Bristol County,Freetown town,"New Bedford, MA HUD Metro FMR Area",2500525240,1281,1310,1626,1950,2438,METRO39300MM5400,9222,MA
25,005,45000,Bristol County,New Bedford city,"New Bedford, MA HUD Metro FMR Area",2500545000,1281,1310,1626,1950,2438,METRO39300MM5400,100731,MA
25,013,00840,Hampden County,Agawam Town city,"Springfield, MA MSA",2501300840,1310,1485,1864,2287,2468,METRO44140M44140,28510,MA
25,013,06085,Hampden County,Blandford town,"Springfield, MA MSA",2501306085,1310,1485,1864,2287,2468,METRO44140M44140,1165,MA
25,013,08470,Hampden County,Brimfield town,"Springfield, MA MSA",2501308470,1310,1485,1864,2287,2468,METRO44140M44140,3694,MA
25,013,13485,Hampden County,Chester town,"Springfield, MA MSA",2501313485,1310,1485,1864,2287,2468,METRO44140M44140,1322,MA
25,013,13660,Hampden County,Chicopee city,"Springfield, MA MSA",2501313660,1310,1485,1864,2287,2468,METRO44140M44140,55213,MA
25,013,19645,Hampden County,East Longmeadow town,"Springfield, MA MSA",2501319645,1310,1485,1864,2287,2468,METRO44140M44140,16368,MA
25,013,26675,Hampden County,Granville town,"Springfield, MA MSA",2501326675,1310,1485,1864,2287,2468,METRO44140M44140,1680,MA
25,013,28075,Hampden County,Hampden town,"Springfield, MA MSA",2501328075,1310,1485,1864,2287,2468,METRO44140M44140,4937,MA
25,013,30665,Hampden County,Holland town,"Springfield, MA MSA",2501330665,1310,1485,1864,2287,2468,METRO44140M44140,2576,MA
25,013,30840,Hampden County,Holyoke city,"Springfield, MA MSA",2501330840,1310,1485,1864,2287,2468,METRO44140M44140,37949,MA
25,013,36300,Hampden County,Longmeadow town,"Springfield, MA MSA",2501336300,1310,1485,1864,2287,2468,METRO44140M44140,15724,MA
25,013,37175,Hampden County,Ludlow town,"Springfield, MA MSA",2501337175,1310,1485,1864,2287,2468,METRO44140M44140,20846,MA
25,013,42145,Hampden County,Monson town,"Springfield, MA MSA",2501342145,1310,1485,1864,2287,2468,METRO44140M44140,8126,MA
25,013,42530,Hampden County,Montgomery town,"Springfield, MA MSA",2501342530,1310,1485,1864,2287,2468,METRO44140M44140,873,MA
25,013,52144,Hampden County,Palmer Town city,"Springfield, MA MSA",2501352144,1310,1485,1864,2287,2468,METRO44140M44140,12372,MA
25,013,58650,Hampden County,Russell town,"Springfield, MA MSA",2501358650,1310,1485,1864,2287,2468,METRO44140M44140,1264,MA
25,013,65825,Hampden County,Southwick town,"Springfield, MA MSA",2501365825,1310,1485,1864,2287,2468,METRO44140M44140,9222,MA
25,013,67000,Hampden County,Springfield city,"Springfield, MA MSA",2501367000,1310,1485,1864,2287,2468,METRO44140M44140,154751,MA
25,013,70045,Hampden County,Tolland town,"Springfield, MA MSA",2501370045,1310,1485,1864,2287,2468,METRO44140M44140,475,MA
25,013,72390,Hampden County,Wales town,"Springfield, MA MSA",2501372390,1310,1485,1864,2287,2468,METRO44140M44140,1927,MA
25,013,76030,Hampden County,Westfield city,"Springfield, MA MSA",2501376030,1310,1485,1864,2287,2468,METRO44140M44140,40673,MA
25,013,77890,Hampden County,West Springfield Town city,"Springfield, MA MSA",2501377890,1310,1485,1864,2287,2468,METRO44140M44140,28635,MA
25,013,79740,Hampden County,Wilbraham town,"Springfield, MA MSA",2501379740,1310,1485,1864,2287,2468,METRO44140M44140,14551,MA
25,027,02760,Worcester County,Auburn town,"Worcester, MA HUD Metro FMR Area",2502702760,1741,1753,2254,2793,3097,METRO49340M49340,16840,MA
25,027,03740,Worcester County,Barre town,"Worcester, MA HUD Metro FMR Area",2502703740,1741,1753,2254,2793,3097,METRO49340M49340,5535,MA
25,027,07525,Worcester County,Boylston town,"Worcester, MA HUD Metro FMR Area",2502707525,1741,1753,2254,2793,3097,METRO49340M49340,4896,MA
25,027,09105,Worcester County,Brookfield town,"Worcester, MA HUD Metro FMR Area",2502709105,1741,1753,2254,2793,3097,METRO49340M49340,3442,MA
25,027,12715,Worcester County,Charlton town,"Worcester, MA HUD Metro FMR Area",2502712715,1741,1753,2254,2793,3097,METRO49340M49340,13359,MA
25,027,14395,Worcester County,Clinton town,"Worcester, MA HUD Metro FMR Area",2502714395,1741,1753,2254,2793,3097,METRO49340M49340,15430,MA
25,027,17300,Worcester County,Douglas town,"Worcester, MA HUD Metro FMR Area",2502717300,1741,1753,2254,2793,3097,METRO49340M49340,9096,MA
25,027,17685,Worcester County,Dudley town,"Worcester, MA HUD Metro FMR Area",2502717685,1741,1753,2254,2793,3097,METRO49340M49340,11886,MA
25,027,18560,Worcester County,East Brookfield town,"Worcester, MA HUD Metro FMR Area",2502718560,1741,1753,2254,2793,3097,METRO49340M49340,2120,MA
25,027,26430,Worcester County,Grafton town,"Worcester, MA HUD Metro FMR Area",2502726430,1741,1753,2254,2793,3097,METRO49340M49340,19771,MA
25,027,30560,Worcester County,Holden town,"Worcester, MA HUD Metro FMR Area",2502730560,1741,1753,2254,2793,3097,METRO49340M49340,19885,MA
25,027,34795,Worcester County,Leicester town,"Worcester, MA HUD Metro FMR Area",2502734795,1741,1753,2254,2793,3097,METRO49340M49340,11076,MA
25,027,41340,Worcester County,Millbury town,"Worcester, MA HUD Metro FMR Area",2502741340,1741,1753,2254,2793,3097,METRO49340M49340,13899,MA
25,027,46820,Worcester County,Northborough town,"Worcester, MA HUD Metro FMR Area",2502746820,1741,1753,2254,2793,3097,METRO49340M49340,15694,MA
25,027,46925,Worcester County,Northbridge town,"Worcester, MA HUD Metro FMR Area",2502746925,1741,1753,2254,2793,3097,METRO49340M49340,16358,MA
25,027,47135,Worcester County,North Brookfield town,"Worcester, MA HUD Metro FMR Area",2502747135,1741,1753,2254,2793,3097,METRO49340M49340,4739,MA
25,027,50670,Worcester County,Oakham town,"Worcester, MA HUD Metro FMR Area",2502750670,1741,1753,2254,2793,3097,METRO49340M49340,1623,MA
25,027,51825,Worcester County,Oxford town,"Worcester, MA HUD Metro FMR Area",2502751825,1741,1753,2254,2793,3097,METRO49340M49340,13349,MA
25,027,52420,Worcester County,Paxton town,"Worcester, MA HUD Metro FMR Area",2502752420,1741,1753,2254,2793,3097,METRO49340M49340,4996,MA
25,027,55395,Worcester County,Princeton town,"Worcester, MA HUD Metro FMR Area",2502755395,1741,1753,2254,2793,3097,METRO49340M49340,3500,MA
25,027,58825,Worcester County,Rutland town,"Worcester, MA HUD Metro FMR Area",2502758825,1741,1753,2254,2793,3097,METRO49340M49340,9202,MA
25,027,61800,Worcester County,Shrewsbury town,"Worcester, MA HUD Metro FMR Area",2502761800,1741,1753,2254,2793,3097,METRO49340M49340,38440,MA
25,027,63345,Worcester County,Southbridge Town city,"Worcester, MA HUD Metro FMR Area",2502763345,1741,1753,2254,2793,3097,METRO49340M49340,17806,MA
25,027,66105,Worcester County,Spencer town,"Worcester, MA HUD Metro FMR Area",2502766105,1741,1753,2254,2793,3097,METRO49340M49340,11961,MA
25,027,67385,Worcester County,Sterling town,"Worcester, MA HUD Metro FMR Area",2502767385,1741,1753,2254,2793,3097,METRO49340M49340,8111,MA
25,027,68155,Worcester County,Sturbridge town,"Worcester, MA HUD Metro FMR Area",2502768155,1741,1753,2254,2793,3097,METRO49340M49340,9889,MA
25,027,68610,Worcester County,Sutton town,"Worcester, MA HUD Metro FMR Area",2502768610,1741,1753,2254,2793,3097,METRO49340M49340,9383,MA
25,027,71620,Worcester County,Uxbridge town,"Worcester, MA HUD Metro FMR Area",2502771620,1741,1753,2254,2793,3097,METRO49340M49340,14318,MA
25,027,73895,Worcester County,Webster town,"Worcester, MA HUD Metro FMR Area",2502773895,1741,1753,2254,2793,3097,METRO49340M49340,17674,MA
25,027,75015,Worcester County,Westborough town,"Worcester, MA HUD Metro FMR Area",2502775015,1741,1753,2254,2793,3097,METRO49340M49340,21591,MA
25,027,75155,Worcester County,West Boylston town,"Worcester, MA HUD Metro FMR Area",2502775155,1741,1753,2254,2793,3097,METRO49340M49340,7732,MA
25,027,75400,Worcester County,West Brookfield town,"Worcester, MA HUD Metro FMR Area",2502775400,1741,1753,2254,2793,3097,METRO49340M49340,3830,MA
25,027,82000,Worcester County,Worcester city,"Worcester, MA HUD Metro FMR Area",2502782000,1741,1753,2254,2793,3097,METRO49340M49340,205501,MA
25,027,05490,Worcester County,Berlin town,"Eastern Worcester County, MA HUD Metro FMR Area",2502705490,1645,1818,2386,3318,3724,METRO49340MM1120,3311,MA
25,027,06015,Worcester County,Blackstone town,"Eastern Worcester County, MA HUD Metro FMR Area",2502706015,1645,1818,2386,3318,3724,METRO49340MM1120,9211,MA
25,027,06365,Worcester County,Bolton town,"Eastern Worcester County, MA HUD Metro FMR Area",2502706365,1645,1818,2386,3318,3724,METRO49340MM1120,5698,MA
25,027,28950,Worcester County,Harvard town,"Eastern Worcester County, MA HUD Metro FMR Area",2502728950,1645,1818,2386,3318,3724,METRO49340MM1120,6881,MA
25,027,30945,Worcester County,Hopedale town,"Eastern Worcester County, MA HUD Metro FMR Area",2502730945,1645,1818,2386,3318,3724,METRO49340MM1120,6024,MA
25,027,34165,Worcester County,Lancaster town,"Eastern Worcester County, MA HUD Metro FMR Area",2502734165,1645,1818,2386,3318,3724,METRO49340MM1120,8470,MA
25,027,40255,Worcester County,Mendon town,"Eastern Worcester County, MA HUD Metro FMR Area",2502740255,1645,1818,2386,3318,3724,METRO49340MM1120,6266,MA
25,027,41165,Worcester County,Milford town,"Eastern Worcester County, MA HUD Metro FMR Area",2502741165,1645,1818,2386,3318,3724,METRO49340MM1120,30304,MA
25,027,41585,Worcester County,Millville town,"Eastern Worcester County, MA HUD Metro FMR Area",2502741585,1645,1818,2386,3318,3724,METRO49340MM1120,3156,MA
25,027,63165,Worcester County,Southborough town,"Eastern Worcester County, MA HUD Metro FMR Area",2502763165,1645,1818,2386,3318,3724,METRO49340MM1120,10441,MA
25,027,71480,Worcester County,Upton town,"Eastern Worcester County, MA HUD Metro FMR Area",2502771480,1645,1818,2386,3318,3724,METRO49340MM1120,8095,MA
25,027,01885,Worcester County,Ashburnham town,"Fitchburg-Leominster, MA HUD Metro FMR Area",2502701885,1290,1509,1871,2403,2821,METRO49340MM2600,6357,MA
25,027,23875,Worcester County,Fitchburg city,"Fitchburg-Leominster, MA HUD Metro FMR Area",2502723875,1290,1509,1871,2403,2821,METRO49340MM2600,41633,MA
25,027,25485,Worcester County,Gardner city,"Fitchburg-Leominster, MA HUD Metro FMR Area",2502725485,1290,1509,1871,2403,2821,METRO49340MM2600,21075,MA
25,027,35075,Worcester County,Leominster city,"Fitchburg-Leominster, MA HUD Metro FMR Area",2502735075,1290,1509,1871,2403,2821,METRO49340MM2600,43697,MA
25,027,37420,Worcester County,Lunenburg town,"Fitchburg-Leominster, MA HUD Metro FMR Area",2502737420,1290,1509,1871,2403,2821,METRO49340MM2600,11804,MA
25,027,69275,Worcester County,Templeton town,"Fitchburg-Leominster, MA HUD Metro FMR Area",2502769275,1290,1509,1871,2403,2821,METRO49340MM2600,8187,MA
25,027,77010,Worcester County,Westminster town,"Fitchburg-Leominster, MA HUD Metro FMR Area",2502777010,1290,1509,1871,2403,2821,METRO49340MM2600,8289,MA
25,027,80405,Worcester County,Winchendon town,"Fitchburg-Leominster, MA HUD Metro FMR Area",2502780405,1290,1509,1871,2403,2821,METRO49340MM2600,10392,MA
25,027,02480,Worcester County,Athol town,"Western Worcester County, MA HUD Metro FMR Area",2502702480,1164,1273,1626,2261,2728,METRO49340N25027,11937,MA
25,027,28740,Worcester County,Hardwick town,"Western Worcester County, MA HUD Metro FMR Area",2502728740,1164,1273,1626,2261,2728,METRO49340N25027,2671,MA
25,027,31435,Worcester County,Hubbardston town,"Western Worcester County, MA HUD Metro FMR Area",2502731435,1164,1273,1626,2261,2728,METRO49340N25027,4339,MA
25,027,45105,Worcester County,New Braintree town,"Western Worcester County, MA HUD Metro FMR Area",2502745105,1164,1273,1626,2261,2728,METRO49340N25027,925,MA
25,027,53120,Worcester County,Petersham town,"Western Worcester County, MA HUD Metro FMR Area",2502753120,1164,1273,1626,2261,2728,METRO49340N25027,1173,MA
25,027,53225,Worcester County,Phillipston town,"Western Worcester County, MA HUD Metro FMR Area",2502753225,1164,1273,1626,2261,2728,METRO49340N25027,1915,MA
25,027,58580,Worcester County,Royalston town,"Western Worcester County, MA HUD Metro FMR Area",2502758580,1164,1273,1626,2261,2728,METRO49340N25027,1500,MA
25,027,73090,Worcester County,Warren town,"Western Worcester County, MA HUD Metro FMR Area",2502773090,1164,1273,1626,2261,2728,METRO49340N25027,4981,MA
25,007,01585,Dukes County,Aquinnah town,"Dukes County, MA",2500701585,1754,1765,2316,3221,3419,NCNTY25007N25007,667,MA
25,007,13800,Dukes County,Chilmark town,"Dukes County, MA",2500713800,1754,1765,2316,3221,3419,NCNTY25007N25007,1726,MA
25,007,21150,Dukes County,Edgartown town,"Dukes County, MA",2500721150,1754,1765,2316,3221,3419,NCNTY25007N25007,5212,MA
25,007,26325,Dukes County,Gosnold town,"Dukes County, MA",2500726325,1754,1765,2316,3221,3419,NCNTY25007N25007,51,MA
25,007,50390,Dukes County,Oak Bluffs town,"Dukes County, MA",2500750390,1754,1765,2316,3221,3419,NCNTY25007N25007,5370,MA
25,007,69940,Dukes County,Tisbury town,"Dukes County, MA",2500769940,1754,1765,2316,3221,3419,NCNTY25007N25007,4860,MA
25,007,78235,Dukes County,West Tisbury town,"Dukes County, MA",2500778235,1754,1765,2316,3221,3419,NCNTY25007N25007,2865,MA
25,011,02095,Franklin County,Ashfield town,"Franklin County, MA",2501102095,1378,1523,1999,2397,2647,NCNTY25011N25011,1809,MA
25,011,05560,Franklin County,Bernardston town,"Franklin County, MA",2501105560,1378,1523,1999,2397,2647,NCNTY25011N25011,2079,MA
25,011,09595,Franklin County,Buckland town,"Franklin County, MA",2501109595,1378,1523,1999,2397,2647,NCNTY25011N25011,2001,MA
25,011,12505,Franklin County,Charlemont town,"Franklin County, MA",2501112505,1378,1523,1999,2397,2647,NCNTY25011N25011,1054,MA
25,011,14885,Franklin County,Colrain town,"Franklin County, MA",2501114885,1378,1523,1999,2397,2647,NCNTY25011N25011,1663,MA
25,011,15200,Franklin County,Conway town,"Franklin County, MA",2501115200,1378,1523,1999,2397,2647,NCNTY25011N25011,1757,MA
25,011,16670,Franklin County,Deerfield town,"Franklin County, MA",2501116670,1378,1523,1999,2397,2647,NCNTY25011N25011,5136,MA
25,011,21780,Franklin County,Erving town,"Franklin County, MA",2501121780,1378,1523,1999,2397,2647,NCNTY25011N25011,1639,MA
25,011,25730,Franklin County,Gill town,"Franklin County, MA",2501125730,1378,1523,1999,2397,2647,NCNTY25011N25011,1831,MA
25,011,27060,Franklin County,Greenfield city,"Franklin County, MA",2501127060,1378,1523,1999,2397,2647,NCNTY25011N25011,17662,MA
25,011,29475,Franklin County,Hawley town,"Franklin County, MA",2501129475,1378,1523,1999,2397,2647,NCNTY25011N25011,360,MA
25,011,29650,Franklin County,Heath town,"Franklin County, MA",2501129650,1378,1523,1999,2397,2647,NCNTY25011N25011,782,MA
25,011,35180,Franklin County,Leverett town,"Franklin County, MA",2501135180,1378,1523,1999,2397,2647,NCNTY25011N25011,1704,MA
25,011,35285,Franklin County,Leyden town,"Franklin County, MA",2501135285,1378,1523,1999,2397,2647,NCNTY25011N25011,650,MA
25,011,42040,Franklin County,Monroe town,"Franklin County, MA",2501142040,1378,1523,1999,2397,2647,NCNTY25011N25011,115,MA
25,011,42285,Franklin County,Montague town,"Franklin County, MA",2501142285,1378,1523,1999,2397,2647,NCNTY25011N25011,8501,MA
25,011,45490,Franklin County,New Salem town,"Franklin County, MA",2501145490,1378,1523,1999,2397,2647,NCNTY25011N25011,1058,MA
25,011,47835,Franklin County,Northfield town,"Franklin County, MA",2501147835,1378,1523,1999,2397,2647,NCNTY25011N25011,2875,MA
25,011,51265,Franklin County,Orange town,"Franklin County, MA",2501151265,1378,1523,1999,2397,2647,NCNTY25011N25011,7583,MA
25,011,58335,Franklin County,Rowe town,"Franklin County, MA",2501158335,1378,1523,1999,2397,2647,NCNTY25011N25011,469,MA
25,011,61135,Franklin County,Shelburne town,"Franklin County, MA",2501161135,1378,1523,1999,2397,2647,NCNTY25011N25011,1476,MA
25,011,61905,Franklin County,Shutesbury town,"Franklin County, MA",2501161905,1378,1523,1999,2397,2647,NCNTY25011N25011,1867,MA
25,011,68400,Franklin County,Sunderland town,"Franklin County, MA",2501168400,1378,1523,1999,2397,2647,NCNTY25011N25011,3653,MA
25,011,73265,Franklin County,Warwick town,"Franklin County, MA",2501173265,1378,1523,1999,2397,2647,NCNTY25011N25011,861,MA
25,011,74525,Franklin County,Wendell town,"Franklin County, MA",2501174525,1378,1523,1999,2397,2647,NCNTY25011N25011,816,MA
25,011,79110,Franklin County,Whately town,"Franklin County, MA",2501179110,1378,1523,1999,2397,2647,NCNTY25011N25011,1521,MA
25,019,43790,Nantucket County,Nantucket town,"Nantucket County, MA",2501943790,2552,2569,3324,4389,5571,NCNTY25019N25019,14299,MA
26,161,99999,Washtenaw County,,"Ann Arbor, MI MSA",2616199999,1475,1499,1790,2146,2370,METRO11460M11460,370231,MI
26,025,99999,Calhoun County,,"Battle Creek, MI MSA",2602599999,896,1050,1265,1517,1683,METRO12980M12980,134011,MI
26,017,99999,Bay County,,"Bay City, MI MSA",2601799999,875,881,1115,1515,1643,METRO13020M13020,103752,MI
26,087,99999,Lapeer County,,"Detroit-Warren-Livonia, MI HUD Metro FMR Area",2608799999,1085,1206,1517,1853,2009,METRO19820M19820,88687,MI
26,099,99999,Macomb County,,"Detroit-Warren-Livonia, MI HUD Metro FMR Area",2609999999,1085,1206,1517,1853,2009,METRO19820M19820,878453,MI
26,125,99999,Oakland County,,"Detroit-Warren-Livonia, MI HUD Metro FMR Area",2612599999,1085,1206,1517,1853,2009,METRO19820M19820,1272264,MI
26,147,99999,St. Clair County,,"Detroit-Warren-Livonia, MI HUD Metro FMR Area",2614799999,1085,1206,1517,1853,2009,METRO19820M19820,160257,MI
26,163,99999,Wayne County,,"Detroit-Warren-Livonia, MI HUD Metro FMR Area",2616399999,1085,1206,1517,1853,2009,METRO19820M19820,1781641,MI
26,093,99999,Livingston County,,"Livingston County, MI HUD Metro FMR Area",2609399999,1069,1346,1551,2157,2432,METRO19820MM0440,194302,MI
26,049,99999,Genesee County,,"Flint, MI MSA",2604999999,793,929,1121,1380,1625,METRO22420M22420,405280,MI
26,081,99999,Kent County,,"Grand Rapids-Wyoming, MI HUD Metro FMR Area",2608199999,1318,1367,1638,2118,2342,METRO24340M24340,657321,MI
26,067,99999,Ionia County,,"Ionia County, MI HUD Metro FMR Area",2606799999,910,1006,1320,1617,2108,METRO24340M26067,66663,MI
26,139,99999,Ottawa County,,"Holland-Grand Haven, MI HUD Metro FMR Area",2613999999,1118,1423,1622,2061,2409,METRO24340M26100,296183,MI
26,015,99999,Barry County,,"Barry County, MI HUD Metro FMR Area",2601599999,1082,1089,1429,1859,2156,METRO24340N26015,62581,MI
26,117,99999,Montcalm County,,"Montcalm County, MI HUD Metro FMR Area",2611799999,865,1060,1255,1537,1662,METRO24340N26117,66901,MI
26,075,99999,Jackson County,,"Jackson, MI MSA",2607599999,900,1016,1251,1647,1746,METRO27100M27100,160637,MI
26,077,99999,Kalamazoo County,,"Kalamazoo-Portage, MI MSA",2607799999,907,1081,1258,1658,1701,METRO28020M28020,261426,MI
26,037,99999,Clinton County,,"Lansing-East Lansing, MI MSA",2603799999,1043,1085,1359,1744,1799,METRO29620M29620,79249,MI
26,045,99999,Eaton County,,"Lansing-East Lansing, MI MSA",2604599999,1043,1085,1359,1744,1799,METRO29620M29620,109072,MI
26,065,99999,Ingham County,,"Lansing-East Lansing, MI MSA",2606599999,1043,1085,1359,1744,1799,METRO29620M29620,282540,MI
26,111,99999,Midland County,,"Midland, MI MSA",2611199999,954,973,1255,1597,1769,METRO33220M33220,83503,MI
26,115,99999,Monroe County,,"Monroe, MI MSA",2611599999,974,1077,1413,1710,2288,METRO33780M33780,154823,MI
26,121,99999,Muskegon County,,"Muskegon-Norton Shores, MI MSA",2612199999,926,1008,1322,1593,1750,METRO34740M34740,175947,MI
26,021,99999,Berrien County,,"Niles, MI MSA",2602199999,867,959,1258,1653,1666,METRO35660M35660,153938,MI
26,145,99999,Saginaw County,,"Saginaw, MI MSA",2614599999,812,898,1178,1518,1560,METRO40980M40980,189821,MI
26,027,99999,Cass County,,"Cass County, MI HUD Metro FMR Area",2602799999,842,983,1078,1381,1808,METRO43780N26027,51604,MI
26,019,99999,Benzie County,,"Benzie County, MI HUD Metro FMR Area",2601999999,982,1017,1329,1722,1868,METRO45900N26019,18058,MI
26,055,99999,Grand Traverse County,,"Grand Traverse County, MI HUD Metro FMR Area",2605599999,1266,1273,1512,1946,2002,METRO45900N26055,95315,MI
26,079,99999,Kalkaska County,,"Kalkaska County, MI HUD Metro FMR Area",2607999999,732,781,991,1310,1315,METRO45900N26079,17934,MI
26,089,99999,Leelanau County,,"Leelanau County, MI HUD Metro FMR Area",2608999999,1184,1462,1603,1922,2122,METRO45900N26089,22426,MI
26,001,99999,Alcona County,,"Alcona County, MI",2600199999,689,807,973,1333,1380,NCNTY26001N26001,10238,MI
26,003,99999,Alger County,,"Alger County, MI",2600399999,787,847,1112,1333,1472,NCNTY26003N26003,8866,MI
26,005,99999,Allegan County,,"Allegan County, MI",2600599999,1014,1020,1339,1673,1861,NCNTY26005N26005,120189,MI
26,007,99999,Alpena County,,"Alpena County, MI",2600799999,689,767,973,1212,1632,NCNTY26007N26007,28911,MI
26,009,99999,Antrim County,,"Antrim County, MI",2600999999,869,973,1261,1512,1750,NCNTY26009N26009,23662,MI
26,011,99999,Arenac County,,"Arenac County, MI",2601199999,677,749,982,1366,1533,NCNTY26011N26011,15031,MI
26,013,99999,Baraga County,,"Baraga County, MI",2601399999,690,743,975,1169,1302,NCNTY26013N26013,8245,MI
26,023,99999,Branch County,,"Branch County, MI",2602399999,755,920,1066,1451,1456,NCNTY26023N26023,44795,MI
26,029,99999,Charlevoix County,,"Charlevoix County, MI",2602999999,790,860,1116,1552,1742,NCNTY26029N26029,26174,MI
26,031,99999,Cheboygan County,,"Cheboygan County, MI",2603199999,775,835,1095,1313,1458,NCNTY26031N26031,25709,MI
26,033,99999,Chippewa County,,"Chippewa County, MI",2603399999,802,897,1163,1394,1540,NCNTY26033N26033,36670,MI
26,035,99999,Clare County,,"Clare County, MI",2603599999,734,790,1037,1251,1695,NCNTY26035N26035,30998,MI
26,039,99999,Crawford County,,"Crawford County, MI",2603999999,768,939,1114,1336,1580,NCNTY26039N26039,13197,MI
26,041,99999,Delta County,,"Delta County, MI",2604199999,720,748,981,1299,1646,NCNTY26041N26041,36839,MI
26,043,99999,Dickinson County,,"Dickinson County, MI",2604399999,692,845,978,1188,1641,NCNTY26043N26043,25937,MI
26,047,99999,Emmet County,,"Emmet County, MI",2604799999,933,1018,1336,1602,1769,NCNTY26047N26047,34072,MI
26,051,99999,Gladwin County,,"Gladwin County, MI",2605199999,689,742,973,1353,1606,NCNTY26051N26051,25461,MI
26,053,99999,Gogebic County,,"Gogebic County, MI",2605399999,689,761,973,1353,1411,NCNTY26053N26053,14597,MI
26,057,99999,Gratiot County,,"Gratiot County, MI",2605799999,710,764,1003,1344,1500,NCNTY26057N26057,41534,MI
26,059,99999,Hillsdale County,,"Hillsdale County, MI",2605999999,713,788,1034,1292,1369,NCNTY26059N26059,45698,MI
26,061,99999,Houghton County,,"Houghton County, MI",2606199999,835,841,1023,1423,1716,NCNTY26061N26061,37414,MI
26,063,99999,Huron County,,"Huron County, MI",2606399999,689,806,973,1197,1288,NCNTY26063N26063,31461,MI
26,069,99999,Iosco County,,"Iosco County, MI",2606999999,819,824,973,1348,1632,NCNTY26069N26069,25319,MI
26,071,99999,Iron County,,"Iron County, MI",2607199999,786,847,1111,1332,1471,NCNTY26071N26071,11585,MI
26,073,99999,Isabella County,,"Isabella County, MI",2607399999,935,941,1083,1412,1434,NCNTY26073N26073,64938,MI
26,083,99999,Keweenaw County,,"Keweenaw County, MI",2608399999,689,849,973,1242,1380,NCNTY26083N26083,2088,MI
26,085,99999,Lake County,,"Lake County, MI",2608599999,762,820,1076,1480,1797,NCNTY26085N26085,12285,MI
26,091,99999,Lenawee County,,"Lenawee County, MI",2609199999,847,936,1228,1570,1709,NCNTY26091N26091,99263,MI
26,095,99999,Luce County,,"Luce County, MI",2609599999,749,806,1058,1269,1449,NCNTY26095N26095,5442,MI
26,097,99999,Mackinac County,,"Mackinac County, MI",2609799999,835,841,1103,1322,1564,NCNTY26097N26097,10843,MI
26,101,99999,Manistee County,,"Manistee County, MI",2610199999,777,837,1098,1396,1454,NCNTY26101N26101,25058,MI
26,103,99999,Marquette County,,"Marquette County, MI",2610399999,861,1069,1249,1498,1829,NCNTY26103N26103,66376,MI
26,105,99999,Mason County,,"Mason County, MI",2610599999,760,853,1073,1429,1437,NCNTY26105N26105,29178,MI
26,107,99999,Mecosta County,,"Mecosta County, MI",2610799999,769,856,1086,1385,1540,NCNTY26107N26107,40128,MI
26,109,99999,Menominee County,,"Menominee County, MI",2610999999,697,771,973,1353,1380,NCNTY26109N26109,23433,MI
26,113,99999,Missaukee County,,"Missaukee County, MI",2611399999,719,822,1016,1246,1345,NCNTY26113N26113,15089,MI
26,119,99999,Montmorency County,,"Montmorency County, MI",2611999999,698,899,986,1371,1398,NCNTY26119N26119,9261,MI
26,123,99999,Newaygo County,,"Newaygo County, MI",2612399999,759,817,1072,1421,1426,NCNTY26123N26123,50130,MI
26,127,99999,Oceana County,,"Oceana County, MI",2612799999,733,790,1036,1277,1651,NCNTY26127N26127,26707,MI
26,129,99999,Ogemaw County,,"Ogemaw County, MI",2612999999,716,886,1039,1246,1376,NCNTY26129N26129,20820,MI
26,131,99999,Ontonagon County,,"Ontonagon County, MI",2613199999,689,888,973,1242,1632,NCNTY26131N26131,5862,MI
26,133,99999,Osceola County,,"Osceola County, MI",2613399999,782,787,1033,1242,1465,NCNTY26133N26133,23022,MI
26,135,99999,Oscoda County,,"Oscoda County, MI",2613599999,696,749,983,1300,1394,NCNTY26135N26135,8264,MI
26,137,99999,Otsego County,,"Otsego County, MI",2613799999,904,910,1167,1533,1655,NCNTY26137N26137,25221,MI
26,141,99999,Presque Isle County,,"Presque Isle County, MI",2614199999,671,742,973,1167,1506,NCNTY26141N26141,13083,MI
26,143,99999,Roscommon County,,"Roscommon County, MI",2614399999,703,757,993,1268,1666,NCNTY26143N26143,23556,MI
26,149,99999,St. Joseph County,,"St. Joseph County, MI",2614999999,752,809,1062,1438,1543,NCNTY26149N26149,60887,MI
26,151,99999,Sanilac County,,"Sanilac County, MI",2615199999,704,778,1021,1314,1381,NCNTY26151N26151,40759,MI
26,153,99999,Schoolcraft County,,"Schoolcraft County, MI",2615399999,689,858,973,1338,1380,NCNTY26153N26153,8062,MI
26,155,99999,Shiawassee County,,"Shiawassee County, MI",2615599999,832,859,1127,1510,1661,NCNTY26155N26155,68124,MI
26,157,99999,Tuscola County,,"Tuscola County, MI",2615799999,671,786,973,1288,1420,NCNTY26157N26157,53218,MI
26,159,99999,Van Buren County,,"Van Buren County, MI",2615999999,749,828,1087,1431,1493,NCNTY26159N26159,75636,MI
26,165,99999,Wexford County,,"Wexford County, MI",2616599999,853,859,1127,1422,1648,NCNTY26165N26165,33766,MI
27,017,99999,Carlton County,,"Duluth, MN-WI MSA",2701799999,912,1051,1323,1813,2219,METRO20260M20260,36362,MN
27,137,99999,St. Louis County,,"Duluth, MN-WI MSA",2713799999,912,1051,1323,1813,2219,METRO20260M20260,200122,MN
27,027,99999,Clay County,,"Fargo, ND-MN MSA",2702799999,822,982,1190,1655,1996,METRO22020M22020,65307,MN
27,119,99999,Polk County,,"Grand Forks, ND-MN MSA",2711999999,931,937,1175,1634,1971,METRO24220M24220,31128,MN
27,055,99999,Houston County,,"La Crosse-Onalaska, WI-MN HUD Metro FMR Area",2705599999,854,944,1239,1610,2023,METRO29100M29100,18826,MN
27,013,99999,Blue Earth County,,"Mankato, MN MSA",2701399999,1072,1078,1292,1797,2114,METRO31860M31860,69022,MN
27,103,99999,Nicollet County,,"Mankato, MN MSA",2710399999,1072,1078,1292,1797,2114,METRO31860M31860,34380,MN
27,003,99999,Anoka County,,"Minneapolis-St. Paul-Bloomington, MN-WI HUD Metro FMR Area",2700399999,1342,1517,1846,2443,2734,METRO33460M33460,363985,MN
27,019,99999,Carver County,,"Minneapolis-St. Paul-Bloomington, MN-WI HUD Metro FMR Area",2701999999,1342,1517,1846,2443,2734,METRO33460M33460,107216,MN
27,025,99999,Chisago County,,"Minneapolis-St. Paul-Bloomington, MN-WI HUD Metro FMR Area",2702599999,1342,1517,1846,2443,2734,METRO33460M33460,56927,MN
27,037,99999,Dakota County,,"Minneapolis-St. Paul-Bloomington, MN-WI HUD Metro FMR Area",2703799999,1342,1517,1846,2443,2734,METRO33460M33460,439179,MN
27,053,99999,Hennepin County,,"Minneapolis-St. Paul-Bloomington, MN-WI HUD Metro FMR Area",2705399999,1342,1517,1846,2443,2734,METRO33460M33460,1270787,MN
27,059,99999,Isanti County,,"Minneapolis-St. Paul-Bloomington, MN-WI HUD Metro FMR Area",2705999999,1342,1517,1846,2443,2734,METRO33460M33460,41257,MN
27,123,99999,Ramsey County,,"Minneapolis-St. Paul-Bloomington, MN-WI HUD Metro FMR Area",2712399999,1342,1517,1846,2443,2734,METRO33460M33460,547202,MN
27,139,99999,Scott County,,"Minneapolis-St. Paul-Bloomington, MN-WI HUD Metro FMR Area",2713999999,1342,1517,1846,2443,2734,METRO33460M33460,151347,MN
27,141,99999,Sherburne County,,"Minneapolis-St. Paul-Bloomington, MN-WI HUD Metro FMR Area",2714199999,1342,1517,1846,2443,2734,METRO33460M33460,97820,MN
27,163,99999,Washington County,,"Minneapolis-St. Paul-Bloomington, MN-WI HUD Metro FMR Area",2716399999,1342,1517,1846,2443,2734,METRO33460M33460,268651,MN
27,171,99999,Wright County,,"Minneapolis-St. Paul-Bloomington, MN-WI HUD Metro FMR Area",2717199999,1342,1517,1846,2443,2734,METRO33460M33460,142543,MN
27,079,99999,Le Sueur County,,"Le Sueur County, MN HUD Metro FMR Area",2707999999,862,868,1139,1584,1847,METRO33460N27079,28795,MN
27,095,99999,Mille Lacs County,,"Mille Lacs County, MN HUD Metro FMR Area",2709599999,896,902,1184,1420,1986,METRO33460N27095,26680,MN
27,039,99999,Dodge County,,"Rochester, MN HUD Metro FMR Area",2703999999,1212,1296,1534,2133,2573,METRO40340M40340,20893,MN
27,109,99999,Olmsted County,,"Rochester, MN HUD Metro FMR Area",2710999999,1212,1296,1534,2133,2573,METRO40340M40340,162307,MN
27,045,99999,Fillmore County,,"Fillmore County, MN HUD Metro FMR Area",2704599999,815,821,1077,1443,1449,METRO40340N27045,21251,MN
27,157,99999,Wabasha County,,"Wabasha County, MN HUD Metro FMR Area",2715799999,909,952,1044,1391,1751,METRO40340N27157,21460,MN
27,009,99999,Benton County,,"St. Cloud, MN MSA",2700999999,942,990,1299,1728,2017,METRO41060M41060,41300,MN
27,145,99999,Stearns County,,"St. Cloud, MN MSA",2714599999,942,990,1299,1728,2017,METRO41060M41060,158622,MN
27,133,99999,Rock County,,"Rock County, MN HUD Metro FMR Area",2713399999,769,784,1029,1431,1435,METRO43620N27133,9659,MN
27,001,99999,Aitkin County,,"Aitkin County, MN",2700199999,756,761,998,1388,1508,NCNTY27001N27001,15859,MN
27,005,99999,Becker County,,"Becker County, MN",2700599999,754,833,1093,1427,1569,NCNTY27005N27005,35202,MN
27,007,99999,Beltrami County,,"Beltrami County, MN",2700799999,918,924,1197,1435,1809,NCNTY27007N27007,46274,MN
27,011,99999,Big Stone County,,"Big Stone County, MN",2701199999,671,816,973,1178,1329,NCNTY27011N27011,5161,MN
27,015,99999,Brown County,,"Brown County, MN",2701599999,725,802,1052,1273,1740,NCNTY27015N27015,25880,MN
27,021,99999,Cass County,,"Cass County, MN",2702199999,743,768,992,1326,1664,NCNTY27021N27021,30288,MN
27,023,99999,Chippewa County,,"Chippewa County, MN",2702399999,671,772,973,1353,1382,NCNTY27023N27023,12466,MN
27,029,99999,Clearwater County,,"Clearwater County, MN",2702999999,673,788,976,1182,1637,NCNTY27029N27029,8541,MN
27,031,99999,Cook County,,"Cook County, MN",2703199999,731,967,1060,1403,1541,NCNTY27031N27031,5611,MN
27,033,99999,Cottonwood County,,"Cottonwood County, MN",2703399999,671,766,973,1353,1415,NCNTY27033N27033,11481,MN
27,035,99999,Crow Wing County,,"Crow Wing County, MN",2703599999,820,906,1189,1428,1666,NCNTY27035N27035,66558,MN
27,041,99999,Douglas County,,"Douglas County, MN",2704199999,793,831,1067,1484,1552,NCNTY27041N27041,39081,MN
27,043,99999,Faribault County,,"Faribault County, MN",2704399999,671,790,973,1312,1317,NCNTY27043N27043,13931,MN
27,047,99999,Freeborn County,,"Freeborn County, MN",2704799999,704,778,1021,1345,1501,NCNTY27047N27047,30857,MN
27,049,99999,Goodhue County,,"Goodhue County, MN",2704999999,787,939,1141,1587,1914,NCNTY27049N27049,47697,MN
27,051,99999,Grant County,,"Grant County, MN",2705199999,671,742,973,1353,1632,NCNTY27051N27051,6091,MN
27,057,99999,Hubbard County,,"Hubbard County, MN",2705799999,725,802,1052,1456,1714,NCNTY27057N27057,21479,MN
27,061,99999,Itasca County,,"Itasca County, MN",2706199999,806,918,1147,1496,1620,NCNTY27061N27061,45054,MN
27,063,99999,Jackson County,,"Jackson County, MN",2706399999,671,846,973,1283,1288,NCNTY27063N27063,9990,MN
27,065,99999,Kanabec County,,"Kanabec County, MN",2706599999,708,905,1027,1428,1464,NCNTY27065N27065,16145,MN
27,067,99999,Kandiyohi County,,"Kandiyohi County, MN",2706799999,791,796,984,1369,1651,NCNTY27067N27067,43686,MN
27,069,99999,Kittson County,,"Kittson County, MN",2706999999,684,745,973,1167,1415,NCNTY27069N27069,4191,MN
27,071,99999,Koochiching County,,"Koochiching County, MN",2707199999,671,742,973,1243,1415,NCNTY27071N27071,12072,MN
27,073,99999,Lac qui Parle County,,"Lac qui Parle County, MN",2707399999,671,833,973,1353,1415,NCNTY27073N27073,6736,MN
27,075,99999,Lake County,,"Lake County, MN",2707599999,916,1013,1329,1593,1932,NCNTY27075N27075,10915,MN
27,077,99999,Lake of the Woods County,,"Lake of the Woods County, MN",2707799999,721,797,1046,1254,1521,NCNTY27077N27077,3786,MN
27,081,99999,Lincoln County,,"Lincoln County, MN",2708199999,671,742,973,1283,1288,NCNTY27081N27081,5630,MN
27,083,99999,Lyon County,,"Lyon County, MN",2708399999,678,834,973,1353,1632,NCNTY27083N27083,25352,MN
27,085,99999,McLeod County,,"McLeod County, MN",2708599999,889,935,1080,1295,1797,NCNTY27085N27085,36727,MN
27,087,99999,Mahnomen County,,"Mahnomen County, MN",2708799999,671,742,973,1217,1488,NCNTY27087N27087,5389,MN
27,089,99999,Marshall County,,"Marshall County, MN",2708999999,673,744,976,1186,1637,NCNTY27089N27089,9017,MN
27,091,99999,Martin County,,"Martin County, MN",2709199999,671,803,973,1283,1288,NCNTY27091N27091,19960,MN
27,093,99999,Meeker County,,"Meeker County, MN",2709399999,731,908,1060,1474,1496,NCNTY27093N27093,23352,MN
27,097,99999,Morrison County,,"Morrison County, MN",2709799999,694,784,1007,1400,1505,NCNTY27097N27097,34023,MN
27,099,99999,Mower County,,"Mower County, MN",2709999999,769,850,1115,1435,1552,NCNTY27099N27099,40082,MN
27,101,99999,Murray County,,"Murray County, MN",2710199999,671,852,973,1232,1573,NCNTY27101N27101,8170,MN
27,105,99999,Nobles County,,"Nobles County, MN",2710599999,767,847,1112,1372,1472,NCNTY27105N27105,22194,MN
27,107,99999,Norman County,,"Norman County, MN",2710799999,688,761,998,1197,1321,NCNTY27107N27107,6457,MN
27,111,99999,Otter Tail County,,"Otter Tail County, MN",2711199999,719,795,1043,1451,1520,NCNTY27111N27111,60072,MN
27,113,99999,Pennington County,,"Pennington County, MN",2711399999,845,934,1226,1635,1783,NCNTY27113N27113,13995,MN
27,115,99999,Pine County,,"Pine County, MN",2711599999,911,917,1203,1442,1593,NCNTY27115N27115,29090,MN
27,117,99999,Pipestone County,,"Pipestone County, MN",2711799999,671,742,973,1203,1538,NCNTY27117N27117,9380,MN
27,121,99999,Pope County,,"Pope County, MN",2712199999,760,841,1103,1322,1460,NCNTY27121N27121,11312,MN
27,125,99999,Red Lake County,,"Red Lake County, MN",2712599999,671,742,973,1277,1288,NCNTY27125N27125,3912,MN
27,127,99999,Redwood County,,"Redwood County, MN",2712799999,671,742,973,1321,1566,NCNTY27127N27127,15428,MN
27,129,99999,Renville County,,"Renville County, MN",2712999999,776,781,973,1353,1602,NCNTY27129N27129,14707,MN
27,131,99999,Rice County,,"Rice County, MN",2713199999,946,952,1249,1614,2095,NCNTY27131N27131,67152,MN
27,135,99999,Roseau County,,"Roseau County, MN",2713599999,703,909,1020,1317,1520,NCNTY27135N27135,15294,MN
27,143,99999,Sibley County,,"Sibley County, MN",2714399999,693,766,1005,1342,1347,NCNTY27143N27143,14950,MN
27,147,99999,Steele County,,"Steele County, MN",2714799999,852,942,1236,1677,1965,NCNTY27147N27147,37396,MN
27,149,99999,Stevens County,,"Stevens County, MN",2714999999,710,785,1030,1432,1728,NCNTY27149N27149,9682,MN
27,151,99999,Swift County,,"Swift County, MN",2715199999,671,768,973,1285,1314,NCNTY27151N27151,9806,MN
27,153,99999,Todd County,,"Todd County, MN",2715399999,752,757,993,1345,1582,NCNTY27153N27153,25277,MN
27,155,99999,Traverse County,,"Traverse County, MN",2715599999,671,742,973,1353,1609,NCNTY27155N27155,3345,MN
27,159,99999,Wadena County,,"Wadena County, MN",2715999999,734,820,1065,1277,1410,NCNTY27159N27159,14108,MN
27,161,99999,Waseca County,,"Waseca County, MN",2716199999,702,769,1009,1403,1550,NCNTY27161N27161,18953,MN
27,165,99999,Watonwan County,,"Watonwan County, MN",2716599999,671,842,973,1283,1288,NCNTY27165N27165,11205,MN
27,167,99999,Wilkin County,,"Wilkin County, MN",2716799999,740,829,1074,1417,1422,NCNTY27167N27167,6454,MN
27,169,99999,Winona County,,"Winona County, MN",2716999999,821,901,1107,1387,1602,NCNTY27169N27169,49792,MN
27,173,99999,Yellow Medicine County,,"Yellow Medicine County, MN",2717399999,671,753,973,1169,1312,NCNTY27173N27173,9569,MN
28,045,99999,Hancock County,,"Gulfport-Biloxi, MS HUD Metro FMR Area",2804599999,838,985,1216,1569,1719,METRO25060M25060,46010,MS
28,047,99999,Harrison County,,"Gulfport-Biloxi, MS HUD Metro FMR Area",2804799999,838,985,1216,1569,1719,METRO25060M25060,208748,MS
28,131,99999,Stone County,,"Stone County, MS HUD Metro FMR Area",2813199999,759,764,1003,1203,1482,METRO25060M28131,18360,MS
28,059,99999,Jackson County,,"Pascagoula, MS HUD Metro FMR Area",2805999999,994,1017,1141,1548,1885,METRO25060M37700,143721,MS
28,035,99999,Forrest County,,"Hattiesburg, MS MSA",2803599999,811,946,1116,1437,1478,METRO25620M25620,77917,MS
28,073,99999,Lamar County,,"Hattiesburg, MS MSA",2807399999,811,946,1116,1437,1478,METRO25620M25620,64425,MS
28,111,99999,Perry County,,"Hattiesburg, MS MSA",2811199999,811,946,1116,1437,1478,METRO25620M25620,11511,MS
28,029,99999,Copiah County,,"Jackson, MS HUD Metro FMR Area",2802999999,1184,1191,1398,1676,1851,METRO27140M27140,28210,MS
28,049,99999,Hinds County,,"Jackson, MS HUD Metro FMR Area",2804999999,1184,1191,1398,1676,1851,METRO27140M27140,226541,MS
28,089,99999,Madison County,,"Jackson, MS HUD Metro FMR Area",2808999999,1184,1191,1398,1676,1851,METRO27140M27140,109257,MS
28,121,99999,Rankin County,,"Jackson, MS HUD Metro FMR Area",2812199999,1184,1191,1398,1676,1851,METRO27140M27140,157185,MS
28,051,99999,Holmes County,,"Holmes County, MS HUD Metro FMR Area",2805199999,733,768,842,1111,1115,METRO27140M28051,16848,MS
28,123,99999,Scott County,,"Scott County, MS HUD Metro FMR Area",2812399999,858,863,1034,1240,1369,METRO27140N28123,27943,MS
28,127,99999,Simpson County,,"Simpson County, MS HUD Metro FMR Area",2812799999,631,813,915,1273,1535,METRO27140N28127,25889,MS
28,163,99999,Yazoo County,,"Yazoo County, MS HUD Metro FMR Area",2816399999,811,816,1071,1315,1418,METRO27140N28163,27467,MS
28,033,99999,DeSoto County,,"Memphis, TN-MS-AR HUD Metro FMR Area",2803399999,1159,1262,1393,1840,2142,METRO32820M32820,186214,MS
28,009,99999,Benton County,,"Benton County, MS HUD Metro FMR Area",2800999999,727,768,842,1157,1284,METRO32820N28009,7637,MS
28,093,99999,Marshall County,,"Marshall County, MS HUD Metro FMR Area",2809399999,914,920,1207,1447,1995,METRO32820N28093,33980,MS
28,137,99999,Tate County,,"Tate County, MS HUD Metro FMR Area",2813799999,875,881,1156,1419,1531,METRO32820N28137,28094,MS
28,143,99999,Tunica County,,"Tunica County, MS HUD Metro FMR Area",2814399999,1045,1137,1257,1507,1664,METRO32820N28143,9787,MS
28,001,99999,Adams County,,"Adams County, MS",2800199999,727,768,842,1111,1115,NCNTY28001N28001,29425,MS
28,003,99999,Alcorn County,,"Alcorn County, MS",2800399999,727,768,842,1158,1162,NCNTY28003N28003,34717,MS
28,005,99999,Amite County,,"Amite County, MS",2800599999,744,748,884,1097,1170,NCNTY28005N28005,12683,MS
28,007,99999,Attala County,,"Attala County, MS",2800799999,638,642,842,1115,1118,NCNTY28007N28007,17842,MS
28,011,99999,Bolivar County,,"Bolivar County, MS",2801199999,650,655,859,1118,1137,NCNTY28011N28011,30688,MS
28,013,99999,Calhoun County,,"Calhoun County, MS",2801399999,637,642,842,1167,1217,NCNTY28013N28013,13193,MS
28,015,99999,Carroll County,,"Carroll County, MS",2801599999,731,735,869,1078,1151,NCNTY28015N28015,9930,MS
28,017,99999,Chickasaw County,,"Chickasaw County, MS",2801799999,638,642,842,1121,1411,NCNTY28017N28017,17024,MS
28,019,99999,Choctaw County,,"Choctaw County, MS",2801999999,638,642,842,1115,1118,NCNTY28019N28019,8208,MS
28,021,99999,Claiborne County,,"Claiborne County, MS",2802199999,708,713,842,1111,1118,NCNTY28021N28021,9044,MS
28,023,99999,Clarke County,,"Clarke County, MS",2802399999,816,862,945,1133,1251,NCNTY28023N28023,15553,MS
28,025,99999,Clay County,,"Clay County, MS",2802599999,714,718,849,1159,1424,NCNTY28025N28025,18598,MS
28,027,99999,Coahoma County,,"Coahoma County, MS",2802799999,730,748,842,1177,1380,NCNTY28027N28027,21264,MS
28,031,99999,Covington County,,"Covington County, MS",2803199999,708,713,842,1111,1115,NCNTY28031N28031,18323,MS
28,037,99999,Franklin County,,"Franklin County, MS",2803799999,744,759,884,1166,1170,NCNTY28037N28037,7690,MS
28,039,99999,George County,,"George County, MS",2803999999,801,806,952,1141,1451,NCNTY28039N28039,24547,MS
28,041,99999,Greene County,,"Greene County, MS",2804199999,771,814,892,1070,1181,NCNTY28041N28041,13672,MS
28,043,99999,Grenada County,,"Grenada County, MS",2804399999,709,713,936,1122,1239,NCNTY28043N28043,21474,MS
28,053,99999,Humphreys County,,"Humphreys County, MS",2805399999,727,768,842,1111,1115,NCNTY28053N28053,7744,MS
28,055,99999,Issaquena County,,"Issaquena County, MS",2805599999,744,748,884,1097,1170,NCNTY28055N28055,1206,MS
28,057,99999,Itawamba County,,"Itawamba County, MS",2805799999,810,815,964,1156,1276,NCNTY28057N28057,23888,MS
28,061,99999,Jasper County,,"Jasper County, MS",2806199999,708,713,842,1115,1118,NCNTY28061N28061,16320,MS
28,063,99999,Jefferson County,,"Jefferson County, MS",2806399999,708,713,842,1111,1118,NCNTY28063N28063,7207,MS
28,065,99999,Jefferson Davis County,,"Jefferson Davis County, MS",2806599999,693,698,847,1020,1121,NCNTY28065N28065,11291,MS
28,067,99999,Jones County,,"Jones County, MS",2806799999,730,735,964,1156,1311,NCNTY28067N28067,67152,MS
28,069,99999,Kemper County,,"Kemper County, MS",2806999999,744,748,884,1166,1170,NCNTY28069N28069,8980,MS
28,071,99999,Lafayette County,,"Lafayette County, MS",2807199999,1144,1151,1358,1682,1798,NCNTY28071N28071,56172,MS
28,075,99999,Lauderdale County,,"Lauderdale County, MS",2807599999,836,869,969,1287,1292,NCNTY28075N28075,72741,MS
28,077,99999,Lawrence County,,"Lawrence County, MS",2807799999,726,731,959,1216,1270,NCNTY28077N28077,11933,MS
28,079,99999,Leake County,,"Leake County, MS",2807999999,830,835,987,1183,1307,NCNTY28079N28079,21335,MS
28,081,99999,Lee County,,"Lee County, MS",2808199999,917,923,1076,1361,1425,NCNTY28081N28081,83343,MS
28,083,99999,Leflore County,,"Leflore County, MS",2808399999,681,686,900,1128,1192,NCNTY28083N28083,27920,MS
28,085,99999,Lincoln County,,"Lincoln County, MS",2808599999,676,681,893,1178,1182,NCNTY28085N28085,34855,MS
28,087,99999,Lowndes County,,"Lowndes County, MS",2808799999,771,775,898,1244,1270,NCNTY28087N28087,58547,MS
28,091,99999,Marion County,,"Marion County, MS",2809199999,662,667,875,1049,1390,NCNTY28091N28091,24362,MS
28,095,99999,Monroe County,,"Monroe County, MS",2809599999,744,785,861,1032,1140,NCNTY28095N28095,34168,MS
28,097,99999,Montgomery County,,"Montgomery County, MS",2809799999,764,806,884,1061,1170,NCNTY28097N28097,9803,MS
28,099,99999,Neshoba County,,"Neshoba County, MS",2809999999,727,768,842,1147,1354,NCNTY28099N28099,28970,MS
28,101,99999,Newton County,,"Newton County, MS",2810199999,666,671,880,1055,1165,NCNTY28101N28101,21275,MS
28,103,99999,Noxubee County,,"Noxubee County, MS",2810399999,708,713,842,1049,1118,NCNTY28103N28103,10261,MS
28,105,99999,Oktibbeha County,,"Oktibbeha County, MS",2810599999,886,928,1017,1341,1347,NCNTY28105N28105,51388,MS
28,107,99999,Panola County,,"Panola County, MS",2810799999,633,777,918,1169,1455,NCNTY28107N28107,33157,MS
28,109,99999,Pearl River County,,"Pearl River County, MS",2810999999,879,904,1018,1389,1401,NCNTY28109N28109,56351,MS
28,113,99999,Pike County,,"Pike County, MS",2811399999,890,895,1054,1264,1516,NCNTY28113N28113,40098,MS
28,115,99999,Pontotoc County,,"Pontotoc County, MS",2811599999,674,892,978,1198,1557,NCNTY28115N28115,31202,MS
28,117,99999,Prentiss County,,"Prentiss County, MS",2811799999,638,642,842,1012,1118,NCNTY28117N28117,24945,MS
28,119,99999,Quitman County,,"Quitman County, MS",2811999999,708,713,842,1171,1412,NCNTY28119N28119,6113,MS
28,125,99999,Sharkey County,,"Sharkey County, MS",2812599999,708,713,842,1115,1118,NCNTY28125N28125,3910,MS
28,129,99999,Smith County,,"Smith County, MS",2812999999,727,768,842,1012,1118,NCNTY28129N28129,14310,MS
28,133,99999,Sunflower County,,"Sunflower County, MS",2813399999,581,642,842,1136,1260,NCNTY28133N28133,25867,MS
28,135,99999,Tallahatchie County,,"Tallahatchie County, MS",2813599999,727,768,842,1096,1412,NCNTY28135N28135,12621,MS
28,139,99999,Tippah County,,"Tippah County, MS",2813999999,733,768,842,1092,1118,NCNTY28139N28139,21769,MS
28,141,99999,Tishomingo County,,"Tishomingo County, MS",2814199999,727,759,842,1115,1118,NCNTY28141N28141,18837,MS
28,145,99999,Union County,,"Union County, MS",2814599999,855,895,981,1199,1299,NCNTY28145N28145,27880,MS
28,147,99999,Walthall County,,"Walthall County, MS",2814799999,837,842,995,1193,1317,NCNTY28147N28147,13888,MS
28,149,99999,Warren County,,"Warren County, MS",2814999999,847,852,1009,1250,1336,NCNTY28149N28149,44341,MS
28,151,99999,Washington County,,"Washington County, MS",2815199999,648,768,842,1177,1412,NCNTY28151N28151,44604,MS
28,153,99999,Wayne County,,"Wayne County, MS",2815399999,708,713,842,1098,1118,NCNTY28153N28153,19760,MS
28,155,99999,Webster County,,"Webster County, MS",2815599999,917,922,1090,1307,1443,NCNTY28155N28155,9942,MS
28,157,99999,Wilkinson County,,"Wilkinson County, MS",2815799999,708,713,842,1049,1118,NCNTY28157N28157,8531,MS
28,159,99999,Winston County,,"Winston County, MS",2815999999,727,768,842,1111,1115,NCNTY28159N28159,17741,MS
28,161,99999,Yalobusha County,,"Yalobusha County, MS",2816199999,667,672,842,1115,1242,NCNTY28161N28161,12499,MS
29,017,99999,Bollinger County,,"Cape Girardeau, MO-IL MSA",2901799999,845,894,1098,1527,1842,METRO16020M16020,10658,MO
29,031,99999,Cape Girardeau County,,"Cape Girardeau, MO-IL MSA",2903199999,845,894,1098,1527,1842,METRO16020M16020,81703,MO
29,019,99999,Boone County,,"Columbia, MO HUD Metro FMR Area",2901999999,838,1060,1216,1649,1951,METRO17860M17860,184043,MO
29,053,99999,Cooper County,,"Cooper County, MO HUD Metro FMR Area",2905399999,726,794,1042,1286,1628,METRO17860M29053,16893,MO
29,089,99999,Howard County,,"Howard County, MO HUD Metro FMR Area",2908999999,736,814,1068,1281,1414,METRO17860M29089,10142,MO
29,051,99999,Cole County,,"Jefferson City, MO HUD Metro FMR Area",2905199999,734,739,970,1349,1470,METRO27620M27620,76890,MO
29,151,99999,Osage County,,"Jefferson City, MO HUD Metro FMR Area",2915199999,734,739,970,1349,1470,METRO27620M27620,13374,MO
29,027,99999,Callaway County,,"Callaway County, MO HUD Metro FMR Area",2902799999,846,852,1118,1340,1580,METRO27620N29027,44517,MO
29,135,99999,Moniteau County,,"Moniteau County, MO HUD Metro FMR Area",2913599999,737,742,974,1331,1492,METRO27620N29135,15401,MO
29,097,99999,Jasper County,,"Joplin, MO HUD Metro FMR Area",2909799999,802,807,999,1305,1355,METRO27900M27900,122788,MO
29,145,99999,Newton County,,"Joplin, MO HUD Metro FMR Area",2914599999,802,807,999,1305,1355,METRO27900M27900,59019,MO
29,025,99999,Caldwell County,,"Kansas City, MO-KS HUD Metro FMR Area",2902599999,1179,1289,1462,1904,2264,METRO28140M28140,8876,MO
29,037,99999,Cass County,,"Kansas City, MO-KS HUD Metro FMR Area",2903799999,1179,1289,1462,1904,2264,METRO28140M28140,108205,MO
29,047,99999,Clay County,,"Kansas City, MO-KS HUD Metro FMR Area",2904799999,1179,1289,1462,1904,2264,METRO28140M28140,253085,MO
29,049,99999,Clinton County,,"Kansas City, MO-KS HUD Metro FMR Area",2904999999,1179,1289,1462,1904,2264,METRO28140M28140,21155,MO
29,095,99999,Jackson County,,"Kansas City, MO-KS HUD Metro FMR Area",2909599999,1179,1289,1462,1904,2264,METRO28140M28140,715526,MO
29,107,99999,Lafayette County,,"Kansas City, MO-KS HUD Metro FMR Area",2910799999,1179,1289,1462,1904,2264,METRO28140M28140,32858,MO
29,165,99999,Platte County,,"Kansas City, MO-KS HUD Metro FMR Area",2916599999,1179,1289,1462,1904,2264,METRO28140M28140,107033,MO
29,177,99999,Ray County,,"Kansas City, MO-KS HUD Metro FMR Area",2917799999,1179,1289,1462,1904,2264,METRO28140M28140,23122,MO
29,013,99999,Bates County,,"Bates County, MO HUD Metro FMR Area",2901399999,744,749,983,1306,1649,METRO28140N29013,16101,MO
29,003,99999,Andrew County,,"St. Joseph, MO-KS MSA",2900399999,818,879,1138,1440,1655,METRO41140M41140,18069,MO
29,021,99999,Buchanan County,,"St. Joseph, MO-KS MSA",2902199999,818,879,1138,1440,1655,METRO41140M41140,84544,MO
29,063,99999,DeKalb County,,"St. Joseph, MO-KS MSA",2906399999,818,879,1138,1440,1655,METRO41140M41140,11838,MO
29,056,99999,Sullivan part,Sullivan city part of Crawford County,"St. Louis, MO-IL HUD Metro FMR Area",2905699999,1036,1079,1321,1700,1965,METRO41180M41180,845,MO
29,071,99999,Franklin County,,"St. Louis, MO-IL HUD Metro FMR Area",2907199999,1036,1079,1321,1700,1965,METRO41180M41180,104858,MO
29,099,99999,Jefferson County,,"St. Louis, MO-IL HUD Metro FMR Area",2909999999,1036,1079,1321,1700,1965,METRO41180M41180,226984,MO
29,113,99999,Lincoln County,,"St. Louis, MO-IL HUD Metro FMR Area",2911399999,1036,1079,1321,1700,1965,METRO41180M41180,60172,MO
29,183,99999,St. Charles County,,"St. Louis, MO-IL HUD Metro FMR Area",2918399999,1036,1079,1321,1700,1965,METRO41180M41180,406262,MO
29,189,99999,St. Louis County,,"St. Louis, MO-IL HUD Metro FMR Area",2918999999,1036,1079,1321,1700,1965,METRO41180M41180,999703,MO
29,219,99999,Warren County,,"St. Louis, MO-IL HUD Metro FMR Area",2921999999,1036,1079,1321,1700,1965,METRO41180M41180,35729,MO
29,510,99999,St. Louis city,,"St. Louis, MO-IL HUD Metro FMR Area",2951099999,1036,1079,1321,1700,1965,METRO41180M41180,298018,MO
29,043,99999,Christian County,,"Springfield, MO HUD Metro FMR Area",2904399999,933,939,1164,1592,1808,METRO44180M44180,89568,MO
29,077,99999,Greene County,,"Springfield, MO HUD Metro FMR Area",2907799999,933,939,1164,1592,1808,METRO44180M44180,299188,MO
29,225,99999,Webster County,,"Springfield, MO HUD Metro FMR Area",2922599999,933,939,1164,1592,1808,METRO44180M44180,39265,MO
29,059,99999,Dallas County,,"Dallas County, MO HUD Metro FMR Area",2905999999,727,732,888,1235,1490,METRO44180N29059,17158,MO
29,167,99999,Polk County,,"Polk County, MO HUD Metro FMR Area",2916799999,737,742,898,1249,1506,METRO44180N29167,31877,MO
29,001,99999,Adair County,,"Adair County, MO",2900199999,719,721,904,1257,1517,NCNTY29001N29001,25299,MO
29,005,99999,Atchison County,,"Atchison County, MO",2900599999,660,677,888,1065,1333,NCNTY29005N29005,5270,MO
29,007,99999,Audrain County,,"Audrain County, MO",2900799999,660,690,888,1141,1239,NCNTY29007N29007,24873,MO
29,009,99999,Barry County,,"Barry County, MO",2900999999,672,677,888,1235,1311,NCNTY29009N29009,34701,MO
29,011,99999,Barton County,,"Barton County, MO",2901199999,660,734,888,1235,1273,NCNTY29011N29011,11683,MO
29,015,99999,Benton County,,"Benton County, MO",2901599999,735,755,990,1273,1548,NCNTY29015N29015,19616,MO
29,023,99999,Butler County,,"Butler County, MO",2902399999,695,718,942,1257,1262,NCNTY29023N29023,42280,MO
29,029,99999,Camden County,,"Camden County, MO",2902999999,725,744,976,1357,1429,NCNTY29029N29029,43227,MO
29,033,99999,Carroll County,,"Carroll County, MO",2903399999,686,703,923,1203,1389,NCNTY29033N29033,8513,MO
29,035,99999,Carter County,,"Carter County, MO",2903599999,660,677,888,1065,1320,NCNTY29035N29035,5299,MO
29,039,99999,Cedar County,,"Cedar County, MO",2903999999,665,682,895,1223,1331,NCNTY29039N29039,14314,MO
29,041,99999,Chariton County,,"Chariton County, MO",2904199999,660,677,888,1235,1320,NCNTY29041N29041,7417,MO
29,045,99999,Clark County,,"Clark County, MO",2904599999,660,677,888,1154,1320,NCNTY29045N29045,6693,MO
29,055,99999,Crawford County,,"Crawford County, MO",2905599999,628,748,911,1267,1411,NCNTY29055N29055,23023,MO
29,057,99999,Dade County,,"Dade County, MO",2905799999,660,729,888,1209,1490,NCNTY29057N29057,7598,MO
29,061,99999,Daviess County,,"Daviess County, MO",2906199999,664,681,894,1146,1303,NCNTY29061N29061,8418,MO
29,065,99999,Dent County,,"Dent County, MO",2906599999,695,713,935,1121,1390,NCNTY29065N29065,14509,MO
29,067,99999,Douglas County,,"Douglas County, MO",2906799999,660,677,888,1065,1320,NCNTY29067N29067,11803,MO
29,069,99999,Dunklin County,,"Dunklin County, MO",2906999999,660,677,888,1228,1416,NCNTY29069N29069,28174,MO
29,073,99999,Gasconade County,,"Gasconade County, MO",2907399999,660,677,888,1192,1197,NCNTY29073N29073,14801,MO
29,075,99999,Gentry County,,"Gentry County, MO",2907599999,660,691,888,1235,1490,NCNTY29075N29075,6219,MO
29,079,99999,Grundy County,,"Grundy County, MO",2907999999,660,677,888,1171,1353,NCNTY29079N29079,9878,MO
29,081,99999,Harrison County,,"Harrison County, MO",2908199999,675,693,909,1187,1204,NCNTY29081N29081,8190,MO
29,083,99999,Henry County,,"Henry County, MO",2908399999,673,698,916,1208,1213,NCNTY29083N29083,22064,MO
29,085,99999,Hickory County,,"Hickory County, MO",2908599999,660,796,888,1235,1320,NCNTY29085N29085,8452,MO
29,087,99999,Holt County,,"Holt County, MO",2908799999,660,677,888,1111,1373,NCNTY29087N29087,4274,MO
29,091,99999,Howell County,,"Howell County, MO",2909199999,612,677,888,1224,1490,NCNTY29091N29091,39960,MO
29,093,99999,Iron County,,"Iron County, MO",2909399999,660,810,888,1084,1371,NCNTY29093N29093,9538,MO
29,101,99999,Johnson County,,"Johnson County, MO",2910199999,850,855,1013,1409,1699,NCNTY29101N29101,54025,MO
29,103,99999,Knox County,,"Knox County, MO",2910399999,660,677,888,1086,1320,NCNTY29103N29103,3772,MO
29,105,99999,Laclede County,,"Laclede County, MO",2910599999,720,739,969,1269,1590,NCNTY29105N29105,36060,MO
29,109,99999,Lawrence County,,"Lawrence County, MO",2910999999,689,706,927,1221,1396,NCNTY29109N29109,38231,MO
29,111,99999,Lewis County,,"Lewis County, MO",2911199999,612,677,888,1171,1176,NCNTY29111N29111,9987,MO
29,115,99999,Linn County,,"Linn County, MO",2911599999,668,685,899,1078,1190,NCNTY29115N29115,11892,MO
29,117,99999,Livingston County,,"Livingston County, MO",2911799999,690,708,929,1199,1392,NCNTY29117N29117,14402,MO
29,119,99999,McDonald County,,"McDonald County, MO",2911999999,681,685,899,1250,1508,NCNTY29119N29119,23381,MO
29,121,99999,Macon County,,"Macon County, MO",2912199999,677,748,982,1272,1389,NCNTY29121N29121,15173,MO
29,123,99999,Madison County,,"Madison County, MO",2912399999,743,762,1000,1211,1487,NCNTY29123N29123,12649,MO
29,125,99999,Maries County,,"Maries County, MO",2912599999,660,790,888,1202,1320,NCNTY29125N29125,8454,MO
29,127,99999,Marion County,,"Marion County, MO",2912799999,764,788,1029,1357,1362,NCNTY29127N29127,28525,MO
29,129,99999,Mercer County,,"Mercer County, MO",2912999999,726,745,978,1360,1454,NCNTY29129N29129,3517,MO
29,131,99999,Miller County,,"Miller County, MO",2913199999,696,855,937,1135,1478,NCNTY29131N29131,24855,MO
29,133,99999,Mississippi County,,"Mississippi County, MO",2913399999,660,677,888,1196,1407,NCNTY29133N29133,12305,MO
29,137,99999,Monroe County,,"Monroe County, MO",2913799999,678,696,913,1095,1339,NCNTY29137N29137,8668,MO
29,139,99999,Montgomery County,,"Montgomery County, MO",2913999999,681,685,899,1241,1352,NCNTY29139N29139,11421,MO
29,141,99999,Morgan County,,"Morgan County, MO",2914199999,660,745,888,1171,1176,NCNTY29141N29141,21169,MO
29,143,99999,New Madrid County,,"New Madrid County, MO",2914399999,716,735,964,1156,1276,NCNTY29143N29143,16341,MO
29,147,99999,Nodaway County,,"Nodaway County, MO",2914799999,755,760,959,1228,1609,NCNTY29147N29147,21140,MO
29,149,99999,Oregon County,,"Oregon County, MO",2914999999,660,677,888,1235,1349,NCNTY29149N29149,8783,MO
29,153,99999,Ozark County,,"Ozark County, MO",2915399999,681,699,917,1099,1214,NCNTY29153N29153,8688,MO
29,155,99999,Pemiscot County,,"Pemiscot County, MO",2915599999,660,713,888,1171,1176,NCNTY29155N29155,15555,MO
29,157,99999,Perry County,,"Perry County, MO",2915799999,795,976,1070,1417,1422,NCNTY29157N29157,18970,MO
29,159,99999,Pettis County,,"Pettis County, MO",2915999999,781,787,1032,1338,1489,NCNTY29159N29159,43059,MO
29,161,99999,Phelps County,,"Phelps County, MO",2916199999,775,788,990,1306,1311,NCNTY29161N29161,44843,MO
29,163,99999,Pike County,,"Pike County, MO",2916399999,721,739,970,1163,1284,NCNTY29163N29163,17719,MO
29,169,99999,Pulaski County,,"Pulaski County, MO",2916999999,831,853,1119,1556,1790,NCNTY29169N29169,53726,MO
29,171,99999,Putnam County,,"Putnam County, MO",2917199999,660,698,888,1065,1320,NCNTY29171N29171,4698,MO
29,173,99999,Ralls County,,"Ralls County, MO",2917399999,705,723,949,1206,1592,NCNTY29173N29173,10356,MO
29,175,99999,Randolph County,,"Randolph County, MO",2917599999,660,693,888,1235,1384,NCNTY29175N29175,24652,MO
29,179,99999,Reynolds County,,"Reynolds County, MO",2917999999,666,684,897,1076,1188,NCNTY29179N29179,6102,MO
29,181,99999,Ripley County,,"Ripley County, MO",2918199999,660,731,888,1141,1420,NCNTY29181N29181,10839,MO
29,185,99999,St. Clair County,,"St. Clair County, MO",2918599999,612,677,888,1065,1320,NCNTY29185N29185,9330,MO
29,186,99999,Ste. Genevieve County,,"Ste. Genevieve County, MO",2918699999,718,805,967,1159,1622,NCNTY29186N29186,18494,MO
29,187,99999,St. Francois County,,"St. Francois County, MO",2918799999,728,733,962,1244,1274,NCNTY29187N29187,66814,MO
29,195,99999,Saline County,,"Saline County, MO",2919599999,702,720,945,1227,1251,NCNTY29195N29195,23219,MO
29,197,99999,Schuyler County,,"Schuyler County, MO",2919799999,678,749,983,1179,1302,NCNTY29197N29197,4066,MO
29,199,99999,Scotland County,,"Scotland County, MO",2919999999,660,705,888,1235,1490,NCNTY29199N29199,4720,MO
29,201,99999,Scott County,,"Scott County, MO",2920199999,742,761,999,1229,1323,NCNTY29201N29201,38055,MO
29,203,99999,Shannon County,,"Shannon County, MO",2920399999,682,706,926,1129,1377,NCNTY29203N29203,7132,MO
29,205,99999,Shelby County,,"Shelby County, MO",2920599999,660,703,888,1189,1429,NCNTY29205N29205,6049,MO
29,207,99999,Stoddard County,,"Stoddard County, MO",2920799999,660,677,888,1183,1247,NCNTY29207N29207,28656,MO
29,209,99999,Stone County,,"Stone County, MO",2920999999,685,743,975,1356,1636,NCNTY29209N29209,31314,MO
29,211,99999,Sullivan County,,"Sullivan County, MO",2921199999,660,809,888,1110,1320,NCNTY29211N29211,5983,MO
29,213,99999,Taney County,,"Taney County, MO",2921399999,825,830,1089,1407,1611,NCNTY29213N29213,56202,MO
29,215,99999,Texas County,,"Texas County, MO",2921599999,612,694,888,1192,1490,NCNTY29215N29215,24828,MO
29,217,99999,Vernon County,,"Vernon County, MO",2921799999,732,751,986,1239,1466,NCNTY29217N29217,19777,MO
29,221,99999,Washington County,,"Washington County, MO",2922199999,660,774,888,1065,1276,NCNTY29221N29221,23580,MO
29,223,99999,Wayne County,,"Wayne County, MO",2922399999,660,810,888,1065,1490,NCNTY29223N29223,11081,MO
29,227,99999,Worth County,,"Worth County, MO",2922799999,689,706,927,1211,1378,NCNTY29227N29227,1982,MO
29,229,99999,Wright County,,"Wright County, MO",2922999999,660,677,888,1235,1320,NCNTY29229N29229,18475,MO
30,009,99999,Carbon County,,"Billings, MT HUD Metro FMR Area",3000999999,1083,1182,1511,2080,2363,METRO13740M13740,10645,MT
30,111,99999,Yellowstone County,,"Billings, MT HUD Metro FMR Area",3011199999,1083,1182,1511,2080,2363,METRO13740M13740,165524,MT
30,095,99999,Stillwater County,,"Stillwater County, MT HUD Metro FMR Area",3009599999,909,985,1292,1797,2167,METRO13740M30095,8978,MT
30,031,99999,Gallatin County,,"Bozeman, MT MSA",3003199999,1600,1768,2320,3227,3810,METRO14580M14580,119685,MT
30,013,99999,Cascade County,,"Great Falls, MT MSA",3001399999,1063,1083,1421,1976,2252,METRO24500M24500,84423,MT
30,007,99999,Broadwater County,,"Broadwater County, MT HUD Metro FMR Area",3000799999,1268,1631,1788,2144,2921,METRO25740N30007,6977,MT
30,043,99999,Jefferson County,,"Jefferson County, MT HUD Metro FMR Area",3004399999,1022,1130,1483,2055,2062,METRO25740N30043,12273,MT
30,049,99999,Lewis and Clark County,,"Lewis and Clark County, MT HUD Metro FMR Area",3004999999,1205,1400,1748,2388,2649,METRO25740N30049,71487,MT
30,063,99999,Missoula County,,"Missoula, MT HUD Metro FMR Area",3006399999,1201,1470,1738,2417,2916,METRO33540M33540,118541,MT
30,061,99999,Mineral County,,"Mineral County, MT HUD Metro FMR Area",3006199999,953,1096,1378,1652,1939,METRO33540N30061,4652,MT
30,001,99999,Beaverhead County,,"Beaverhead County, MT",3000199999,889,1082,1186,1649,1990,NCNTY30001N30001,9469,MT
30,003,99999,Big Horn County,,"Big Horn County, MT",3000399999,1005,1022,1341,1707,2178,NCNTY30003N30003,13090,MT
30,005,99999,Blaine County,,"Blaine County, MT",3000599999,892,907,1190,1427,1924,NCNTY30005N30005,7030,MT
30,011,99999,Carter County,,"Carter County, MT",3001199999,1043,1122,1392,1669,2250,NCNTY30011N30011,1332,MT
30,015,99999,Chouteau County,,"Chouteau County, MT",3001599999,1007,1024,1344,1710,2006,NCNTY30015N30015,5897,MT
30,017,99999,Custer County,,"Custer County, MT",3001799999,1178,1302,1708,2288,2466,NCNTY30017N30017,11957,MT
30,019,99999,Daniels County,,"Daniels County, MT",3001999999,1251,1469,1669,2307,2698,NCNTY30019N30019,1535,MT
30,021,99999,Dawson County,,"Dawson County, MT",3002199999,1008,1025,1345,1613,2083,NCNTY30021N30021,8915,MT
30,023,99999,Deer Lodge County,,"Deer Lodge County, MT",3002399999,884,1076,1180,1641,1980,NCNTY30023N30023,9435,MT
30,025,99999,Fallon County,,"Fallon County, MT",3002599999,1122,1168,1497,2069,2420,NCNTY30025N30025,2941,MT
30,027,99999,Fergus County,,"Fergus County, MT",3002799999,1107,1126,1477,2034,2388,NCNTY30027N30027,11496,MT
30,029,99999,Flathead County,,"Flathead County, MT",3002999999,1348,1370,1798,2364,3016,NCNTY30029N30029,105950,MT
30,033,99999,Garfield County,,"Garfield County, MT",3003399999,945,984,1261,1548,2039,NCNTY30033N30033,976,MT
30,035,99999,Glacier County,,"Glacier County, MT",3003599999,1010,1092,1348,1616,1941,NCNTY30035N30035,13781,MT
30,037,99999,Golden Valley County,,"Golden Valley County, MT",3003799999,1028,1071,1372,1908,2218,NCNTY30037N30037,841,MT
30,039,99999,Granite County,,"Granite County, MT",3003999999,790,823,1054,1466,1704,NCNTY30039N30039,3368,MT
30,041,99999,Hill County,,"Hill County, MT",3004199999,1055,1150,1407,1856,1863,NCNTY30041N30041,16238,MT
30,045,99999,Judith Basin County,,"Judith Basin County, MT",3004599999,896,933,1196,1633,1934,NCNTY30045N30045,2039,MT
30,047,99999,Lake County,,"Lake County, MT",3004799999,1143,1151,1505,1944,2075,NCNTY30047N30047,31509,MT
30,051,99999,Liberty County,,"Liberty County, MT",3005199999,781,813,1042,1449,1685,NCNTY30051N30051,1993,MT
30,053,99999,Lincoln County,,"Lincoln County, MT",3005399999,987,1147,1257,1748,2032,NCNTY30053N30053,20157,MT
30,055,99999,McCone County,,"McCone County, MT",3005599999,1251,1303,1669,2307,2698,NCNTY30055N30055,1746,MT
30,057,99999,Madison County,,"Madison County, MT",3005799999,1241,1292,1656,2230,2778,NCNTY30057N30057,8742,MT
30,059,99999,Meagher County,,"Meagher County, MT",3005999999,1144,1191,1526,2109,2467,NCNTY30059N30059,1948,MT
30,065,99999,Musselshell County,,"Musselshell County, MT",3006599999,1022,1243,1363,1896,2286,NCNTY30065N30065,4924,MT
30,067,99999,Park County,,"Park County, MT",3006799999,1151,1441,1670,2323,2802,NCNTY30067N30067,17320,MT
30,069,99999,Petroleum County,,"Petroleum County, MT",3006999999,1251,1303,1669,2307,2698,NCNTY30069N30069,416,MT
30,071,99999,Phillips County,,"Phillips County, MT",3007199999,734,893,979,1362,1583,NCNTY30071N30071,4233,MT
30,073,99999,Pondera County,,"Pondera County, MT",3007399999,956,1164,1276,1648,1926,NCNTY30073N30073,5987,MT
30,075,99999,Powder River County,,"Powder River County, MT",3007599999,815,849,1088,1513,1759,NCNTY30075N30075,1773,MT
30,077,99999,Powell County,,"Powell County, MT",3007799999,959,998,1279,1779,2068,NCNTY30077N30077,6998,MT
30,079,99999,Prairie County,,"Prairie County, MT",3007999999,1251,1303,1669,2307,2698,NCNTY30079N30079,1283,MT
30,081,99999,Ravalli County,,"Ravalli County, MT",3008199999,1160,1191,1480,2058,2483,NCNTY30081N30081,44876,MT
30,083,99999,Richland County,,"Richland County, MT",3008399999,1172,1227,1345,1613,2256,NCNTY30083N30083,11366,MT
30,085,99999,Roosevelt County,,"Roosevelt County, MT",3008599999,1003,1010,1325,1589,2142,NCNTY30085N30085,10799,MT
30,087,99999,Rosebud County,,"Rosebud County, MT",3008799999,911,1018,1216,1691,2040,NCNTY30087N30087,8310,MT
30,089,99999,Sanders County,,"Sanders County, MT",3008999999,808,923,1172,1405,1895,NCNTY30089N30089,12615,MT
30,091,99999,Sheridan County,,"Sheridan County, MT",3009199999,981,998,1309,1821,1956,NCNTY30091N30091,3700,MT
30,093,99999,Silver Bow County,,"Silver Bow County, MT",3009399999,1065,1191,1465,2037,2259,NCNTY30093N30093,35306,MT
30,097,99999,Sweet Grass County,,"Sweet Grass County, MT",3009799999,908,946,1212,1599,1638,NCNTY30097N30097,3697,MT
30,099,99999,Teton County,,"Teton County, MT",3009999999,1062,1293,1417,1971,2262,NCNTY30099N30099,6238,MT
30,101,99999,Toole County,,"Toole County, MT",3010199999,958,1098,1284,1777,1784,NCNTY30101N30101,5018,MT
30,103,99999,Treasure County,,"Treasure County, MT",3010399999,1251,1303,1669,2307,2698,NCNTY30103N30103,680,MT
30,105,99999,Valley County,,"Valley County, MT",3010599999,916,931,1222,1595,1785,NCNTY30105N30105,7552,MT
30,107,99999,Wheatland County,,"Wheatland County, MT",3010799999,861,897,1149,1598,1858,NCNTY30107N30107,2060,MT
30,109,99999,Wibaux County,,"Wibaux County, MT",3010999999,1251,1303,1669,2307,2698,NCNTY30109N30109,1119,MT
31,079,99999,Hall County,,"Hall County, NE HUD Metro FMR Area",3107999999,916,1034,1284,1617,2118,METRO24260N31079,62575,NE
31,093,99999,Howard County,,"Howard County, NE HUD Metro FMR Area",3109399999,807,977,1126,1350,1491,METRO24260N31093,6476,NE
31,121,99999,Merrick County,,"Merrick County, NE HUD Metro FMR Area",3112199999,689,732,961,1323,1612,METRO24260N31121,7675,NE
31,109,99999,Lancaster County,,"Lincoln, NE HUD Metro FMR Area",3110999999,933,1010,1244,1730,1867,METRO30700M30700,322063,NE
31,159,99999,Seward County,,"Seward County, NE HUD Metro FMR Area",3115999999,767,794,1016,1413,1523,METRO30700N31159,17644,NE
31,025,99999,Cass County,,"Omaha-Council Bluffs, NE-IA HUD Metro FMR Area",3102599999,1166,1229,1464,1940,2190,METRO36540M36540,26749,NE
31,055,99999,Douglas County,,"Omaha-Council Bluffs, NE-IA HUD Metro FMR Area",3105599999,1166,1229,1464,1940,2190,METRO36540M36540,582638,NE
31,153,99999,Sarpy County,,"Omaha-Council Bluffs, NE-IA HUD Metro FMR Area",3115399999,1166,1229,1464,1940,2190,METRO36540M36540,191272,NE
31,177,99999,Washington County,,"Omaha-Council Bluffs, NE-IA HUD Metro FMR Area",3117799999,1166,1229,1464,1940,2190,METRO36540M36540,20884,NE
31,155,99999,Saunders County,,"Saunders County, NE HUD Metro FMR Area",3115599999,937,1029,1173,1543,1744,METRO36540N31155,22374,NE
31,043,99999,Dakota County,,"Sioux City, IA-NE-SD MSA",3104399999,855,994,1240,1489,1642,METRO43580M43580,21308,NE
31,001,99999,Adams County,,"Adams County, NE",3100199999,748,854,1012,1335,1340,NCNTY31001N31001,31143,NE
31,003,99999,Antelope County,,"Antelope County, NE",3100399999,666,732,961,1268,1272,NCNTY31003N31003,6302,NE
31,005,99999,Arthur County,,"Arthur County, NE",3100599999,666,732,961,1279,1284,NCNTY31005N31005,485,NE
31,007,99999,Banner County,,"Banner County, NE",3100799999,703,773,1014,1252,1355,NCNTY31007N31007,670,NE
31,009,99999,Blaine County,,"Blaine County, NE",3100999999,672,739,969,1197,1295,NCNTY31009N31009,384,NE
31,011,99999,Boone County,,"Boone County, NE",3101199999,666,732,961,1268,1272,NCNTY31011N31011,5397,NE
31,013,99999,Box Butte County,,"Box Butte County, NE",3101399999,694,762,1000,1230,1336,NCNTY31013N31013,10778,NE
31,015,99999,Boyd County,,"Boyd County, NE",3101599999,666,732,961,1187,1284,NCNTY31015N31015,1767,NE
31,017,99999,Brown County,,"Brown County, NE",3101799999,666,732,961,1279,1284,NCNTY31017N31017,2691,NE
31,019,99999,Buffalo County,,"Buffalo County, NE",3101999999,837,919,1097,1447,1840,NCNTY31019N31019,50103,NE
31,021,99999,Burt County,,"Burt County, NE",3102199999,666,836,961,1231,1384,NCNTY31021N31021,6717,NE
31,023,99999,Butler County,,"Butler County, NE",3102399999,666,732,961,1268,1272,NCNTY31023N31023,8373,NE
31,027,99999,Cedar County,,"Cedar County, NE",3102799999,666,795,961,1268,1612,NCNTY31027N31027,8375,NE
31,029,99999,Chase County,,"Chase County, NE",3102999999,666,738,961,1152,1612,NCNTY31029N31029,3704,NE
31,031,99999,Cherry County,,"Cherry County, NE",3103199999,729,801,1051,1260,1404,NCNTY31031N31031,5473,NE
31,033,99999,Cheyenne County,,"Cheyenne County, NE",3103399999,862,868,1139,1366,1508,NCNTY31033N31033,9489,NE
31,035,99999,Clay County,,"Clay County, NE",3103599999,666,759,961,1152,1304,NCNTY31035N31035,6088,NE
31,037,99999,Colfax County,,"Colfax County, NE",3103799999,791,968,1140,1367,1509,NCNTY31037N31037,10563,NE
31,039,99999,Cuming County,,"Cuming County, NE",3103999999,666,826,961,1268,1272,NCNTY31039N31039,9000,NE
31,041,99999,Custer County,,"Custer County, NE",3104199999,670,736,966,1343,1480,NCNTY31041N31041,10566,NE
31,045,99999,Dawes County,,"Dawes County, NE",3104599999,759,835,1095,1458,1463,NCNTY31045N31045,8279,NE
31,047,99999,Dawson County,,"Dawson County, NE",3104799999,725,926,1046,1331,1385,NCNTY31047N31047,24037,NE
31,049,99999,Deuel County,,"Deuel County, NE",3104999999,666,732,961,1279,1284,NCNTY31049N31049,1858,NE
31,051,99999,Dixon County,,"Dixon County, NE",3105199999,666,862,961,1337,1382,NCNTY31051N31051,5579,NE
31,053,99999,Dodge County,,"Dodge County, NE",3105399999,851,935,1227,1471,1625,NCNTY31053N31053,37175,NE
31,057,99999,Dundy County,,"Dundy County, NE",3105799999,666,746,961,1187,1284,NCNTY31057N31057,1825,NE
31,059,99999,Fillmore County,,"Fillmore County, NE",3105999999,666,877,961,1279,1284,NCNTY31059N31059,5557,NE
31,061,99999,Franklin County,,"Franklin County, NE",3106199999,666,732,961,1187,1284,NCNTY31061N31061,2901,NE
31,063,99999,Frontier County,,"Frontier County, NE",3106399999,666,732,961,1337,1340,NCNTY31063N31063,2491,NE
31,065,99999,Furnas County,,"Furnas County, NE",3106599999,666,859,961,1305,1602,NCNTY31065N31065,4630,NE
31,067,99999,Gage County,,"Gage County, NE",3106799999,685,757,993,1191,1341,NCNTY31067N31067,21654,NE
31,069,99999,Garden County,,"Garden County, NE",3106999999,680,747,980,1175,1298,NCNTY31069N31069,1778,NE
31,071,99999,Garfield County,,"Garfield County, NE",3107199999,666,732,961,1279,1284,NCNTY31071N31071,1833,NE
31,073,99999,Gosper County,,"Gosper County, NE",3107399999,669,735,965,1246,1467,NCNTY31073N31073,1873,NE
31,075,99999,Grant County,,"Grant County, NE",3107599999,703,773,1014,1252,1355,NCNTY31075N31075,649,NE
31,077,99999,Greeley County,,"Greeley County, NE",3107799999,666,732,961,1152,1301,NCNTY31077N31077,2212,NE
31,081,99999,Hamilton County,,"Hamilton County, NE",3108199999,666,824,961,1337,1594,NCNTY31081N31081,9400,NE
31,083,99999,Harlan County,,"Harlan County, NE",3108399999,701,791,1011,1334,1339,NCNTY31083N31083,3094,NE
31,085,99999,Hayes County,,"Hayes County, NE",3108599999,666,732,961,1187,1284,NCNTY31085N31085,919,NE
31,087,99999,Hitchcock County,,"Hitchcock County, NE",3108799999,666,732,961,1152,1496,NCNTY31087N31087,2620,NE
31,089,99999,Holt County,,"Holt County, NE",3108999999,676,818,980,1175,1309,NCNTY31089N31089,10149,NE
31,091,99999,Hooker County,,"Hooker County, NE",3109199999,666,874,961,1187,1284,NCNTY31091N31091,659,NE
31,095,99999,Jefferson County,,"Jefferson County, NE",3109599999,666,759,961,1337,1476,NCNTY31095N31095,7185,NE
31,097,99999,Johnson County,,"Johnson County, NE",3109799999,722,793,1041,1248,1391,NCNTY31097N31097,5294,NE
31,099,99999,Kearney County,,"Kearney County, NE",3109999999,718,789,1035,1241,1383,NCNTY31099N31099,6655,NE
31,101,99999,Keith County,,"Keith County, NE",3110199999,666,760,961,1172,1327,NCNTY31101N31101,8303,NE
31,103,99999,Keya Paha County,,"Keya Paha County, NE",3110399999,703,773,1014,1252,1355,NCNTY31103N31103,987,NE
31,105,99999,Kimball County,,"Kimball County, NE",3110599999,708,732,961,1279,1351,NCNTY31105N31105,3395,NE
31,107,99999,Knox County,,"Knox County, NE",3110799999,666,732,961,1152,1351,NCNTY31107N31107,8415,NE
31,111,99999,Lincoln County,,"Lincoln County, NE",3111199999,838,844,1107,1327,1600,NCNTY31111N31111,34532,NE
31,113,99999,Logan County,,"Logan County, NE",3111399999,666,732,961,1152,1284,NCNTY31113N31113,839,NE
31,115,99999,Loup County,,"Loup County, NE",3111599999,666,732,961,1279,1284,NCNTY31115N31115,629,NE
31,117,99999,McPherson County,,"McPherson County, NE",3111799999,723,795,1043,1288,1394,NCNTY31117N31117,456,NE
31,119,99999,Madison County,,"Madison County, NE",3111999999,716,793,1038,1344,1595,NCNTY31119N31119,35538,NE
31,123,99999,Morrill County,,"Morrill County, NE",3112399999,670,793,966,1158,1291,NCNTY31123N31123,4562,NE
31,125,99999,Nance County,,"Nance County, NE",3112599999,666,732,961,1152,1272,NCNTY31125N31125,3366,NE
31,127,99999,Nemaha County,,"Nemaha County, NE",3112799999,666,732,961,1337,1444,NCNTY31127N31127,7019,NE
31,129,99999,Nuckolls County,,"Nuckolls County, NE",3112999999,666,732,961,1174,1284,NCNTY31129N31129,4092,NE
31,131,99999,Otoe County,,"Otoe County, NE",3113199999,776,853,1119,1492,1558,NCNTY31131N31131,15995,NE
31,133,99999,Pawnee County,,"Pawnee County, NE",3113399999,666,753,961,1152,1284,NCNTY31133N31133,2553,NE
31,135,99999,Perkins County,,"Perkins County, NE",3113599999,666,849,961,1152,1284,NCNTY31135N31135,2860,NE
31,137,99999,Phelps County,,"Phelps County, NE",3113799999,666,760,961,1311,1463,NCNTY31137N31137,8966,NE
31,139,99999,Pierce County,,"Pierce County, NE",3113999999,666,810,961,1152,1541,NCNTY31139N31139,7301,NE
31,141,99999,Platte County,,"Platte County, NE",3114199999,795,874,1147,1513,1519,NCNTY31141N31141,34219,NE
31,143,99999,Polk County,,"Polk County, NE",3114399999,666,732,961,1152,1284,NCNTY31143N31143,5182,NE
31,145,99999,Red Willow County,,"Red Willow County, NE",3114599999,666,732,961,1152,1272,NCNTY31145N31145,10690,NE
31,147,99999,Richardson County,,"Richardson County, NE",3114799999,666,732,961,1152,1272,NCNTY31147N31147,7850,NE
31,149,99999,Rock County,,"Rock County, NE",3114999999,666,732,961,1187,1284,NCNTY31149N31149,1312,NE
31,151,99999,Saline County,,"Saline County, NE",3115199999,700,769,1009,1403,1519,NCNTY31151N31151,14275,NE
31,157,99999,Scotts Bluff County,,"Scotts Bluff County, NE",3115799999,716,793,1033,1376,1462,NCNTY31157N31157,36048,NE
31,161,99999,Sheridan County,,"Sheridan County, NE",3116199999,666,732,961,1152,1497,NCNTY31161N31161,5102,NE
31,163,99999,Sherman County,,"Sherman County, NE",3116399999,666,732,961,1337,1507,NCNTY31163N31163,2970,NE
31,165,99999,Sioux County,,"Sioux County, NE",3116599999,703,773,1014,1252,1355,NCNTY31165N31165,1162,NE
31,167,99999,Stanton County,,"Stanton County, NE",3116799999,825,907,1190,1427,1576,NCNTY31167N31167,5828,NE
31,169,99999,Thayer County,,"Thayer County, NE",3116999999,666,732,961,1152,1272,NCNTY31169N31169,5006,NE
31,171,99999,Thomas County,,"Thomas County, NE",3117199999,703,773,1014,1252,1355,NCNTY31171N31171,592,NE
31,173,99999,Thurston County,,"Thurston County, NE",3117399999,666,799,961,1189,1272,NCNTY31173N31173,6716,NE
31,175,99999,Valley County,,"Valley County, NE",3117599999,666,732,961,1152,1284,NCNTY31175N31175,4053,NE
31,179,99999,Wayne County,,"Wayne County, NE",3117999999,671,737,967,1286,1622,NCNTY31179N31179,9701,NE
31,181,99999,Webster County,,"Webster County, NE",3118199999,666,732,961,1279,1284,NCNTY31181N31181,3410,NE
31,183,99999,Wheeler County,,"Wheeler County, NE",3118399999,666,732,961,1187,1284,NCNTY31183N31183,771,NE
31,185,99999,York County,,"York County, NE",3118599999,743,816,1071,1315,1418,NCNTY31185N31185,14212,NE
32,510,99999,Carson City,,"Carson City, NV MSA",3251099999,1173,1287,1642,2284,2755,METRO16180M16180,58249,NV
32,003,99999,Clark County,,"Las Vegas-Henderson-North Las Vegas, NV MSA",3200399999,1450,1608,1888,2626,3008,METRO29820M29820,2265926,NV
32,029,99999,Storey County,,"Reno, NV HUD Metro FMR Area",3202999999,1404,1621,2036,2764,3211,METRO39900M39900,4095,NV
32,031,99999,Washoe County,,"Reno, NV HUD Metro FMR Area",3203199999,1404,1621,2036,2764,3211,METRO39900M39900,486674,NV
32,019,99999,Lyon County,,"Lyon County, NV HUD Metro FMR Area",3201999999,1129,1136,1343,1868,2253,METRO39900N32019,59435,NV
32,001,99999,Churchill County,,"Churchill County, NV",3200199999,1121,1129,1481,2060,2268,NCNTY32001N32001,25409,NV
32,005,99999,Douglas County,,"Douglas County, NV",3200599999,1186,1384,1720,2392,2885,NCNTY32005N32005,49476,NV
32,007,99999,Elko County,,"Elko County, NV",3200799999,1116,1234,1619,2045,2716,NCNTY32007N32007,53600,NV
32,009,99999,Esmeralda County,,"Esmeralda County, NV",3200999999,1133,1140,1496,2081,2510,NCNTY32009N32009,980,NV
32,011,99999,Eureka County,,"Eureka County, NV",3201199999,1133,1140,1496,2081,2510,NCNTY32011N32011,1622,NV
32,013,99999,Humboldt County,,"Humboldt County, NV",3201399999,1058,1065,1397,1742,2344,NCNTY32013N32013,17266,NV
32,015,99999,Lander County,,"Lander County, NV",3201599999,965,971,1274,1618,2137,NCNTY32015N32015,5728,NV
32,017,99999,Lincoln County,,"Lincoln County, NV",3201799999,890,1006,1163,1617,1951,NCNTY32017N32017,4507,NV
32,021,99999,Mineral County,,"Mineral County, NV",3202199999,1212,1220,1601,2227,2686,NCNTY32021N32021,4568,NV
32,023,99999,Nye County,,"Nye County, NV",3202399999,995,1065,1300,1801,2181,NCNTY32023N32023,51698,NV
32,027,99999,Pershing County,,"Pershing County, NV",3202799999,802,934,1048,1458,1758,NCNTY32027N32027,6587,NV
32,033,99999,White Pine County,,"White Pine County, NV",3203399999,1032,1039,1363,1778,2286,NCNTY32033N32033,8997,NV
33,015,68260,Rockingham County,Seabrook town,"Boston-Cambridge-Quincy, MA-NH HUD Metro FMR Area",3301568260,2462,2584,3069,3680,4063,METRO14460MM1120,8427,NH
33,015,71140,Rockingham County,South Hampton town,"Boston-Cambridge-Quincy, MA-NH HUD Metro FMR Area",3301571140,2462,2584,3069,3680,4063,METRO14460MM1120,953,NH
33,015,02340,Rockingham County,Atkinson town,"Lawrence, MA-NH HUD Metro FMR Area",3301502340,1690,1868,2451,2939,3245,METRO14460MM4160,7222,NH
33,015,12100,Rockingham County,Chester town,"Lawrence, MA-NH HUD Metro FMR Area",3301512100,1690,1868,2451,2939,3245,METRO14460MM4160,5263,NH
33,015,17140,Rockingham County,Danville town,"Lawrence, MA-NH HUD Metro FMR Area",3301517140,1690,1868,2451,2939,3245,METRO14460MM4160,4489,NH
33,015,17940,Rockingham County,Derry town,"Lawrence, MA-NH HUD Metro FMR Area",3301517940,1690,1868,2451,2939,3245,METRO14460MM4160,34335,NH
33,015,27940,Rockingham County,Fremont town,"Lawrence, MA-NH HUD Metro FMR Area",3301527940,1690,1868,2451,2939,3245,METRO14460MM4160,4783,NH
33,015,32900,Rockingham County,Hampstead town,"Lawrence, MA-NH HUD Metro FMR Area",3301532900,1690,1868,2451,2939,3245,METRO14460MM4160,9062,NH
33,015,40100,Rockingham County,Kingston town,"Lawrence, MA-NH HUD Metro FMR Area",3301540100,1690,1868,2451,2939,3245,METRO14460MM4160,6261,NH
33,015,52900,Rockingham County,Newton town,"Lawrence, MA-NH HUD Metro FMR Area",3301552900,1690,1868,2451,2939,3245,METRO14460MM4160,4825,NH
33,015,62500,Rockingham County,Plaistow town,"Lawrence, MA-NH HUD Metro FMR Area",3301562500,1690,1868,2451,2939,3245,METRO14460MM4160,7850,NH
33,015,64020,Rockingham County,Raymond town,"Lawrence, MA-NH HUD Metro FMR Area",3301564020,1690,1868,2451,2939,3245,METRO14460MM4160,10837,NH
33,015,66660,Rockingham County,Salem town,"Lawrence, MA-NH HUD Metro FMR Area",3301566660,1690,1868,2451,2939,3245,METRO14460MM4160,30646,NH
33,015,67620,Rockingham County,Sandown town,"Lawrence, MA-NH HUD Metro FMR Area",3301567620,1690,1868,2451,2939,3245,METRO14460MM4160,6590,NH
33,015,85780,Rockingham County,Windham town,"Lawrence, MA-NH HUD Metro FMR Area",3301585780,1690,1868,2451,2939,3245,METRO14460MM4160,15922,NH
33,015,02820,Rockingham County,Auburn town,"Western Rockingham County, NH HUD Metro FMR Area",3301502820,1807,1819,2387,3299,3311,METRO14460MM4760,6031,NH
33,015,09300,Rockingham County,Candia town,"Western Rockingham County, NH HUD Metro FMR Area",3301509300,1807,1819,2387,3299,3311,METRO14460MM4760,4087,NH
33,015,17460,Rockingham County,Deerfield town,"Western Rockingham County, NH HUD Metro FMR Area",3301517460,1807,1819,2387,3299,3311,METRO14460MM4760,4901,NH
33,015,43220,Rockingham County,Londonderry town,"Western Rockingham County, NH HUD Metro FMR Area",3301543220,1807,1819,2387,3299,3311,METRO14460MM4760,26217,NH
33,015,56820,Rockingham County,Northwood town,"Western Rockingham County, NH HUD Metro FMR Area",3301556820,1807,1819,2387,3299,3311,METRO14460MM4760,4653,NH
33,015,57460,Rockingham County,Nottingham town,"Western Rockingham County, NH HUD Metro FMR Area",3301557460,1807,1819,2387,3299,3311,METRO14460MM4760,5304,NH
33,015,07220,Rockingham County,Brentwood town,"Portsmouth-Rochester, NH HUD Metro FMR Area",3301507220,1731,1814,2373,2913,3181,METRO14460MM6450,4575,NH
33,015,21380,Rockingham County,East Kingston town,"Portsmouth-Rochester, NH HUD Metro FMR Area",3301521380,1731,1814,2373,2913,3181,METRO14460MM6450,2274,NH
33,015,24660,Rockingham County,Epping town,"Portsmouth-Rochester, NH HUD Metro FMR Area",3301524660,1731,1814,2373,2913,3181,METRO14460MM6450,7300,NH
33,015,25380,Rockingham County,Exeter town,"Portsmouth-Rochester, NH HUD Metro FMR Area",3301525380,1731,1814,2373,2913,3181,METRO14460MM6450,16098,NH
33,015,31700,Rockingham County,Greenland town,"Portsmouth-Rochester, NH HUD Metro FMR Area",3301531700,1731,1814,2373,2913,3181,METRO14460MM6450,4070,NH
33,015,33060,Rockingham County,Hampton town,"Portsmouth-Rochester, NH HUD Metro FMR Area",3301533060,1731,1814,2373,2913,3181,METRO14460MM6450,16366,NH
33,015,33460,Rockingham County,Hampton Falls town,"Portsmouth-Rochester, NH HUD Metro FMR Area",3301533460,1731,1814,2373,2913,3181,METRO14460MM6450,2357,NH
33,015,39780,Rockingham County,Kensington town,"Portsmouth-Rochester, NH HUD Metro FMR Area",3301539780,1731,1814,2373,2913,3181,METRO14460MM6450,1989,NH
33,015,50980,Rockingham County,New Castle town,"Portsmouth-Rochester, NH HUD Metro FMR Area",3301550980,1731,1814,2373,2913,3181,METRO14460MM6450,948,NH
33,015,51380,Rockingham County,Newfields town,"Portsmouth-Rochester, NH HUD Metro FMR Area",3301551380,1731,1814,2373,2913,3181,METRO14460MM6450,2010,NH
33,015,51620,Rockingham County,Newington town,"Portsmouth-Rochester, NH HUD Metro FMR Area",3301551620,1731,1814,2373,2913,3181,METRO14460MM6450,899,NH
33,015,52340,Rockingham County,Newmarket town,"Portsmouth-Rochester, NH HUD Metro FMR Area",3301552340,1731,1814,2373,2913,3181,METRO14460MM6450,9431,NH
33,015,54580,Rockingham County,North Hampton town,"Portsmouth-Rochester, NH HUD Metro FMR Area",3301554580,1731,1814,2373,2913,3181,METRO14460MM6450,4537,NH
33,015,62900,Rockingham County,Portsmouth city,"Portsmouth-Rochester, NH HUD Metro FMR Area",3301562900,1731,1814,2373,2913,3181,METRO14460MM6450,22332,NH
33,015,66180,Rockingham County,Rye town,"Portsmouth-Rochester, NH HUD Metro FMR Area",3301566180,1731,1814,2373,2913,3181,METRO14460MM6450,5577,NH
33,015,74340,Rockingham County,Stratham town,"Portsmouth-Rochester, NH HUD Metro FMR Area",3301574340,1731,1814,2373,2913,3181,METRO14460MM6450,7742,NH
33,017,03460,Strafford County,Barrington town,"Portsmouth-Rochester, NH HUD Metro FMR Area",3301703460,1731,1814,2373,2913,3181,METRO14460MM6450,9420,NH
33,017,18820,Strafford County,Dover city,"Portsmouth-Rochester, NH HUD Metro FMR Area",3301718820,1731,1814,2373,2913,3181,METRO14460MM6450,33070,NH
33,017,19700,Strafford County,Durham town,"Portsmouth-Rochester, NH HUD Metro FMR Area",3301719700,1731,1814,2373,2913,3181,METRO14460MM6450,15054,NH
33,017,26020,Strafford County,Farmington town,"Portsmouth-Rochester, NH HUD Metro FMR Area",3301726020,1731,1814,2373,2913,3181,METRO14460MM6450,6786,NH
33,017,41460,Strafford County,Lee town,"Portsmouth-Rochester, NH HUD Metro FMR Area",3301741460,1731,1814,2373,2913,3181,METRO14460MM6450,4558,NH
33,017,44820,Strafford County,Madbury town,"Portsmouth-Rochester, NH HUD Metro FMR Area",3301744820,1731,1814,2373,2913,3181,METRO14460MM6450,2121,NH
33,017,47700,Strafford County,Middleton town,"Portsmouth-Rochester, NH HUD Metro FMR Area",3301747700,1731,1814,2373,2913,3181,METRO14460MM6450,1654,NH
33,017,48660,Strafford County,Milton town,"Portsmouth-Rochester, NH HUD Metro FMR Area",3301748660,1731,1814,2373,2913,3181,METRO14460MM6450,4531,NH
33,017,51220,Strafford County,New Durham town,"Portsmouth-Rochester, NH HUD Metro FMR Area",3301751220,1731,1814,2373,2913,3181,METRO14460MM6450,2735,NH
33,017,65140,Strafford County,Rochester city,"Portsmouth-Rochester, NH HUD Metro FMR Area",3301765140,1731,1814,2373,2913,3181,METRO14460MM6450,32866,NH
33,017,65540,Strafford County,Rollinsford town,"Portsmouth-Rochester, NH HUD Metro FMR Area",3301765540,1731,1814,2373,2913,3181,METRO14460MM6450,2617,NH
33,017,69940,Strafford County,Somersworth city,"Portsmouth-Rochester, NH HUD Metro FMR Area",3301769940,1731,1814,2373,2913,3181,METRO14460MM6450,12060,NH
33,017,73860,Strafford County,Strafford town,"Portsmouth-Rochester, NH HUD Metro FMR Area",3301773860,1731,1814,2373,2913,3181,METRO14460MM6450,4271,NH
33,011,04500,Hillsborough County,Bedford town,"Manchester, NH HUD Metro FMR Area",3301104500,1531,1692,2220,2662,2939,METRO31700MM4760,23580,NH
33,011,29860,Hillsborough County,Goffstown town,"Manchester, NH HUD Metro FMR Area",3301129860,1531,1692,2220,2662,2939,METRO31700MM4760,18526,NH
33,011,45140,Hillsborough County,Manchester city,"Manchester, NH HUD Metro FMR Area",3301145140,1531,1692,2220,2662,2939,METRO31700MM4760,115415,NH
33,011,79780,Hillsborough County,Weare town,"Manchester, NH HUD Metro FMR Area",3301179780,1531,1692,2220,2662,2939,METRO31700MM4760,9141,NH
33,011,01300,Hillsborough County,Amherst town,"Nashua, NH HUD Metro FMR Area",3301101300,1582,1805,2295,3045,3238,METRO31700MM5350,11821,NH
33,011,08100,Hillsborough County,Brookline town,"Nashua, NH HUD Metro FMR Area",3301108100,1582,1805,2295,3045,3238,METRO31700MM5350,5697,NH
33,011,31940,Hillsborough County,Greenville town,"Nashua, NH HUD Metro FMR Area",3301131940,1582,1805,2295,3045,3238,METRO31700MM5350,2219,NH
33,011,37140,Hillsborough County,Hollis town,"Nashua, NH HUD Metro FMR Area",3301137140,1582,1805,2295,3045,3238,METRO31700MM5350,8530,NH
33,011,37940,Hillsborough County,Hudson town,"Nashua, NH HUD Metro FMR Area",3301137940,1582,1805,2295,3045,3238,METRO31700MM5350,25476,NH
33,011,42260,Hillsborough County,Litchfield town,"Nashua, NH HUD Metro FMR Area",3301142260,1582,1805,2295,3045,3238,METRO31700MM5350,8495,NH
33,011,46260,Hillsborough County,Mason town,"Nashua, NH HUD Metro FMR Area",3301146260,1582,1805,2295,3045,3238,METRO31700MM5350,1443,NH
33,011,47540,Hillsborough County,Merrimack town,"Nashua, NH HUD Metro FMR Area",3301147540,1582,1805,2295,3045,3238,METRO31700MM5350,27656,NH
33,011,48020,Hillsborough County,Milford town,"Nashua, NH HUD Metro FMR Area",3301148020,1582,1805,2295,3045,3238,METRO31700MM5350,16258,NH
33,011,49140,Hillsborough County,Mont Vernon town,"Nashua, NH HUD Metro FMR Area",3301149140,1582,1805,2295,3045,3238,METRO31700MM5350,2619,NH
33,011,50260,Hillsborough County,Nashua city,"Nashua, NH HUD Metro FMR Area",3301150260,1582,1805,2295,3045,3238,METRO31700MM5350,91131,NH
33,011,51940,Hillsborough County,New Ipswich town,"Nashua, NH HUD Metro FMR Area",3301151940,1582,1805,2295,3045,3238,METRO31700MM5350,5274,NH
33,011,59940,Hillsborough County,Pelham town,"Nashua, NH HUD Metro FMR Area",3301159940,1582,1805,2295,3045,3238,METRO31700MM5350,14333,NH
33,011,85220,Hillsborough County,Wilton town,"Nashua, NH HUD Metro FMR Area",3301185220,1582,1805,2295,3045,3238,METRO31700MM5350,3935,NH
33,011,01700,Hillsborough County,Antrim town,"Hillsborough County, NH (part) HUD Metro FMR Area",3301101700,1379,1389,1822,2185,3050,METRO31700N33011,2657,NH
33,011,04900,Hillsborough County,Bennington town,"Hillsborough County, NH (part) HUD Metro FMR Area",3301104900,1379,1389,1822,2185,3050,METRO31700N33011,1494,NH
33,011,17780,Hillsborough County,Deering town,"Hillsborough County, NH (part) HUD Metro FMR Area",3301117780,1379,1389,1822,2185,3050,METRO31700N33011,1843,NH
33,011,27140,Hillsborough County,Francestown town,"Hillsborough County, NH (part) HUD Metro FMR Area",3301127140,1379,1389,1822,2185,3050,METRO31700N33011,1347,NH
33,011,31540,Hillsborough County,Greenfield town,"Hillsborough County, NH (part) HUD Metro FMR Area",3301131540,1379,1389,1822,2185,3050,METRO31700N33011,1816,NH
33,011,33700,Hillsborough County,Hancock town,"Hillsborough County, NH (part) HUD Metro FMR Area",3301133700,1379,1389,1822,2185,3050,METRO31700N33011,1757,NH
33,011,36180,Hillsborough County,Hillsborough town,"Hillsborough County, NH (part) HUD Metro FMR Area",3301136180,1379,1389,1822,2185,3050,METRO31700N33011,5967,NH
33,011,44580,Hillsborough County,Lyndeborough town,"Hillsborough County, NH (part) HUD Metro FMR Area",3301144580,1379,1389,1822,2185,3050,METRO31700N33011,1699,NH
33,011,50740,Hillsborough County,New Boston town,"Hillsborough County, NH (part) HUD Metro FMR Area",3301150740,1379,1389,1822,2185,3050,METRO31700N33011,6131,NH
33,011,60580,Hillsborough County,Peterborough town,"Hillsborough County, NH (part) HUD Metro FMR Area",3301160580,1379,1389,1822,2185,3050,METRO31700N33011,6456,NH
33,011,68820,Hillsborough County,Sharon town,"Hillsborough County, NH (part) HUD Metro FMR Area",3301168820,1379,1389,1822,2185,3050,METRO31700N33011,440,NH
33,011,76260,Hillsborough County,Temple town,"Hillsborough County, NH (part) HUD Metro FMR Area",3301176260,1379,1389,1822,2185,3050,METRO31700N33011,1367,NH
33,011,85940,Hillsborough County,Windsor town,"Hillsborough County, NH (part) HUD Metro FMR Area",3301185940,1379,1389,1822,2185,3050,METRO31700N33011,209,NH
33,001,01060,Belknap County,Alton town,"Belknap County, NH",3300101060,1336,1534,1938,2389,2882,NCNTY33001N33001,5953,NH
33,001,03220,Belknap County,Barnstead town,"Belknap County, NH",3300103220,1336,1534,1938,2389,2882,NCNTY33001N33001,4972,NH
33,001,04740,Belknap County,Belmont town,"Belknap County, NH",3300104740,1336,1534,1938,2389,2882,NCNTY33001N33001,7383,NH
33,001,10660,Belknap County,Center Harbor town,"Belknap County, NH",3300110660,1336,1534,1938,2389,2882,NCNTY33001N33001,958,NH
33,001,28740,Belknap County,Gilford town,"Belknap County, NH",3300128740,1336,1534,1938,2389,2882,NCNTY33001N33001,7785,NH
33,001,28980,Belknap County,Gilmanton town,"Belknap County, NH",3300128980,1336,1534,1938,2389,2882,NCNTY33001N33001,3997,NH
33,001,40180,Belknap County,Laconia city,"Belknap County, NH",3300140180,1336,1534,1938,2389,2882,NCNTY33001N33001,16982,NH
33,001,47140,Belknap County,Meredith town,"Belknap County, NH",3300147140,1336,1534,1938,2389,2882,NCNTY33001N33001,6706,NH
33,001,51540,Belknap County,New Hampton town,"Belknap County, NH",3300151540,1336,1534,1938,2389,2882,NCNTY33001N33001,2484,NH
33,001,67300,Belknap County,Sanbornton town,"Belknap County, NH",3300167300,1336,1534,1938,2389,2882,NCNTY33001N33001,3054,NH
33,001,77060,Belknap County,Tilton town,"Belknap County, NH",3300177060,1336,1534,1938,2389,2882,NCNTY33001N33001,4026,NH
33,003,00420,Carroll County,Albany town,"Carroll County, NH",3300300420,1253,1414,1800,2478,2985,NCNTY33003N33003,819,NH
33,003,03700,Carroll County,Bartlett town,"Carroll County, NH",3300303700,1253,1414,1800,2478,2985,NCNTY33003N33003,3257,NH
33,003,07940,Carroll County,Brookfield town,"Carroll County, NH",3300307940,1253,1414,1800,2478,2985,NCNTY33003N33003,653,NH
33,003,11780,Carroll County,Chatham town,"Carroll County, NH",3300311780,1253,1414,1800,2478,2985,NCNTY33003N33003,433,NH
33,003,14660,Carroll County,Conway town,"Carroll County, NH",3300314660,1253,1414,1800,2478,2985,NCNTY33003N33003,10068,NH
33,003,23380,Carroll County,Eaton town,"Carroll County, NH",3300323380,1253,1414,1800,2478,2985,NCNTY33003N33003,423,NH
33,003,23620,Carroll County,Effingham town,"Carroll County, NH",3300323620,1253,1414,1800,2478,2985,NCNTY33003N33003,1758,NH
33,003,27700,Carroll County,Freedom town,"Carroll County, NH",3300327700,1253,1414,1800,2478,2985,NCNTY33003N33003,1369,NH
33,003,32500,Carroll County,Hale's location,"Carroll County, NH",3300332500,1253,1414,1800,2478,2985,NCNTY33003N33003,216,NH
33,003,34500,Carroll County,Hart's Location town,"Carroll County, NH",3300334500,1253,1414,1800,2478,2985,NCNTY33003N33003,49,NH
33,003,38260,Carroll County,Jackson town,"Carroll County, NH",3300338260,1253,1414,1800,2478,2985,NCNTY33003N33003,1046,NH
33,003,45060,Carroll County,Madison town,"Carroll County, NH",3300345060,1253,1414,1800,2478,2985,NCNTY33003N33003,2634,NH
33,003,49380,Carroll County,Moultonborough town,"Carroll County, NH",3300349380,1253,1414,1800,2478,2985,NCNTY33003N33003,5043,NH
33,003,58740,Carroll County,Ossipee town,"Carroll County, NH",3300358740,1253,1414,1800,2478,2985,NCNTY33003N33003,4478,NH
33,003,67780,Carroll County,Sandwich town,"Carroll County, NH",3300367780,1253,1414,1800,2478,2985,NCNTY33003N33003,1745,NH
33,003,76100,Carroll County,Tamworth town,"Carroll County, NH",3300376100,1253,1414,1800,2478,2985,NCNTY33003N33003,2867,NH
33,003,77620,Carroll County,Tuftonboro town,"Carroll County, NH",3300377620,1253,1414,1800,2478,2985,NCNTY33003N33003,2536,NH
33,003,78180,Carroll County,Wakefield town,"Carroll County, NH",3300378180,1253,1414,1800,2478,2985,NCNTY33003N33003,5337,NH
33,003,86420,Carroll County,Wolfeboro town,"Carroll County, NH",3300386420,1253,1414,1800,2478,2985,NCNTY33003N33003,6528,NH
33,005,00820,Cheshire County,Alstead town,"Cheshire County, NH",3300500820,1437,1588,2084,2725,2759,NCNTY33005N33005,1625,NH
33,005,12260,Cheshire County,Chesterfield town,"Cheshire County, NH",3300512260,1437,1588,2084,2725,2759,NCNTY33005N33005,3592,NH
33,005,19140,Cheshire County,Dublin town,"Cheshire County, NH",3300519140,1437,1588,2084,2725,2759,NCNTY33005N33005,1632,NH
33,005,26500,Cheshire County,Fitzwilliam town,"Cheshire County, NH",3300526500,1437,1588,2084,2725,2759,NCNTY33005N33005,2317,NH
33,005,29220,Cheshire County,Gilsum town,"Cheshire County, NH",3300529220,1437,1588,2084,2725,2759,NCNTY33005N33005,719,NH
33,005,34420,Cheshire County,Harrisville town,"Cheshire County, NH",3300534420,1437,1588,2084,2725,2759,NCNTY33005N33005,942,NH
33,005,36660,Cheshire County,Hinsdale town,"Cheshire County, NH",3300536660,1437,1588,2084,2725,2759,NCNTY33005N33005,3987,NH
33,005,38500,Cheshire County,Jaffrey town,"Cheshire County, NH",3300538500,1437,1588,2084,2725,2759,NCNTY33005N33005,5413,NH
33,005,39300,Cheshire County,Keene city,"Cheshire County, NH",3300539300,1437,1588,2084,2725,2759,NCNTY33005N33005,22923,NH
33,005,45460,Cheshire County,Marlborough town,"Cheshire County, NH",3300545460,1437,1588,2084,2725,2759,NCNTY33005N33005,2121,NH
33,005,45700,Cheshire County,Marlow town,"Cheshire County, NH",3300545700,1437,1588,2084,2725,2759,NCNTY33005N33005,848,NH
33,005,50580,Cheshire County,Nelson town,"Cheshire County, NH",3300550580,1437,1588,2084,2725,2759,NCNTY33005N33005,586,NH
33,005,64420,Cheshire County,Richmond town,"Cheshire County, NH",3300564420,1437,1588,2084,2725,2759,NCNTY33005N33005,1225,NH
33,005,64580,Cheshire County,Rindge town,"Cheshire County, NH",3300564580,1437,1588,2084,2725,2759,NCNTY33005N33005,6482,NH
33,005,65700,Cheshire County,Roxbury town,"Cheshire County, NH",3300565700,1437,1588,2084,2725,2759,NCNTY33005N33005,276,NH
33,005,73700,Cheshire County,Stoddard town,"Cheshire County, NH",3300573700,1437,1588,2084,2725,2759,NCNTY33005N33005,1156,NH
33,005,74900,Cheshire County,Sullivan town,"Cheshire County, NH",3300574900,1437,1588,2084,2725,2759,NCNTY33005N33005,699,NH
33,005,75300,Cheshire County,Surry town,"Cheshire County, NH",3300575300,1437,1588,2084,2725,2759,NCNTY33005N33005,998,NH
33,005,75700,Cheshire County,Swanzey town,"Cheshire County, NH",3300575700,1437,1588,2084,2725,2759,NCNTY33005N33005,7351,NH
33,005,77380,Cheshire County,Troy town,"Cheshire County, NH",3300577380,1437,1588,2084,2725,2759,NCNTY33005N33005,2034,NH
33,005,78420,Cheshire County,Walpole town,"Cheshire County, NH",3300578420,1437,1588,2084,2725,2759,NCNTY33005N33005,3671,NH
33,005,82660,Cheshire County,Westmoreland town,"Cheshire County, NH",3300582660,1437,1588,2084,2725,2759,NCNTY33005N33005,2146,NH
33,005,85540,Cheshire County,Winchester town,"Cheshire County, NH",3300585540,1437,1588,2084,2725,2759,NCNTY33005N33005,4202,NH
33,007,02420,Coos County,Atkinson and Gilmanton Academy grant,"Coos County, NH",3300702420,1046,1053,1363,1802,1809,NCNTY33007N33007,0,NH
33,007,04100,Coos County,Beans grant,"Coos County, NH",3300704100,1046,1053,1363,1802,1809,NCNTY33007N33007,0,NH
33,007,04260,Coos County,Beans purchase,"Coos County, NH",3300704260,1046,1053,1363,1802,1809,NCNTY33007N33007,0,NH
33,007,05140,Coos County,Berlin city,"Coos County, NH",3300705140,1046,1053,1363,1802,1809,NCNTY33007N33007,9473,NH
33,007,08420,Coos County,Cambridge township,"Coos County, NH",3300708420,1046,1053,1363,1802,1809,NCNTY33007N33007,21,NH
33,007,10100,Coos County,Carroll town,"Coos County, NH",3300710100,1046,1053,1363,1802,1809,NCNTY33007N33007,715,NH
33,007,11220,Coos County,Chandlers purchase,"Coos County, NH",3300711220,1046,1053,1363,1802,1809,NCNTY33007N33007,0,NH
33,007,13220,Coos County,Clarksville town,"Coos County, NH",3300713220,1046,1053,1363,1802,1809,NCNTY33007N33007,281,NH
33,007,13780,Coos County,Colebrook town,"Coos County, NH",3300713780,1046,1053,1363,1802,1809,NCNTY33007N33007,1871,NH
33,007,13940,Coos County,Columbia town,"Coos County, NH",3300713940,1046,1053,1363,1802,1809,NCNTY33007N33007,710,NH
33,007,16100,Coos County,Crawfords purchase,"Coos County, NH",3300716100,1046,1053,1363,1802,1809,NCNTY33007N33007,0,NH
33,007,16660,Coos County,Cutts grant,"Coos County, NH",3300716660,1046,1053,1363,1802,1809,NCNTY33007N33007,0,NH
33,007,16820,Coos County,Dalton town,"Coos County, NH",3300716820,1046,1053,1363,1802,1809,NCNTY33007N33007,964,NH
33,007,18340,Coos County,Dixs grant,"Coos County, NH",3300718340,1046,1053,1363,1802,1809,NCNTY33007N33007,0,NH
33,007,18420,Coos County,Dixville township,"Coos County, NH",3300718420,1046,1053,1363,1802,1809,NCNTY33007N33007,8,NH
33,007,19300,Coos County,Dummer town,"Coos County, NH",3300719300,1046,1053,1363,1802,1809,NCNTY33007N33007,320,NH
33,007,25140,Coos County,Errol town,"Coos County, NH",3300725140,1046,1053,1363,1802,1809,NCNTY33007N33007,296,NH
33,007,25180,Coos County,Ervings location,"Coos County, NH",3300725180,1046,1053,1363,1802,1809,NCNTY33007N33007,0,NH
33,007,30260,Coos County,Gorham town,"Coos County, NH",3300730260,1046,1053,1363,1802,1809,NCNTY33007N33007,2695,NH
33,007,31780,Coos County,Greens grant,"Coos County, NH",3300731780,1046,1053,1363,1802,1809,NCNTY33007N33007,25,NH
33,007,32420,Coos County,Hadleys purchase,"Coos County, NH",3300732420,1046,1053,1363,1802,1809,NCNTY33007N33007,0,NH
33,007,38820,Coos County,Jefferson town,"Coos County, NH",3300738820,1046,1053,1363,1802,1809,NCNTY33007N33007,1012,NH
33,007,39940,Coos County,Kilkenny township,"Coos County, NH",3300739940,1046,1053,1363,1802,1809,NCNTY33007N33007,0,NH
33,007,40420,Coos County,Lancaster town,"Coos County, NH",3300740420,1046,1053,1363,1802,1809,NCNTY33007N33007,3227,NH
33,007,43620,Coos County,Low and Burbanks grant,"Coos County, NH",3300743620,1046,1053,1363,1802,1809,NCNTY33007N33007,0,NH
33,007,46020,Coos County,Martins location,"Coos County, NH",3300746020,1046,1053,1363,1802,1809,NCNTY33007N33007,0,NH
33,007,47860,Coos County,Milan town,"Coos County, NH",3300747860,1046,1053,1363,1802,1809,NCNTY33007N33007,1354,NH
33,007,48260,Coos County,Millsfield township,"Coos County, NH",3300748260,1046,1053,1363,1802,1809,NCNTY33007N33007,5,NH
33,007,56100,Coos County,Northumberland town,"Coos County, NH",3300756100,1046,1053,1363,1802,1809,NCNTY33007N33007,1900,NH
33,007,57860,Coos County,Odell township,"Coos County, NH",3300757860,1046,1053,1363,1802,1809,NCNTY33007N33007,0,NH
33,007,61620,Coos County,Pinkhams grant,"Coos County, NH",3300761620,1046,1053,1363,1802,1809,NCNTY33007N33007,8,NH
33,007,61780,Coos County,Pittsburg town,"Coos County, NH",3300761780,1046,1053,1363,1802,1809,NCNTY33007N33007,691,NH
33,007,63860,Coos County,Randolph town,"Coos County, NH",3300763860,1046,1053,1363,1802,1809,NCNTY33007N33007,381,NH
33,007,67860,Coos County,Sargents purchase,"Coos County, NH",3300767860,1046,1053,1363,1802,1809,NCNTY33007N33007,42,NH
33,007,68500,Coos County,Second College grant,"Coos County, NH",3300768500,1046,1053,1363,1802,1809,NCNTY33007N33007,0,NH
33,007,68980,Coos County,Shelburne town,"Coos County, NH",3300768980,1046,1053,1363,1802,1809,NCNTY33007N33007,515,NH
33,007,73060,Coos County,Stark town,"Coos County, NH",3300773060,1046,1053,1363,1802,1809,NCNTY33007N33007,519,NH
33,007,73380,Coos County,Stewartstown town,"Coos County, NH",3300773380,1046,1053,1363,1802,1809,NCNTY33007N33007,1012,NH
33,007,74180,Coos County,Stratford town,"Coos County, NH",3300774180,1046,1053,1363,1802,1809,NCNTY33007N33007,832,NH
33,007,74500,Coos County,Success township,"Coos County, NH",3300774500,1046,1053,1363,1802,1809,NCNTY33007N33007,0,NH
33,007,76580,Coos County,Thompson and Meserves purchase,"Coos County, NH",3300776580,1046,1053,1363,1802,1809,NCNTY33007N33007,0,NH
33,007,80740,Coos County,Wentworth location,"Coos County, NH",3300780740,1046,1053,1363,1802,1809,NCNTY33007N33007,12,NH
33,007,84420,Coos County,Whitefield town,"Coos County, NH",3300784420,1046,1053,1363,1802,1809,NCNTY33007N33007,2497,NH
33,009,00580,Grafton County,Alexandria town,"Grafton County, NH",3300900580,1635,1646,2160,2930,2976,NCNTY33009N33009,1919,NH
33,009,02020,Grafton County,Ashland town,"Grafton County, NH",3300902020,1635,1646,2160,2930,2976,NCNTY33009N33009,2207,NH
33,009,03940,Grafton County,Bath town,"Grafton County, NH",3300903940,1635,1646,2160,2930,2976,NCNTY33009N33009,1049,NH
33,009,05060,Grafton County,Benton town,"Grafton County, NH",3300905060,1635,1646,2160,2930,2976,NCNTY33009N33009,377,NH
33,009,05460,Grafton County,Bethlehem town,"Grafton County, NH",3300905460,1635,1646,2160,2930,2976,NCNTY33009N33009,2523,NH
33,009,07540,Grafton County,Bridgewater town,"Grafton County, NH",3300907540,1635,1646,2160,2930,2976,NCNTY33009N33009,1290,NH
33,009,07700,Grafton County,Bristol town,"Grafton County, NH",3300907700,1635,1646,2160,2930,2976,NCNTY33009N33009,3265,NH
33,009,08660,Grafton County,Campton town,"Grafton County, NH",3300908660,1635,1646,2160,2930,2976,NCNTY33009N33009,3380,NH
33,009,08980,Grafton County,Canaan town,"Grafton County, NH",3300908980,1635,1646,2160,2930,2976,NCNTY33009N33009,3801,NH
33,009,18740,Grafton County,Dorchester town,"Grafton County, NH",3300918740,1635,1646,2160,2930,2976,NCNTY33009N33009,431,NH
33,009,22020,Grafton County,Easton town,"Grafton County, NH",3300922020,1635,1646,2160,2930,2976,NCNTY33009N33009,360,NH
33,009,23860,Grafton County,Ellsworth town,"Grafton County, NH",3300923860,1635,1646,2160,2930,2976,NCNTY33009N33009,56,NH
33,009,24340,Grafton County,Enfield town,"Grafton County, NH",3300924340,1635,1646,2160,2930,2976,NCNTY33009N33009,4488,NH
33,009,27300,Grafton County,Franconia town,"Grafton County, NH",3300927300,1635,1646,2160,2930,2976,NCNTY33009N33009,1133,NH
33,009,30820,Grafton County,Grafton town,"Grafton County, NH",3300930820,1635,1646,2160,2930,2976,NCNTY33009N33009,1248,NH
33,009,32180,Grafton County,Groton town,"Grafton County, NH",3300932180,1635,1646,2160,2930,2976,NCNTY33009N33009,483,NH
33,009,33860,Grafton County,Hanover town,"Grafton County, NH",3300933860,1635,1646,2160,2930,2976,NCNTY33009N33009,11702,NH
33,009,34820,Grafton County,Haverhill town,"Grafton County, NH",3300934820,1635,1646,2160,2930,2976,NCNTY33009N33009,4608,NH
33,009,35220,Grafton County,Hebron town,"Grafton County, NH",3300935220,1635,1646,2160,2930,2976,NCNTY33009N33009,817,NH
33,009,36900,Grafton County,Holderness town,"Grafton County, NH",3300936900,1635,1646,2160,2930,2976,NCNTY33009N33009,1908,NH
33,009,40660,Grafton County,Landaff town,"Grafton County, NH",3300940660,1635,1646,2160,2930,2976,NCNTY33009N33009,431,NH
33,009,41300,Grafton County,Lebanon city,"Grafton County, NH",3300941300,1635,1646,2160,2930,2976,NCNTY33009N33009,14759,NH
33,009,41860,Grafton County,Lincoln town,"Grafton County, NH",3300941860,1635,1646,2160,2930,2976,NCNTY33009N33009,1484,NH
33,009,42020,Grafton County,Lisbon town,"Grafton County, NH",3300942020,1635,1646,2160,2930,2976,NCNTY33009N33009,1633,NH
33,009,42580,Grafton County,Littleton town,"Grafton County, NH",3300942580,1635,1646,2160,2930,2976,NCNTY33009N33009,6031,NH
33,009,42820,Grafton County,Livermore town,"Grafton County, NH",3300942820,1635,1646,2160,2930,2976,NCNTY33009N33009,0,NH
33,009,44100,Grafton County,Lyman town,"Grafton County, NH",3300944100,1635,1646,2160,2930,2976,NCNTY33009N33009,487,NH
33,009,44260,Grafton County,Lyme town,"Grafton County, NH",3300944260,1635,1646,2160,2930,2976,NCNTY33009N33009,1672,NH
33,009,48980,Grafton County,Monroe town,"Grafton County, NH",3300948980,1635,1646,2160,2930,2976,NCNTY33009N33009,807,NH
33,009,58340,Grafton County,Orange town,"Grafton County, NH",3300958340,1635,1646,2160,2930,2976,NCNTY33009N33009,301,NH
33,009,58500,Grafton County,Orford town,"Grafton County, NH",3300958500,1635,1646,2160,2930,2976,NCNTY33009N33009,1289,NH
33,009,61060,Grafton County,Piermont town,"Grafton County, NH",3300961060,1635,1646,2160,2930,2976,NCNTY33009N33009,928,NH
33,009,62660,Grafton County,Plymouth town,"Grafton County, NH",3300962660,1635,1646,2160,2930,2976,NCNTY33009N33009,6618,NH
33,009,65940,Grafton County,Rumney town,"Grafton County, NH",3300965940,1635,1646,2160,2930,2976,NCNTY33009N33009,1440,NH
33,009,74740,Grafton County,Sugar Hill town,"Grafton County, NH",3300974740,1635,1646,2160,2930,2976,NCNTY33009N33009,625,NH
33,009,76740,Grafton County,Thornton town,"Grafton County, NH",3300976740,1635,1646,2160,2930,2976,NCNTY33009N33009,2763,NH
33,009,78740,Grafton County,Warren town,"Grafton County, NH",3300978740,1635,1646,2160,2930,2976,NCNTY33009N33009,862,NH
33,009,79380,Grafton County,Waterville Valley town,"Grafton County, NH",3300979380,1635,1646,2160,2930,2976,NCNTY33009N33009,269,NH
33,009,80500,Grafton County,Wentworth town,"Grafton County, NH",3300980500,1635,1646,2160,2930,2976,NCNTY33009N33009,1075,NH
33,009,87060,Grafton County,Woodstock town,"Grafton County, NH",3300987060,1635,1646,2160,2930,2976,NCNTY33009N33009,1240,NH
33,013,00660,Merrimack County,Allenstown town,"Merrimack County, NH",3301300660,1458,1612,2115,2790,2800,NCNTY33013N33013,4727,NH
33,013,01460,Merrimack County,Andover town,"Merrimack County, NH",3301301460,1458,1612,2115,2790,2800,NCNTY33013N33013,2185,NH
33,013,06260,Merrimack County,Boscawen town,"Merrimack County, NH",3301306260,1458,1612,2115,2790,2800,NCNTY33013N33013,4002,NH
33,013,06500,Merrimack County,Bow town,"Merrimack County, NH",3301306500,1458,1612,2115,2790,2800,NCNTY33013N33013,8295,NH
33,013,06980,Merrimack County,Bradford town,"Merrimack County, NH",3301306980,1458,1612,2115,2790,2800,NCNTY33013N33013,1522,NH
33,013,09860,Merrimack County,Canterbury town,"Merrimack County, NH",3301309860,1458,1612,2115,2790,2800,NCNTY33013N33013,2391,NH
33,013,12420,Merrimack County,Chichester town,"Merrimack County, NH",3301312420,1458,1612,2115,2790,2800,NCNTY33013N33013,2722,NH
33,013,14200,Merrimack County,Concord city,"Merrimack County, NH",3301314200,1458,1612,2115,2790,2800,NCNTY33013N33013,44219,NH
33,013,16980,Merrimack County,Danbury town,"Merrimack County, NH",3301316980,1458,1612,2115,2790,2800,NCNTY33013N33013,1539,NH
33,013,19460,Merrimack County,Dunbarton town,"Merrimack County, NH",3301319460,1458,1612,2115,2790,2800,NCNTY33013N33013,3055,NH
33,013,24900,Merrimack County,Epsom town,"Merrimack County, NH",3301324900,1458,1612,2115,2790,2800,NCNTY33013N33013,4896,NH
33,013,27380,Merrimack County,Franklin city,"Merrimack County, NH",3301327380,1458,1612,2115,2790,2800,NCNTY33013N33013,8757,NH
33,013,35540,Merrimack County,Henniker town,"Merrimack County, NH",3301335540,1458,1612,2115,2790,2800,NCNTY33013N33013,6161,NH
33,013,35860,Merrimack County,Hill town,"Merrimack County, NH",3301335860,1458,1612,2115,2790,2800,NCNTY33013N33013,878,NH
33,013,37300,Merrimack County,Hooksett town,"Merrimack County, NH",3301337300,1458,1612,2115,2790,2800,NCNTY33013N33013,14949,NH
33,013,37540,Merrimack County,Hopkinton town,"Merrimack County, NH",3301337540,1458,1612,2115,2790,2800,NCNTY33013N33013,5976,NH
33,013,43380,Merrimack County,Loudon town,"Merrimack County, NH",3301343380,1458,1612,2115,2790,2800,NCNTY33013N33013,5656,NH
33,013,50900,Merrimack County,Newbury town,"Merrimack County, NH",3301350900,1458,1612,2115,2790,2800,NCNTY33013N33013,1969,NH
33,013,52100,Merrimack County,New London town,"Merrimack County, NH",3301352100,1458,1612,2115,2790,2800,NCNTY33013N33013,4422,NH
33,013,54260,Merrimack County,Northfield town,"Merrimack County, NH",3301354260,1458,1612,2115,2790,2800,NCNTY33013N33013,4929,NH
33,013,60020,Merrimack County,Pembroke town,"Merrimack County, NH",3301360020,1458,1612,2115,2790,2800,NCNTY33013N33013,7359,NH
33,013,61940,Merrimack County,Pittsfield town,"Merrimack County, NH",3301361940,1458,1612,2115,2790,2800,NCNTY33013N33013,4094,NH
33,013,66980,Merrimack County,Salisbury town,"Merrimack County, NH",3301366980,1458,1612,2115,2790,2800,NCNTY33013N33013,1561,NH
33,013,75460,Merrimack County,Sutton town,"Merrimack County, NH",3301375460,1458,1612,2115,2790,2800,NCNTY33013N33013,2164,NH
33,013,78580,Merrimack County,Warner town,"Merrimack County, NH",3301378580,1458,1612,2115,2790,2800,NCNTY33013N33013,2938,NH
33,013,80020,Merrimack County,Webster town,"Merrimack County, NH",3301380020,1458,1612,2115,2790,2800,NCNTY33013N33013,2228,NH
33,013,84900,Merrimack County,Wilmot town,"Merrimack County, NH",3301384900,1458,1612,2115,2790,2800,NCNTY33013N33013,1424,NH
33,019,00260,Sullivan County,Acworth town,"Sullivan County, NH",3301900260,1274,1396,1830,2533,2822,NCNTY33019N33019,854,NH
33,019,11380,Sullivan County,Charlestown town,"Sullivan County, NH",3301911380,1274,1396,1830,2533,2822,NCNTY33019N33019,4872,NH
33,019,12900,Sullivan County,Claremont city,"Sullivan County, NH",3301912900,1274,1396,1830,2533,2822,NCNTY33019N33019,13054,NH
33,019,15060,Sullivan County,Cornish town,"Sullivan County, NH",3301915060,1274,1396,1830,2533,2822,NCNTY33019N33019,1771,NH
33,019,16340,Sullivan County,Croydon town,"Sullivan County, NH",3301916340,1274,1396,1830,2533,2822,NCNTY33019N33019,928,NH
33,019,30500,Sullivan County,Goshen town,"Sullivan County, NH",3301930500,1274,1396,1830,2533,2822,NCNTY33019N33019,982,NH
33,019,31220,Sullivan County,Grantham town,"Sullivan County, NH",3301931220,1274,1396,1830,2533,2822,NCNTY33019N33019,3434,NH
33,019,40900,Sullivan County,Langdon town,"Sullivan County, NH",3301940900,1274,1396,1830,2533,2822,NCNTY33019N33019,763,NH
33,019,41700,Sullivan County,Lempster town,"Sullivan County, NH",3301941700,1274,1396,1830,2533,2822,NCNTY33019N33019,920,NH
33,019,52580,Sullivan County,Newport town,"Sullivan County, NH",3301952580,1274,1396,1830,2533,2822,NCNTY33019N33019,6357,NH
33,019,62340,Sullivan County,Plainfield town,"Sullivan County, NH",3301962340,1274,1396,1830,2533,2822,NCNTY33019N33019,2493,NH
33,019,72740,Sullivan County,Springfield town,"Sullivan County, NH",3301972740,1274,1396,1830,2533,2822,NCNTY33019N33019,1071,NH
33,019,75060,Sullivan County,Sunapee town,"Sullivan County, NH",3301975060,1274,1396,1830,2533,2822,NCNTY33019N33019,3398,NH
33,019,77940,Sullivan County,Unity town,"Sullivan County, NH",3301977940,1274,1396,1830,2533,2822,NCNTY33019N33019,1501,NH
33,019,78980,Sullivan County,Washington town,"Sullivan County, NH",3301978980,1274,1396,1830,2533,2822,NCNTY33019N33019,1131,NH
34,041,99999,Warren County,,"Warren County, NJ HUD Metro FMR Area",3404199999,1679,1690,2097,2661,3099,METRO10900MM5640,109739,NJ
34,001,99999,Atlantic County,,"Atlantic City-Hammonton, NJ HUD Metro FMR Area",3400199999,1453,1660,2016,2792,3078,METRO12100M12100,274339,NJ
34,009,99999,Cape May County,,"Cape May County, NJ HUD Metro FMR Area",3400999999,1508,1561,2048,2739,2749,METRO12100N36140,95456,NJ
34,003,99999,Bergen County,,"Bergen-Passaic, NJ HUD Metro FMR Area",3400399999,1913,2178,2500,3049,3892,METRO35620MM0875,953243,NJ
34,031,99999,Passaic County,,"Bergen-Passaic, NJ HUD Metro FMR Area",3403199999,1913,2178,2500,3049,3892,METRO35620MM0875,519986,NJ
34,017,99999,Hudson County,,"Jersey City, NJ HUD Metro FMR Area",3401799999,2636,2692,3026,3688,4331,METRO35620MM3640,712029,NJ
34,019,99999,Hunterdon County,,"Middlesex-Somerset-Hunterdon, NJ HUD Metro FMR Area",3401999999,1943,2130,2677,3210,3549,METRO35620MM5015,129099,NJ
34,023,99999,Middlesex County,,"Middlesex-Somerset-Hunterdon, NJ HUD Metro FMR Area",3402399999,1943,2130,2677,3210,3549,METRO35620MM5015,860147,NJ
34,035,99999,Somerset County,,"Middlesex-Somerset-Hunterdon, NJ HUD Metro FMR Area",3403599999,1943,2130,2677,3210,3549,METRO35620MM5015,344978,NJ
34,025,99999,Monmouth County,,"Monmouth-Ocean, NJ HUD Metro FMR Area",3402599999,1806,2035,2508,3279,3632,METRO35620MM5190,643064,NJ
34,029,99999,Ocean County,,"Monmouth-Ocean, NJ HUD Metro FMR Area",3402999999,1806,2035,2508,3279,3632,METRO35620MM5190,638691,NJ
34,013,99999,Essex County,,"Newark, NJ HUD Metro FMR Area",3401399999,1752,1980,2396,3000,3409,METRO35620MM5640,853374,NJ
34,027,99999,Morris County,,"Newark, NJ HUD Metro FMR Area",3402799999,1752,1980,2396,3000,3409,METRO35620MM5640,508816,NJ
34,037,99999,Sussex County,,"Newark, NJ HUD Metro FMR Area",3403799999,1752,1980,2396,3000,3409,METRO35620MM5640,144808,NJ
34,039,99999,Union County,,"Newark, NJ HUD Metro FMR Area",3403999999,1752,1980,2396,3000,3409,METRO35620MM5640,572079,NJ
34,005,99999,Burlington County,,"Philadelphia-Camden-Wilmington, PA-NJ-DE-MD MSA",3400599999,1516,1650,1964,2355,2629,METRO37980M37980,461853,NJ
34,007,99999,Camden County,,"Philadelphia-Camden-Wilmington, PA-NJ-DE-MD MSA",3400799999,1516,1650,1964,2355,2629,METRO37980M37980,522581,NJ
34,015,99999,Gloucester County,,"Philadelphia-Camden-Wilmington, PA-NJ-DE-MD MSA",3401599999,1516,1650,1964,2355,2629,METRO37980M37980,302621,NJ
34,033,99999,Salem County,,"Philadelphia-Camden-Wilmington, PA-NJ-DE-MD MSA",3403399999,1516,1650,1964,2355,2629,METRO37980M37980,64840,NJ
34,021,99999,Mercer County,,"Trenton-Princeton, NJ MSA",3402199999,1471,1691,2134,2559,2922,METRO45940M45940,383732,NJ
34,011,99999,Cumberland County,,"Vineland, NJ MSA",3401199999,1363,1465,1782,2453,2462,METRO47220M47220,153588,NJ
35,001,99999,Bernalillo County,,"Albuquerque, NM MSA",3500199999,1096,1287,1590,2211,2605,METRO10740M10740,674692,NM
35,043,99999,Sandoval County,,"Albuquerque, NM MSA",3504399999,1096,1287,1590,2211,2605,METRO10740M10740,149460,NM
35,057,99999,Torrance County,,"Albuquerque, NM MSA",3505799999,1096,1287,1590,2211,2605,METRO10740M10740,15203,NM
35,061,99999,Valencia County,,"Albuquerque, NM MSA",3506199999,1096,1287,1590,2211,2605,METRO10740M10740,76613,NM
35,045,99999,San Juan County,,"Farmington, NM MSA",3504599999,926,929,1139,1584,1711,METRO22140M22140,121798,NM
35,013,99999,Dona Ana County,,"Las Cruces, NM MSA",3501399999,801,1024,1122,1560,1701,METRO29740M29740,219870,NM
35,049,99999,Santa Fe County,,"Santa Fe, NM MSA",3504999999,1418,1566,1898,2391,2513,METRO42140M42140,154481,NM
35,003,99999,Catron County,,"Catron County, NM",3500399999,833,919,1121,1535,1808,NCNTY35003N35003,3635,NM
35,005,99999,Chaves County,,"Chaves County, NM",3500599999,795,955,1153,1530,1682,NCNTY35005N35005,64701,NM
35,006,99999,Cibola County,,"Cibola County, NM",3500699999,778,868,1047,1289,1386,NCNTY35006N35006,27211,NM
35,007,99999,Colfax County,,"Colfax County, NM",3500799999,730,888,973,1302,1569,NCNTY35007N35007,12370,NM
35,009,99999,Curry County,,"Curry County, NM",3500999999,815,961,1182,1534,1983,NCNTY35009N35009,48327,NM
35,011,99999,De Baca County,,"De Baca County, NM",3501199999,728,803,979,1174,1579,NCNTY35011N35011,1695,NM
35,015,99999,Eddy County,,"Eddy County, NM",3501599999,1191,1247,1367,1862,1869,NCNTY35015N35015,61264,NM
35,017,99999,Grant County,,"Grant County, NM",3501799999,826,832,1089,1355,1442,NCNTY35017N35017,28006,NM
35,019,99999,Guadalupe County,,"Guadalupe County, NM",3501999999,723,791,973,1332,1569,NCNTY35019N35019,4413,NM
35,021,99999,Harding County,,"Harding County, NM",3502199999,833,919,1121,1535,1808,NCNTY35021N35021,671,NM
35,023,99999,Hidalgo County,,"Hidalgo County, NM",3502399999,723,798,973,1353,1569,NCNTY35023N35023,4160,NM
35,025,99999,Lea County,,"Lea County, NM",3502599999,1127,1134,1406,1742,1942,NCNTY35025N35025,73103,NM
35,027,99999,Lincoln County,,"Lincoln County, NM",3502799999,896,902,1099,1436,1772,NCNTY35027N35027,20222,NM
35,028,99999,Los Alamos County,,"Los Alamos County, NM",3502899999,1300,1437,1886,2261,3081,NCNTY35028N35028,19253,NM
35,029,99999,Luna County,,"Luna County, NM",3502999999,671,783,973,1280,1528,NCNTY35029N35029,25393,NM
35,031,99999,McKinley County,,"McKinley County, NM",3503199999,809,962,1173,1406,1553,NCNTY35031N35031,72073,NM
35,033,99999,Mora County,,"Mora County, NM",3503399999,833,919,1121,1535,1808,NCNTY35033N35033,4208,NM
35,035,99999,Otero County,,"Otero County, NM",3503599999,692,817,1003,1395,1683,NCNTY35035N35035,67850,NM
35,037,99999,Quay County,,"Quay County, NM",3503799999,769,788,1034,1304,1667,NCNTY35037N35037,8641,NM
35,039,99999,Rio Arriba County,,"Rio Arriba County, NM",3503999999,781,786,1031,1270,1522,NCNTY35039N35039,40285,NM
35,041,99999,Roosevelt County,,"Roosevelt County, NM",3504199999,779,830,1048,1458,1758,NCNTY35041N35041,19142,NM
35,047,99999,San Miguel County,,"San Miguel County, NM",3504799999,831,976,1070,1488,1726,NCNTY35047N35047,27215,NM
35,051,99999,Sierra County,,"Sierra County, NM",3505199999,756,835,1096,1524,1767,NCNTY35051N35051,11506,NM
35,053,99999,Socorro County,,"Socorro County, NM",3505399999,723,888,973,1353,1569,NCNTY35053N35053,16453,NM
35,055,99999,Taos County,,"Taos County, NM",3505599999,1056,1247,1487,1852,2495,NCNTY35055N35055,34475,NM
35,059,99999,Union County,,"Union County, NM",3505999999,723,770,973,1332,1569,NCNTY35059N35059,4074,NM
36,001,99999,Albany County,,"Albany-Schenectady-Troy, NY MSA",3600199999,1328,1545,1856,2225,2457,METRO10580M10580,315041,NY
36,083,99999,Rensselaer County,,"Albany-Schenectady-Troy, NY MSA",3608399999,1328,1545,1856,2225,2457,METRO10580M10580,160943,NY
36,091,99999,Saratoga County,,"Albany-Schenectady-Troy, NY MSA",3609199999,1328,1545,1856,2225,2457,METRO10580M10580,236328,NY
36,093,99999,Schenectady County,,"Albany-Schenectady-Troy, NY MSA",3609399999,1328,1545,1856,2225,2457,METRO10580M10580,159447,NY
36,095,99999,Schoharie County,,"Albany-Schenectady-Troy, NY MSA",3609599999,1328,1545,1856,2225,2457,METRO10580M10580,29970,NY
36,007,99999,Broome County,,"Binghamton, NY MSA",3600799999,811,917,1165,1492,1713,METRO13780M13780,198365,NY
36,107,99999,Tioga County,,"Binghamton, NY MSA",3610799999,811,917,1165,1492,1713,METRO13780M13780,48344,NY
36,029,99999,Erie County,,"Buffalo-Cheektowaga, NY MSA",3602999999,1196,1233,1453,1775,2023,METRO15380M15380,951232,NY
36,063,99999,Niagara County,,"Buffalo-Cheektowaga, NY MSA",3606399999,1196,1233,1453,1775,2023,METRO15380M15380,212230,NY
36,015,99999,Chemung County,,"Elmira, NY MSA",3601599999,1021,1052,1380,1727,1842,METRO21300M21300,83584,NY
36,113,99999,Warren County,,"Glens Falls, NY MSA",3611399999,1092,1119,1415,1829,1874,METRO24020M24020,65684,NY
36,115,99999,Washington County,,"Glens Falls, NY MSA",3611599999,1092,1119,1415,1829,1874,METRO24020M24020,61310,NY
36,109,99999,Tompkins County,,"Ithaca, NY MSA",3610999999,1391,1613,1930,2314,2889,METRO27060M27060,102555,NY
36,111,99999,Ulster County,,"Kingston, NY MSA",3611199999,1439,1530,2007,2479,2657,METRO28740M28740,182153,NY
36,027,99999,Dutchess County,,"Kiryas Joel-Poughkeepsie-Newburgh, NY MSA",3602799999,1491,1693,2163,2745,2945,METRO28880M28880,296467,NY
36,071,99999,Orange County,,"Kiryas Joel-Poughkeepsie-Newburgh, NY MSA",3607199999,1491,1693,2163,2745,2945,METRO28880M28880,401237,NY
36,059,99999,Nassau County,,"Nassau-Suffolk, NY HUD Metro FMR Area",3605999999,2168,2589,2989,3877,4100,METRO35620MM5380,1389160,NY
36,103,99999,Suffolk County,,"Nassau-Suffolk, NY HUD Metro FMR Area",3610399999,2168,2589,2989,3877,4100,METRO35620MM5380,1524486,NY
36,005,99999,Bronx County,,"New York, NY HUD Metro FMR Area",3600599999,2777,2916,3196,4002,4348,METRO35620MM5600,1443229,NY
36,047,99999,Kings County,,"New York, NY HUD Metro FMR Area",3604799999,2777,2916,3196,4002,4348,METRO35620MM5600,2679620,NY
36,061,99999,New York County,,"New York, NY HUD Metro FMR Area",3606199999,2777,2916,3196,4002,4348,METRO35620MM5600,1645867,NY
36,079,99999,Putnam County,,"New York, NY HUD Metro FMR Area",3607999999,2777,2916,3196,4002,4348,METRO35620MM5600,97942,NY
36,081,99999,Queens County,,"New York, NY HUD Metro FMR Area",3608199999,2777,2916,3196,4002,4348,METRO35620MM5600,2360826,NY
36,085,99999,Richmond County,,"New York, NY HUD Metro FMR Area",3608599999,2777,2916,3196,4002,4348,METRO35620MM5600,492925,NY
36,087,99999,Rockland County,,"New York, NY HUD Metro FMR Area",3608799999,2777,2916,3196,4002,4348,METRO35620MM5600,337326,NY
36,119,99999,Westchester County,,"New York, NY HUD Metro FMR Area",3611999999,2777,2916,3196,4002,4348,METRO35620MM5600,997904,NY
36,051,99999,Livingston County,,"Rochester, NY MSA",3605199999,1192,1341,1680,2024,2224,METRO40380M40380,61980,NY
36,055,99999,Monroe County,,"Rochester, NY MSA",3605599999,1192,1341,1680,2024,2224,METRO40380M40380,756406,NY
36,069,99999,Ontario County,,"Rochester, NY MSA",3606999999,1192,1341,1680,2024,2224,METRO40380M40380,112288,NY
36,073,99999,Orleans County,,"Rochester, NY MSA",3607399999,1192,1341,1680,2024,2224,METRO40380M40380,40148,NY
36,117,99999,Wayne County,,"Rochester, NY MSA",3611799999,1192,1341,1680,2024,2224,METRO40380M40380,91324,NY
36,053,99999,Madison County,,"Syracuse, NY MSA",3605399999,1065,1202,1490,1810,1979,METRO45060M45060,68020,NY
36,067,99999,Onondaga County,,"Syracuse, NY MSA",3606799999,1065,1202,1490,1810,1979,METRO45060M45060,472637,NY
36,075,99999,Oswego County,,"Syracuse, NY MSA",3607599999,1065,1202,1490,1810,1979,METRO45060M45060,118037,NY
36,043,99999,Herkimer County,,"Utica-Rome, NY MSA",3604399999,958,986,1249,1498,1729,METRO46540M46540,60293,NY
36,065,99999,Oneida County,,"Utica-Rome, NY MSA",3606599999,958,986,1249,1498,1729,METRO46540M46540,231055,NY
36,045,99999,Jefferson County,,"Watertown-Fort Drum, NY MSA",3604599999,1049,1159,1521,2064,2534,METRO48060M48060,117445,NY
36,003,99999,Allegany County,,"Allegany County, NY",3600399999,791,795,1027,1311,1543,NCNTY36003N36003,47222,NY
36,009,99999,Cattaraugus County,,"Cattaraugus County, NY",3600999999,834,840,1080,1322,1522,NCNTY36009N36009,77000,NY
36,011,99999,Cayuga County,,"Cayuga County, NY",3601199999,936,942,1190,1549,1778,NCNTY36011N36011,76171,NY
36,013,99999,Chautauqua County,,"Chautauqua County, NY",3601399999,723,801,1037,1369,1373,NCNTY36013N36013,127440,NY
36,017,99999,Chenango County,,"Chenango County, NY",3601799999,909,917,1044,1452,1590,NCNTY36017N36017,47096,NY
36,019,99999,Clinton County,,"Clinton County, NY",3601999999,1053,1060,1348,1616,1785,NCNTY36019N36019,79839,NY
36,021,99999,Columbia County,,"Columbia County, NY",3602199999,1348,1363,1548,1867,2050,NCNTY36021N36021,61469,NY
36,023,99999,Cortland County,,"Cortland County, NY",3602399999,1016,1022,1275,1608,2139,NCNTY36023N36023,46755,NY
36,025,99999,Delaware County,,"Delaware County, NY",3602599999,886,963,1125,1565,1623,NCNTY36025N36025,44637,NY
36,031,99999,Essex County,,"Essex County, NY",3603199999,945,957,1256,1542,1743,NCNTY36031N36031,37314,NY
36,033,99999,Franklin County,,"Franklin County, NY",3603399999,753,901,1092,1358,1557,NCNTY36033N36033,47459,NY
36,035,99999,Fulton County,,"Fulton County, NY",3603599999,857,863,1132,1357,1528,NCNTY36035N36035,53280,NY
36,037,99999,Genesee County,,"Genesee County, NY",3603799999,847,1002,1229,1474,1627,NCNTY36037N36037,58204,NY
36,039,99999,Greene County,,"Greene County, NY",3603999999,1121,1243,1526,2015,2306,NCNTY36039N36039,48067,NY
36,041,99999,Hamilton County,,"Hamilton County, NY",3604199999,1131,1146,1504,1803,1991,NCNTY36041N36041,5090,NY
36,049,99999,Lewis County,,"Lewis County, NY",3604999999,800,885,1063,1478,1735,NCNTY36049N36049,26690,NY
36,057,99999,Montgomery County,,"Montgomery County, NY",3605799999,954,961,1179,1477,1588,NCNTY36057N36057,49624,NY
36,077,99999,Otsego County,,"Otsego County, NY",3607799999,908,1035,1317,1579,1744,NCNTY36077N36077,59678,NY
36,089,99999,St. Lawrence County,,"St. Lawrence County, NY",3608999999,783,862,1131,1356,1497,NCNTY36089N36089,108670,NY
36,097,99999,Schuyler County,,"Schuyler County, NY",3609799999,876,969,1271,1669,1683,NCNTY36097N36097,17855,NY
36,099,99999,Seneca County,,"Seneca County, NY",3609999999,904,947,1202,1594,2016,NCNTY36099N36099,33651,NY
36,101,99999,Steuben County,,"Steuben County, NY",3610199999,943,949,1178,1536,1962,NCNTY36101N36101,93584,NY
36,105,99999,Sullivan County,,"Sullivan County, NY",3610599999,1065,1144,1393,1937,2023,NCNTY36105N36105,78725,NY
36,121,99999,Wyoming County,,"Wyoming County, NY",3612199999,878,883,1018,1397,1677,NCNTY36121N36121,40338,NY
36,123,99999,Yates County,,"Yates County, NY",3612399999,790,873,1146,1388,1922,NCNTY36123N36123,24713,NY
37,021,99999,Buncombe County,,"Asheville, NC MSA",3702199999,1360,1585,1738,2113,2916,METRO11700M11700,269449,NC
37,089,99999,Henderson County,,"Asheville, NC MSA",3708999999,1360,1585,1738,2113,2916,METRO11700M11700,116469,NC
37,115,99999,Madison County,,"Asheville, NC MSA",3711599999,1360,1585,1738,2113,2916,METRO11700M11700,21414,NC
37,001,99999,Alamance County,,"Burlington, NC MSA",3700199999,1048,1298,1423,1763,2082,METRO15500M15500,171779,NC
37,025,99999,Cabarrus County,,"Charlotte-Concord-Gastonia, NC-SC HUD Metro FMR Area",3702599999,1609,1685,1847,2275,2888,METRO16740M16740,226396,NC
37,071,99999,Gaston County,,"Charlotte-Concord-Gastonia, NC-SC HUD Metro FMR Area",3707199999,1609,1685,1847,2275,2888,METRO16740M16740,228972,NC
37,119,99999,Mecklenburg County,,"Charlotte-Concord-Gastonia, NC-SC HUD Metro FMR Area",3711999999,1609,1685,1847,2275,2888,METRO16740M16740,1115403,NC
37,179,99999,Union County,,"Charlotte-Concord-Gastonia, NC-SC HUD Metro FMR Area",3717999999,1609,1685,1847,2275,2888,METRO16740M16740,240109,NC
37,007,99999,Anson County,,"Anson County, NC HUD Metro FMR Area",3700799999,824,911,1195,1433,1737,METRO16740M37007,22200,NC
37,097,99999,Iredell County,,"Iredell County, NC HUD Metro FMR Area",3709799999,1301,1363,1494,2017,2506,METRO16740N37097,187839,NC
37,109,99999,Lincoln County,,"Lincoln County, NC HUD Metro FMR Area",3710999999,1015,1063,1165,1620,1954,METRO16740N37109,87933,NC
37,159,99999,Rowan County,,"Rowan County, NC HUD Metro FMR Area",3715999999,1038,1045,1305,1717,2189,METRO16740N37159,147067,NC
37,037,99999,Chatham County,,"Durham-Chapel Hill, NC HUD Metro FMR Area",3703799999,1532,1630,1850,2289,2679,METRO20500M20500,76754,NC
37,063,99999,Durham County,,"Durham-Chapel Hill, NC HUD Metro FMR Area",3706399999,1532,1630,1850,2289,2679,METRO20500M20500,325101,NC
37,135,99999,Orange County,,"Durham-Chapel Hill, NC HUD Metro FMR Area",3713599999,1532,1630,1850,2289,2679,METRO20500M20500,145919,NC
37,145,99999,Person County,,"Person County, NC HUD Metro FMR Area",3714599999,791,796,1014,1410,1473,METRO20500N37145,39131,NC
37,051,99999,Cumberland County,,"Fayetteville, NC HUD Metro FMR Area",3705199999,1190,1215,1366,1820,2258,METRO22180M22180,335207,NC
37,093,99999,Hoke County,,"Hoke County, NC HUD Metro FMR Area",3709399999,811,816,1071,1490,1797,METRO22180N37093,52612,NC
37,191,99999,Wayne County,,"Goldsboro, NC MSA",3719199999,1017,1024,1343,1615,2182,METRO24140M24140,117480,NC
37,081,99999,Guilford County,,"Greensboro-High Point, NC HUD Metro FMR Area",3708199999,1260,1319,1446,1851,2131,METRO24660M24660,539557,NC
37,151,99999,Randolph County,,"Greensboro-High Point, NC HUD Metro FMR Area",3715199999,1260,1319,1446,1851,2131,METRO24660M24660,144403,NC
37,157,99999,Rockingham County,,"Rockingham County, NC HUD Metro FMR Area",3715799999,761,841,1104,1365,1553,METRO24660N37157,91209,NC
37,147,99999,Pitt County,,"Greenville, NC MSA",3714799999,960,966,1180,1578,1980,METRO24780M24780,171196,NC
37,003,99999,Alexander County,,"Hickory-Lenoir-Morganton, NC MSA",3700399999,916,969,1169,1465,1772,METRO25860M25860,36505,NC
37,023,99999,Burke County,,"Hickory-Lenoir-Morganton, NC MSA",3702399999,916,969,1169,1465,1772,METRO25860M25860,87799,NC
37,027,99999,Caldwell County,,"Hickory-Lenoir-Morganton, NC MSA",3702799999,916,969,1169,1465,1772,METRO25860M25860,80716,NC
37,035,99999,Catawba County,,"Hickory-Lenoir-Morganton, NC MSA",3703599999,916,969,1169,1465,1772,METRO25860M25860,161011,NC
37,133,99999,Onslow County,,"Jacksonville, NC MSA",3713399999,1008,1015,1273,1770,2136,METRO27340M27340,203686,NC
37,125,99999,Moore County,,"Pinehurst-Southern Pines, NC MSA",3712599999,1344,1439,1577,2193,2645,METRO38240M38240,100759,NC
37,069,99999,Franklin County,,"Raleigh-Cary, NC MSA",3706999999,1653,1731,1898,2382,3184,METRO39580M39580,69680,NC
37,101,99999,Johnston County,,"Raleigh-Cary, NC MSA",3710199999,1653,1731,1898,2382,3184,METRO39580M39580,219042,NC
37,183,99999,Wake County,,"Raleigh-Cary, NC MSA",3718399999,1653,1731,1898,2382,3184,METRO39580M39580,1132103,NC
37,065,99999,Edgecombe County,,"Rocky Mount, NC MSA",3706599999,982,988,1230,1668,1950,METRO40580M40580,49067,NC
37,127,99999,Nash County,,"Rocky Mount, NC MSA",3712799999,982,988,1230,1668,1950,METRO40580M40580,95015,NC
37,029,99999,Camden County,,"Camden County, NC HUD Metro FMR Area",3702999999,1177,1196,1351,1879,2266,METRO47260M37029,10547,NC
37,053,99999,Currituck County,,"Virginia Beach-Norfolk-Newport News, VA-NC HUD Metro FMR Area",3705399999,1613,1635,1852,2569,3024,METRO47260M47260,28616,NC
37,073,99999,Gates County,,"Gates County, NC HUD Metro FMR Area",3707399999,1489,1513,1709,2364,2794,METRO47260N37073,10509,NC
37,019,99999,Brunswick County,,"Brunswick County, NC HUD Metro FMR Area",3701999999,1479,1549,1698,2362,2848,METRO48900M37019,139721,NC
37,129,99999,New Hanover County,,"Wilmington, NC HUD Metro FMR Area",3712999999,1240,1640,1798,2360,2513,METRO48900M48900,228134,NC
37,141,99999,Pender County,,"Pender County, NC HUD Metro FMR Area",3714199999,1127,1180,1294,1800,2171,METRO48900N37141,61592,NC
37,059,99999,Davie County,,"Winston-Salem, NC HUD Metro FMR Area",3705999999,1067,1160,1321,1723,2035,METRO49180M49180,43030,NC
37,067,99999,Forsyth County,,"Winston-Salem, NC HUD Metro FMR Area",3706799999,1067,1160,1321,1723,2035,METRO49180M49180,383739,NC
37,169,99999,Stokes County,,"Winston-Salem, NC HUD Metro FMR Area",3716999999,1067,1160,1321,1723,2035,METRO49180M49180,44696,NC
37,197,99999,Yadkin County,,"Winston-Salem, NC HUD Metro FMR Area",3719799999,1067,1160,1321,1723,2035,METRO49180M49180,37280,NC
37,057,99999,Davidson County,,"Davidson County, NC HUD Metro FMR Area",3705799999,883,947,1038,1423,1721,METRO49180N37057,169498,NC
37,005,99999,Alleghany County,,"Alleghany County, NC",3700599999,775,780,1024,1228,1539,NCNTY37005N37005,10989,NC
37,009,99999,Ashe County,,"Ashe County, NC",3700999999,700,705,925,1220,1225,NCNTY37009N37009,26759,NC
37,011,99999,Avery County,,"Avery County, NC",3701199999,821,827,1085,1301,1631,NCNTY37011N37011,17679,NC
37,013,99999,Beaufort County,,"Beaufort County, NC",3701399999,770,775,973,1283,1632,NCNTY37013N37013,44711,NC
37,015,99999,Bertie County,,"Bertie County, NC",3701599999,807,812,1066,1278,1479,NCNTY37015N37015,17818,NC
37,017,99999,Bladen County,,"Bladen County, NC",3701799999,700,705,925,1258,1298,NCNTY37017N37017,29807,NC
37,031,99999,Carteret County,,"Carteret County, NC",3703199999,978,985,1292,1662,2120,NCNTY37031N37031,68353,NC
37,033,99999,Caswell County,,"Caswell County, NC",3703399999,743,748,925,1270,1390,NCNTY37033N37033,22747,NC
37,039,99999,Cherokee County,,"Cherokee County, NC",3703999999,705,779,1022,1410,1637,NCNTY37039N37039,28868,NC
37,041,99999,Chowan County,,"Chowan County, NC",3704199999,988,995,1305,1565,1728,NCNTY37041N37041,13835,NC
37,043,99999,Clay County,,"Clay County, NC",3704399999,1064,1149,1259,1732,1892,NCNTY37043N37043,11186,NC
37,045,99999,Cleveland County,,"Cleveland County, NC",3704599999,790,794,963,1339,1376,NCNTY37045N37045,99527,NC
37,047,99999,Columbus County,,"Columbus County, NC",3704799999,732,736,943,1131,1249,NCNTY37047N37047,50827,NC
37,049,99999,Craven County,,"Craven County, NC",3704999999,956,963,1263,1679,2028,NCNTY37049N37049,101098,NC
37,055,99999,Dare County,,"Dare County, NC",3705599999,1191,1388,1521,1937,2014,NCNTY37055N37055,37160,NC
37,061,99999,Duplin County,,"Duplin County, NC",3706199999,769,774,1016,1218,1427,NCNTY37061N37061,49312,NC
37,075,99999,Graham County,,"Graham County, NC",3707599999,782,844,925,1199,1390,NCNTY37075N37075,8047,NC
37,077,99999,Granville County,,"Granville County, NC",3707799999,1031,1113,1220,1598,1745,NCNTY37077N37077,61161,NC
37,079,99999,Greene County,,"Greene County, NC",3707999999,809,851,957,1230,1438,NCNTY37079N37079,20407,NC
37,083,99999,Halifax County,,"Halifax County, NC",3708399999,654,761,949,1221,1403,NCNTY37083N37083,48772,NC
37,085,99999,Harnett County,,"Harnett County, NC",3708599999,882,887,1074,1494,1802,NCNTY37085N37085,134718,NC
37,087,99999,Haywood County,,"Haywood County, NC",3708799999,1102,1189,1304,1563,1955,NCNTY37087N37087,62152,NC
37,091,99999,Hertford County,,"Hertford County, NC",3709199999,650,719,943,1234,1249,NCNTY37091N37091,21633,NC
37,095,99999,Hyde County,,"Hyde County, NC",3709599999,814,819,1018,1304,1530,NCNTY37095N37095,4636,NC
37,099,99999,Jackson County,,"Jackson County, NC",3709999999,882,924,1013,1336,1341,NCNTY37099N37099,42388,NC
37,103,99999,Jones County,,"Jones County, NC",3710399999,748,752,925,1179,1552,NCNTY37103N37103,9263,NC
37,105,99999,Lee County,,"Lee County, NC",3710599999,916,922,1190,1427,1797,NCNTY37105N37105,63560,NC
37,107,99999,Lenoir County,,"Lenoir County, NC",3710799999,779,784,991,1329,1544,NCNTY37107N37107,55071,NC
37,111,99999,McDowell County,,"McDowell County, NC",3711199999,795,803,941,1201,1246,NCNTY37111N37111,44629,NC
37,113,99999,Macon County,,"Macon County, NC",3711399999,723,882,1049,1258,1409,NCNTY37113N37113,37088,NC
37,117,99999,Martin County,,"Martin County, NC",3711799999,741,746,979,1291,1296,NCNTY37117N37117,21992,NC
37,121,99999,Mitchell County,,"Mitchell County, NC",3712199999,772,777,1019,1249,1349,NCNTY37121N37121,14989,NC
37,123,99999,Montgomery County,,"Montgomery County, NC",3712399999,789,794,925,1252,1552,NCNTY37123N37123,25839,NC
37,131,99999,Northampton County,,"Northampton County, NC",3713199999,784,790,1036,1242,1432,NCNTY37131N37131,17528,NC
37,137,99999,Pamlico County,,"Pamlico County, NC",3713799999,930,935,1163,1394,1748,NCNTY37137N37137,12317,NC
37,139,99999,Pasquotank County,,"Pasquotank County, NC",3713999999,993,1000,1312,1769,2049,NCNTY37139N37139,40454,NC
37,143,99999,Perquimans County,,"Perquimans County, NC",3714399999,962,968,1204,1665,1671,NCNTY37143N37143,13053,NC
37,149,99999,Polk County,,"Polk County, NC",3714999999,925,930,1103,1515,1850,NCNTY37149N37149,19538,NC
37,153,99999,Richmond County,,"Richmond County, NC",3715399999,724,826,938,1305,1410,NCNTY37153N37153,43149,NC
37,155,99999,Robeson County,,"Robeson County, NC",3715599999,754,759,938,1203,1408,NCNTY37155N37155,117573,NC
37,161,99999,Rutherford County,,"Rutherford County, NC",3716199999,801,806,925,1275,1332,NCNTY37161N37161,64680,NC
37,163,99999,Sampson County,,"Sampson County, NC",3716399999,698,848,973,1167,1369,NCNTY37163N37163,59317,NC
37,165,99999,Scotland County,,"Scotland County, NC",3716599999,750,755,925,1244,1249,NCNTY37165N37165,34222,NC
37,167,99999,Stanly County,,"Stanly County, NC",3716799999,664,734,963,1334,1471,NCNTY37167N37167,62723,NC
37,171,99999,Surry County,,"Surry County, NC",3717199999,702,706,927,1111,1409,NCNTY37171N37171,71429,NC
37,173,99999,Swain County,,"Swain County, NC",3717399999,806,813,925,1264,1390,NCNTY37173N37173,14130,NC
37,175,99999,Transylvania County,,"Transylvania County, NC",3717599999,982,988,1297,1555,1949,NCNTY37175N37175,33131,NC
37,177,99999,Tyrrell County,,"Tyrrell County, NC",3717799999,739,744,925,1286,1390,NCNTY37177N37177,3389,NC
37,181,99999,Vance County,,"Vance County, NC",3718199999,775,780,1024,1257,1384,NCNTY37181N37181,42492,NC
37,185,99999,Warren County,,"Warren County, NC",3718599999,700,705,925,1172,1239,NCNTY37185N37185,18803,NC
37,187,99999,Washington County,,"Washington County, NC",3718799999,755,760,945,1223,1421,NCNTY37187N37187,11051,NC
37,189,99999,Watauga County,,"Watauga County, NC",3718999999,914,1098,1308,1671,2194,NCNTY37189N37189,54540,NC
37,193,99999,Wilkes County,,"Wilkes County, NC",3719399999,782,793,925,1233,1538,NCNTY37193N37193,66125,NC
37,195,99999,Wilson County,,"Wilson County, NC",3719599999,852,857,1107,1412,1665,NCNTY37195N37195,78667,NC
37,199,99999,Yancey County,,"Yancey County, NC",3719999999,732,737,967,1276,1280,NCNTY37199N37199,18538,NC
38,015,99999,Burleigh County,,"Bismarck, ND MSA",3801599999,1029,1103,1258,1750,2017,METRO13900M13900,98443,ND
38,059,99999,Morton County,,"Bismarck, ND MSA",3805999999,1029,1103,1258,1750,2017,METRO13900M13900,33192,ND
38,065,99999,Oliver County,,"Bismarck, ND MSA",3806599999,1029,1103,1258,1750,2017,METRO13900M13900,1832,ND
38,017,99999,Cass County,,"Fargo, ND-MN MSA",3801799999,822,982,1190,1655,1996,METRO22020M22020,186328,ND
38,035,99999,Grand Forks County,,"Grand Forks, ND-MN MSA",3803599999,931,937,1175,1634,1971,METRO24220M24220,72927,ND
38,049,99999,McHenry County,,"McHenry County, ND HUD Metro FMR Area",3804999999,744,862,1027,1424,1723,METRO33500N38049,5326,ND
38,075,99999,Renville County,,"Renville County, ND HUD Metro FMR Area",3807599999,811,853,1119,1376,1612,METRO33500N38075,2282,ND
38,101,99999,Ward County,,"Ward County, ND HUD Metro FMR Area",3810199999,890,1061,1287,1790,2159,METRO33500N38101,69532,ND
38,001,99999,Adams County,,"Adams County, ND",3800199999,697,702,873,1214,1464,NCNTY38001N38001,2190,ND
38,003,99999,Barnes County,,"Barnes County, ND",3800399999,755,760,997,1195,1673,NCNTY38003N38003,10826,ND
38,005,99999,Benson County,,"Benson County, ND",3800599999,760,769,873,1214,1464,NCNTY38005N38005,5960,ND
38,007,99999,Billings County,,"Billings County, ND",3800799999,697,702,873,1214,1464,NCNTY38007N38007,839,ND
38,009,99999,Bottineau County,,"Bottineau County, ND",3800999999,855,896,982,1228,1647,NCNTY38009N38009,6411,ND
38,011,99999,Bowman County,,"Bowman County, ND",3801199999,760,796,873,1214,1427,NCNTY38011N38011,2975,ND
38,013,99999,Burke County,,"Burke County, ND",3801399999,661,665,873,1101,1464,NCNTY38013N38013,2184,ND
38,019,99999,Cavalier County,,"Cavalier County, ND",3801999999,697,702,873,1170,1464,NCNTY38019N38019,3691,ND
38,021,99999,Dickey County,,"Dickey County, ND",3802199999,725,730,873,1214,1464,NCNTY38021N38021,5003,ND
38,023,99999,Divide County,,"Divide County, ND",3802399999,1301,1309,1629,1953,2733,NCNTY38023N38023,2195,ND
38,025,99999,Dunn County,,"Dunn County, ND",3802599999,767,772,960,1151,1610,NCNTY38025N38025,4049,ND
38,027,99999,Eddy County,,"Eddy County, ND",3802799999,661,665,873,1214,1464,NCNTY38027N38027,2345,ND
38,029,99999,Emmons County,,"Emmons County, ND",3802999999,679,683,873,1047,1464,NCNTY38029N38029,3297,ND
38,031,99999,Foster County,,"Foster County, ND",3803199999,727,755,873,1214,1464,NCNTY38031N38031,3388,ND
38,033,99999,Golden Valley County,,"Golden Valley County, ND",3803399999,840,846,1052,1463,1765,NCNTY38033N38033,1734,ND
38,037,99999,Grant County,,"Grant County, ND",3803799999,678,683,873,1214,1464,NCNTY38037N38037,2320,ND
38,039,99999,Griggs County,,"Griggs County, ND",3803999999,661,665,873,1076,1464,NCNTY38039N38039,2309,ND
38,041,99999,Hettinger County,,"Hettinger County, ND",3804199999,767,772,960,1190,1610,NCNTY38041N38041,2477,ND
38,043,99999,Kidder County,,"Kidder County, ND",3804399999,727,729,873,1214,1403,NCNTY38043N38043,2391,ND
38,045,99999,LaMoure County,,"LaMoure County, ND",3804599999,700,704,873,1214,1464,NCNTY38045N38045,4135,ND
38,047,99999,Logan County,,"Logan County, ND",3804799999,883,889,1106,1538,1855,NCNTY38047N38047,1849,ND
38,051,99999,McIntosh County,,"McIntosh County, ND",3805199999,760,787,873,1194,1464,NCNTY38051N38051,2529,ND
38,053,99999,McKenzie County,,"McKenzie County, ND",3805399999,1175,1182,1424,1758,2389,NCNTY38053N38053,14081,ND
38,055,99999,McLean County,,"McLean County, ND",3805599999,760,796,873,1214,1464,NCNTY38055N38055,9781,ND
38,057,99999,Mercer County,,"Mercer County, ND",3805799999,949,956,1254,1504,1660,NCNTY38057N38057,8366,ND
38,061,99999,Mountrail County,,"Mountrail County, ND",3806199999,796,917,1155,1494,1623,NCNTY38061N38061,9648,ND
38,063,99999,Nelson County,,"Nelson County, ND",3806399999,732,745,873,1214,1464,NCNTY38063N38063,3025,ND
38,067,99999,Pembina County,,"Pembina County, ND",3806799999,760,791,873,1214,1464,NCNTY38067N38067,6853,ND
38,069,99999,Pierce County,,"Pierce County, ND",3806999999,727,755,873,1214,1464,NCNTY38069N38069,3999,ND
38,071,99999,Ramsey County,,"Ramsey County, ND",3807199999,611,729,886,1232,1486,NCNTY38071N38071,11613,ND
38,073,99999,Ransom County,,"Ransom County, ND",3807399999,763,768,992,1285,1664,NCNTY38073N38073,5663,ND
38,077,99999,Richland County,,"Richland County, ND",3807799999,661,665,873,1214,1464,NCNTY38077N38077,16548,ND
38,079,99999,Rolette County,,"Rolette County, ND",3807999999,742,747,980,1354,1644,NCNTY38079N38079,12292,ND
38,081,99999,Sargent County,,"Sargent County, ND",3808199999,860,861,987,1331,1656,NCNTY38081N38081,3828,ND
38,083,99999,Sheridan County,,"Sheridan County, ND",3808399999,806,811,1009,1403,1693,NCNTY38083N38083,1338,ND
38,085,99999,Sioux County,,"Sioux County, ND",3808599999,727,733,873,1146,1385,NCNTY38085N38085,3896,ND
38,087,99999,Slope County,,"Slope County, ND",3808799999,806,811,1009,1403,1693,NCNTY38087N38087,837,ND
38,089,99999,Stark County,,"Stark County, ND",3808999999,918,924,1116,1552,1872,NCNTY38089N38089,32989,ND
38,091,99999,Steele County,,"Steele County, ND",3809199999,697,702,873,1214,1464,NCNTY38091N38091,1774,ND
38,093,99999,Stutsman County,,"Stutsman County, ND",3809399999,699,703,903,1256,1515,NCNTY38093N38093,21609,ND
38,095,99999,Towner County,,"Towner County, ND",3809599999,697,702,873,1214,1464,NCNTY38095N38095,2152,ND
38,097,99999,Traill County,,"Traill County, ND",3809799999,695,699,884,1229,1483,NCNTY38097N38097,8004,ND
38,099,99999,Walsh County,,"Walsh County, ND",3809999999,723,728,935,1221,1569,NCNTY38099N38099,10553,ND
38,103,99999,Wells County,,"Wells County, ND",3810399999,760,796,873,1214,1464,NCNTY38103N38103,3990,ND
38,105,99999,Williams County,,"Williams County, ND",3810599999,1105,1132,1268,1673,1745,NCNTY38105N38105,39076,ND
39,133,99999,Portage County,,"Akron, OH MSA",3913399999,981,1069,1375,1678,1823,METRO10420M10420,161217,OH
39,153,99999,Summit County,,"Akron, OH MSA",3915399999,981,1069,1375,1678,1823,METRO10420M10420,539361,OH
39,019,99999,Carroll County,,"Canton-Massillon, OH MSA",3901999999,788,890,1143,1443,1527,METRO15940M15940,26761,OH
39,151,99999,Stark County,,"Canton-Massillon, OH MSA",3915199999,788,890,1143,1443,1527,METRO15940M15940,374199,OH
39,017,99999,Butler County,,"Cincinnati, OH-KY-IN  HUD Metro FMR Area",3901799999,1041,1142,1470,1940,2147,METRO17140M17140,388327,OH
39,025,99999,Clermont County,,"Cincinnati, OH-KY-IN  HUD Metro FMR Area",3902599999,1041,1142,1470,1940,2147,METRO17140M17140,208851,OH
39,061,99999,Hamilton County,,"Cincinnati, OH-KY-IN  HUD Metro FMR Area",3906199999,1041,1142,1470,1940,2147,METRO17140M17140,827671,OH
39,165,99999,Warren County,,"Cincinnati, OH-KY-IN  HUD Metro FMR Area",3916599999,1041,1142,1470,1940,2147,METRO17140M17140,243189,OH
39,015,99999,Brown County,,"Brown County, OH HUD Metro FMR Area",3901599999,862,868,1091,1473,1830,METRO17140MM1220,43715,OH
39,035,99999,Cuyahoga County,,"Cleveland, OH HUD Metro FMR Area",3903599999,1009,1144,1382,1778,1902,METRO17410N17460,1256620,OH
39,055,99999,Geauga County,,"Cleveland, OH HUD Metro FMR Area",3905599999,1009,1144,1382,1778,1902,METRO17410N17460,95455,OH
39,085,99999,Lake County,,"Cleveland, OH HUD Metro FMR Area",3908599999,1009,1144,1382,1778,1902,METRO17410N17460,232236,OH
39,093,99999,Lorain County,,"Cleveland, OH HUD Metro FMR Area",3909399999,1009,1144,1382,1778,1902,METRO17410N17460,313101,OH
39,103,99999,Medina County,,"Cleveland, OH HUD Metro FMR Area",3910399999,1009,1144,1382,1778,1902,METRO17410N17460,182347,OH
39,007,99999,Ashtabula County,,"Ashtabula County, OH HUD Metro FMR Area",3900799999,750,881,1088,1318,1499,METRO17410N39007,97666,OH
39,041,99999,Delaware County,,"Columbus, OH HUD Metro FMR Area",3904199999,1200,1290,1545,1852,2082,METRO18140M18140,216074,OH
39,045,99999,Fairfield County,,"Columbus, OH HUD Metro FMR Area",3904599999,1200,1290,1545,1852,2082,METRO18140M18140,159371,OH
39,049,99999,Franklin County,,"Columbus, OH HUD Metro FMR Area",3904999999,1200,1290,1545,1852,2082,METRO18140M18140,1318149,OH
39,089,99999,Licking County,,"Columbus, OH HUD Metro FMR Area",3908999999,1200,1290,1545,1852,2082,METRO18140M18140,178844,OH
39,097,99999,Madison County,,"Columbus, OH HUD Metro FMR Area",3909799999,1200,1290,1545,1852,2082,METRO18140M18140,43961,OH
39,117,99999,Morrow County,,"Columbus, OH HUD Metro FMR Area",3911799999,1200,1290,1545,1852,2082,METRO18140M18140,35049,OH
39,129,99999,Pickaway County,,"Columbus, OH HUD Metro FMR Area",3912999999,1200,1290,1545,1852,2082,METRO18140M18140,58809,OH
39,073,99999,Hocking County,,"Hocking County, OH HUD Metro FMR Area",3907399999,737,742,973,1338,1383,METRO18140N39073,28104,OH
39,127,99999,Perry County,,"Perry County, OH HUD Metro FMR Area",3912799999,794,799,984,1215,1445,METRO18140N39127,35451,OH
39,159,99999,Union County,,"Union County, OH HUD Metro FMR Area",3915999999,1187,1200,1528,1832,2023,METRO18140N39159,63411,OH
39,057,99999,Greene County,,"Dayton-Kettering-Beavercreek, OH MSA",3905799999,991,1078,1360,1764,1942,METRO19430M19430,167567,OH
39,109,99999,Miami County,,"Dayton-Kettering-Beavercreek, OH MSA",3910999999,991,1078,1360,1764,1942,METRO19430M19430,108818,OH
39,113,99999,Montgomery County,,"Dayton-Kettering-Beavercreek, OH MSA",3911399999,991,1078,1360,1764,1942,METRO19430M19430,536121,OH
39,087,99999,Lawrence County,,"Huntington-Ashland, WV-KY-OH HUD Metro FMR Area",3908799999,881,886,1011,1297,1465,METRO26580M26580,57994,OH
39,003,99999,Allen County,,"Lima, OH MSA",3900399999,902,908,1192,1439,1606,METRO30620M30620,102087,OH
39,139,99999,Richland County,,"Mansfield, OH MSA",3913999999,706,814,1024,1384,1611,METRO31900M31900,125008,OH
39,123,99999,Ottawa County,,"Ottawa County, OH HUD Metro FMR Area",3912399999,861,899,1180,1415,1809,METRO41780M39123,40367,OH
39,043,99999,Erie County,,"Erie County, OH HUD Metro FMR Area",3904399999,914,948,1184,1482,1666,METRO41780N39043,75299,OH
39,023,99999,Clark County,,"Springfield, OH MSA",3902399999,807,892,1171,1434,1664,METRO44220M44220,135877,OH
39,051,99999,Fulton County,,"Toledo, OH MSA",3905199999,815,870,1141,1464,1541,METRO45780M45780,42602,OH
39,095,99999,Lucas County,,"Toledo, OH MSA",3909599999,815,870,1141,1464,1541,METRO45780M45780,430014,OH
39,173,99999,Wood County,,"Toledo, OH MSA",3917399999,815,870,1141,1464,1541,METRO45780M45780,131564,OH
39,081,99999,Jefferson County,,"Weirton-Steubenville, WV-OH MSA",3908199999,776,781,1004,1326,1529,METRO48260M48260,65280,OH
39,013,99999,Belmont County,,"Wheeling, WV-OH MSA",3901399999,719,859,1043,1344,1487,METRO48540M48540,66554,OH
39,099,99999,Mahoning County,,"Youngstown-Warren, OH MSA",3909999999,743,780,984,1284,1360,METRO49660M49660,227979,OH
39,155,99999,Trumbull County,,"Youngstown-Warren, OH MSA",3915599999,743,780,984,1284,1360,METRO49660M49660,201749,OH
39,001,99999,Adams County,,"Adams County, OH",3900199999,736,785,973,1220,1288,NCNTY39001N39001,27509,OH
39,005,99999,Ashland County,,"Ashland County, OH",3900599999,708,815,1018,1340,1540,NCNTY39005N39005,52522,OH
39,009,99999,Athens County,,"Athens County, OH",3900999999,992,998,1202,1473,1641,NCNTY39009N39009,61276,OH
39,011,99999,Auglaize County,,"Auglaize County, OH",3901199999,831,836,1097,1526,1829,NCNTY39011N39011,46263,OH
39,021,99999,Champaign County,,"Champaign County, OH",3902199999,774,859,1099,1401,1544,NCNTY39021N39021,38715,OH
39,027,99999,Clinton County,,"Clinton County, OH",3902799999,819,882,1083,1420,1785,NCNTY39027N39027,42077,OH
39,029,99999,Columbiana County,,"Columbiana County, OH",3902999999,713,801,1001,1253,1325,NCNTY39029N39029,101723,OH
39,031,99999,Coshocton County,,"Coshocton County, OH",3903199999,736,824,973,1254,1632,NCNTY39031N39031,36629,OH
39,033,99999,Crawford County,,"Crawford County, OH",3903399999,794,825,990,1306,1311,NCNTY39033N39033,41861,OH
39,037,99999,Darke County,,"Darke County, OH",3903799999,801,806,973,1290,1295,NCNTY39037N39037,51751,OH
39,039,99999,Defiance County,,"Defiance County, OH",3903999999,811,859,1054,1332,1514,NCNTY39039N39039,38300,OH
39,047,99999,Fayette County,,"Fayette County, OH",3904799999,778,866,1028,1319,1467,NCNTY39047N39047,28901,OH
39,053,99999,Gallia County,,"Gallia County, OH",3905399999,736,871,973,1240,1632,NCNTY39053N39053,29276,OH
39,059,99999,Guernsey County,,"Guernsey County, OH",3905999999,739,744,976,1284,1579,NCNTY39059N39059,38409,OH
39,063,99999,Hancock County,,"Hancock County, OH",3906399999,847,936,1228,1617,1845,NCNTY39063N39063,75072,OH
39,065,99999,Hardin County,,"Hardin County, OH",3906599999,817,822,986,1247,1392,NCNTY39065N39065,30622,OH
39,067,99999,Harrison County,,"Harrison County, OH",3906799999,744,749,973,1283,1288,NCNTY39067N39067,14528,OH
39,069,99999,Henry County,,"Henry County, OH",3906999999,821,826,1059,1405,1777,NCNTY39069N39069,27601,OH
39,071,99999,Highland County,,"Highland County, OH",3907199999,765,878,1011,1212,1550,NCNTY39071N39071,43285,OH
39,075,99999,Holmes County,,"Holmes County, OH",3907599999,754,760,997,1226,1320,NCNTY39075N39075,44273,OH
39,077,99999,Huron County,,"Huron County, OH",3907799999,781,787,1032,1286,1613,NCNTY39077N39077,58518,OH
39,079,99999,Jackson County,,"Jackson County, OH",3907999999,761,788,1006,1299,1390,NCNTY39079N39079,32563,OH
39,083,99999,Knox County,,"Knox County, OH",3908399999,887,927,1160,1515,1536,NCNTY39083N39083,62657,OH
39,091,99999,Logan County,,"Logan County, OH",3909199999,819,825,1083,1320,1434,NCNTY39091N39091,46098,OH
39,101,99999,Marion County,,"Marion County, OH",3910199999,849,854,1121,1344,1484,NCNTY39101N39101,65366,OH
39,105,99999,Meigs County,,"Meigs County, OH",3910599999,735,772,991,1188,1580,NCNTY39105N39105,22242,OH
39,107,99999,Mercer County,,"Mercer County, OH",3910799999,784,827,1036,1351,1372,NCNTY39107N39107,42321,OH
39,111,99999,Monroe County,,"Monroe County, OH",3911199999,785,791,1038,1369,1374,NCNTY39111N39111,13401,OH
39,115,99999,Morgan County,,"Morgan County, OH",3911599999,736,875,973,1193,1462,NCNTY39115N39115,13851,OH
39,119,99999,Muskingum County,,"Muskingum County, OH",3911999999,868,874,1037,1411,1532,NCNTY39119N39119,86393,OH
39,121,99999,Noble County,,"Noble County, OH",3912199999,765,771,1011,1244,1426,NCNTY39121N39121,14216,OH
39,125,99999,Paulding County,,"Paulding County, OH",3912599999,736,780,973,1343,1530,NCNTY39125N39125,18827,OH
39,131,99999,Pike County,,"Pike County, OH",3913199999,812,818,1073,1335,1590,NCNTY39131N39131,27151,OH
39,135,99999,Preble County,,"Preble County, OH",3913599999,746,751,986,1315,1443,NCNTY39135N39135,40929,OH
39,137,99999,Putnam County,,"Putnam County, OH",3913799999,832,844,1100,1319,1456,NCNTY39137N39137,34400,OH
39,141,99999,Ross County,,"Ross County, OH",3914199999,816,917,1099,1388,1455,NCNTY39141N39141,76957,OH
39,143,99999,Sandusky County,,"Sandusky County, OH",3914399999,696,830,1010,1260,1363,NCNTY39143N39143,58885,OH
39,145,99999,Scioto County,,"Scioto County, OH",3914599999,683,822,991,1352,1493,NCNTY39145N39145,73716,OH
39,147,99999,Seneca County,,"Seneca County, OH",3914799999,802,807,1059,1289,1402,NCNTY39147N39147,55062,OH
39,149,99999,Shelby County,,"Shelby County, OH",3914999999,763,834,1094,1466,1533,NCNTY39149N39149,48145,OH
39,157,99999,Tuscarawas County,,"Tuscarawas County, OH",3915799999,845,851,1116,1435,1619,NCNTY39157N39157,92840,OH
39,161,99999,Van Wert County,,"Van Wert County, OH",3916199999,724,762,973,1218,1323,NCNTY39161N39161,28833,OH
39,163,99999,Vinton County,,"Vinton County, OH",3916399999,749,805,990,1187,1396,NCNTY39163N39163,12790,OH
39,167,99999,Washington County,,"Washington County, OH",3916799999,798,803,1028,1387,1531,NCNTY39167N39167,59639,OH
39,169,99999,Wayne County,,"Wayne County, OH",3916999999,758,862,1099,1340,1574,NCNTY39169N39169,116680,OH
39,171,99999,Williams County,,"Williams County, OH",3917199999,743,768,982,1220,1300,NCNTY39171N39171,36973,OH
39,175,99999,Wyandot County,,"Wyandot County, OH",3917599999,743,807,982,1253,1435,NCNTY39175N39175,21818,OH
40,047,99999,Garfield County,,"Enid, OK MSA",4004799999,830,844,1085,1412,1437,METRO21420M21420,62456,OK
40,135,99999,Sequoyah County,,"Fort Smith, AR-OK MSA",4013599999,690,721,946,1279,1547,METRO22900M22900,39538,OK
40,031,99999,Comanche County,,"Lawton, OK HUD Metro FMR Area",4003199999,843,848,1083,1506,1817,METRO30020M30020,121777,OK
40,033,99999,Cotton County,,"Cotton County, OK HUD Metro FMR Area",4003399999,778,783,1028,1233,1725,METRO30020N40033,5537,OK
40,017,99999,Canadian County,,"Oklahoma City, OK HUD Metro FMR Area",4001799999,1004,1088,1331,1792,1987,METRO36420M36420,156681,OK
40,027,99999,Cleveland County,,"Oklahoma City, OK HUD Metro FMR Area",4002799999,1004,1088,1331,1792,1987,METRO36420M36420,295060,OK
40,083,99999,Logan County,,"Oklahoma City, OK HUD Metro FMR Area",4008399999,1004,1088,1331,1792,1987,METRO36420M36420,49919,OK
40,087,99999,McClain County,,"Oklahoma City, OK HUD Metro FMR Area",4008799999,1004,1088,1331,1792,1987,METRO36420M36420,42393,OK
40,109,99999,Oklahoma County,,"Oklahoma City, OK HUD Metro FMR Area",4010999999,1004,1088,1331,1792,1987,METRO36420M36420,795822,OK
40,051,99999,Grady County,,"Grady County, OK HUD Metro FMR Area",4005199999,725,802,1052,1408,1765,METRO36420N40051,55314,OK
40,081,99999,Lincoln County,,"Lincoln County, OK HUD Metro FMR Area",4008199999,809,814,937,1257,1426,METRO36420N40081,33734,OK
40,037,99999,Creek County,,"Tulsa, OK HUD Metro FMR Area",4003799999,1002,1060,1307,1720,1995,METRO46140M46140,72076,OK
40,113,99999,Osage County,,"Tulsa, OK HUD Metro FMR Area",4011399999,1002,1060,1307,1720,1995,METRO46140M46140,46004,OK
40,131,99999,Rogers County,,"Tulsa, OK HUD Metro FMR Area",4013199999,1002,1060,1307,1720,1995,METRO46140M46140,95870,OK
40,143,99999,Tulsa County,,"Tulsa, OK HUD Metro FMR Area",4014399999,1002,1060,1307,1720,1995,METRO46140M46140,668923,OK
40,145,99999,Wagoner County,,"Tulsa, OK HUD Metro FMR Area",4014599999,1002,1060,1307,1720,1995,METRO46140M46140,82269,OK
40,111,99999,Okmulgee County,,"Okmulgee County, OK HUD Metro FMR Area",4011199999,792,796,973,1334,1339,METRO46140N40111,36900,OK
40,117,99999,Pawnee County,,"Pawnee County, OK HUD Metro FMR Area",4011799999,815,861,1059,1406,1777,METRO46140N40117,15682,OK
40,001,99999,Adair County,,"Adair County, OK",4000199999,655,714,937,1161,1252,NCNTY40001N40001,19726,OK
40,003,99999,Alfalfa County,,"Alfalfa County, OK",4000399999,705,714,937,1303,1572,NCNTY40003N40003,5683,OK
40,005,99999,Atoka County,,"Atoka County, OK",4000599999,705,744,937,1175,1241,NCNTY40005N40005,14117,OK
40,007,99999,Beaver County,,"Beaver County, OK",4000799999,754,784,1003,1337,1586,NCNTY40007N40007,5071,OK
40,009,99999,Beckham County,,"Beckham County, OK",4000999999,836,847,1111,1332,1592,NCNTY40009N40009,22295,OK
40,011,99999,Blaine County,,"Blaine County, OK",4001199999,789,799,1049,1258,1551,NCNTY40011N40011,8661,OK
40,013,99999,Bryan County,,"Bryan County, OK",4001399999,791,796,1045,1381,1558,NCNTY40013N40013,46528,OK
40,015,99999,Caddo County,,"Caddo County, OK",4001599999,647,734,937,1162,1241,NCNTY40015N40015,26910,OK
40,019,99999,Carter County,,"Carter County, OK",4001999999,824,853,1119,1406,1649,NCNTY40019N40019,48202,OK
40,021,99999,Cherokee County,,"Cherokee County, OK",4002199999,801,806,994,1274,1316,NCNTY40021N40021,47412,OK
40,023,99999,Choctaw County,,"Choctaw County, OK",4002399999,705,714,937,1134,1241,NCNTY40023N40023,14285,OK
40,025,99999,Cimarron County,,"Cimarron County, OK",4002599999,705,732,937,1303,1343,NCNTY40025N40025,2272,OK
40,029,99999,Coal County,,"Coal County, OK",4002999999,705,714,937,1279,1535,NCNTY40029N40029,5287,OK
40,035,99999,Craig County,,"Craig County, OK",4003599999,833,844,1108,1351,1467,NCNTY40035N40035,14144,OK
40,039,99999,Custer County,,"Custer County, OK",4003999999,677,767,982,1366,1647,NCNTY40039N40039,28391,OK
40,041,99999,Delaware County,,"Delaware County, OK",4004199999,785,791,1033,1303,1456,NCNTY40041N40041,40791,OK
40,043,99999,Dewey County,,"Dewey County, OK",4004399999,778,788,1034,1429,1616,NCNTY40043N40043,4504,OK
40,045,99999,Ellis County,,"Ellis County, OK",4004599999,727,881,966,1209,1384,NCNTY40045N40045,3755,OK
40,049,99999,Garvin County,,"Garvin County, OK",4004999999,705,714,937,1249,1534,NCNTY40049N40049,25806,OK
40,053,99999,Grant County,,"Grant County, OK",4005399999,705,714,937,1279,1343,NCNTY40053N40053,4152,OK
40,055,99999,Greer County,,"Greer County, OK",4005599999,705,732,937,1303,1343,NCNTY40055N40055,5531,OK
40,057,99999,Harmon County,,"Harmon County, OK",4005799999,721,749,958,1149,1607,NCNTY40057N40057,2499,OK
40,059,99999,Harper County,,"Harper County, OK",4005999999,705,732,937,1146,1343,NCNTY40059N40059,3272,OK
40,061,99999,Haskell County,,"Haskell County, OK",4006199999,646,714,937,1147,1338,NCNTY40061N40061,11651,OK
40,063,99999,Hughes County,,"Hughes County, OK",4006399999,705,714,937,1150,1343,NCNTY40063N40063,13409,OK
40,065,99999,Jackson County,,"Jackson County, OK",4006599999,705,714,937,1289,1572,NCNTY40065N40065,24776,OK
40,067,99999,Jefferson County,,"Jefferson County, OK",4006799999,705,714,937,1175,1572,NCNTY40067N40067,5420,OK
40,069,99999,Johnston County,,"Johnston County, OK",4006999999,705,801,937,1269,1572,NCNTY40069N40069,10410,OK
40,071,99999,Kay County,,"Kay County, OK",4007199999,651,719,944,1260,1264,NCNTY40071N40071,43859,OK
40,073,99999,Kingfisher County,,"Kingfisher County, OK",4007399999,774,877,1122,1428,1697,NCNTY40073N40073,15290,OK
40,075,99999,Kiowa County,,"Kiowa County, OK",4007599999,705,761,937,1303,1572,NCNTY40075N40075,8446,OK
40,077,99999,Latimer County,,"Latimer County, OK",4007799999,705,714,937,1165,1429,NCNTY40077N40077,9537,OK
40,079,99999,Le Flore County,,"Le Flore County, OK",4007999999,656,741,937,1300,1359,NCNTY40079N40079,48525,OK
40,085,99999,Love County,,"Love County, OK",4008599999,772,928,1120,1343,1605,NCNTY40085N40085,10158,OK
40,089,99999,McCurtain County,,"McCurtain County, OK",4008999999,646,747,937,1256,1448,NCNTY40089N40089,31003,OK
40,091,99999,McIntosh County,,"McIntosh County, OK",4009199999,646,759,937,1303,1343,NCNTY40091N40091,19159,OK
40,093,99999,Major County,,"Major County, OK",4009399999,705,714,937,1123,1343,NCNTY40093N40093,7678,OK
40,095,99999,Marshall County,,"Marshall County, OK",4009599999,767,772,937,1219,1241,NCNTY40095N40095,15494,OK
40,097,99999,Mayes County,,"Mayes County, OK",4009799999,759,764,973,1280,1463,NCNTY40097N40097,39324,OK
40,099,99999,Murray County,,"Murray County, OK",4009999999,766,794,1042,1286,1579,NCNTY40099N40099,13837,OK
40,101,99999,Muskogee County,,"Muskogee County, OK",4010199999,756,761,999,1254,1542,NCNTY40101N40101,66606,OK
40,103,99999,Noble County,,"Noble County, OK",4010399999,729,791,969,1162,1619,NCNTY40103N40103,10981,OK
40,105,99999,Nowata County,,"Nowata County, OK",4010599999,734,744,976,1217,1637,NCNTY40105N40105,9460,OK
40,107,99999,Okfuskee County,,"Okfuskee County, OK",4010799999,705,738,937,1176,1397,NCNTY40107N40107,11349,OK
40,115,99999,Ottawa County,,"Ottawa County, OK",4011599999,710,727,954,1204,1263,NCNTY40115N40115,30472,OK
40,119,99999,Payne County,,"Payne County, OK",4011999999,831,897,1097,1526,1662,NCNTY40119N40119,82058,OK
40,121,99999,Pittsburg County,,"Pittsburg County, OK",4012199999,692,837,1004,1336,1684,NCNTY40121N40121,43758,OK
40,123,99999,Pontotoc County,,"Pontotoc County, OK",4012399999,745,807,1059,1310,1421,NCNTY40123N40123,38116,OK
40,125,99999,Pottawatomie County,,"Pottawatomie County, OK",4012599999,729,767,1007,1351,1584,NCNTY40125N40125,72734,OK
40,127,99999,Pushmataha County,,"Pushmataha County, OK",4012799999,646,750,937,1303,1475,NCNTY40127N40127,10845,OK
40,129,99999,Roger Mills County,,"Roger Mills County, OK",4012999999,789,820,1049,1305,1503,NCNTY40129N40129,3423,OK
40,133,99999,Seminole County,,"Seminole County, OK",4013399999,673,734,937,1256,1368,NCNTY40133N40133,23592,OK
40,137,99999,Stephens County,,"Stephens County, OK",4013799999,789,793,954,1327,1537,NCNTY40137N40137,43140,OK
40,139,99999,Texas County,,"Texas County, OK",4013999999,879,930,1157,1387,1941,NCNTY40139N40139,21144,OK
40,141,99999,Tillman County,,"Tillman County, OK",4014199999,705,855,937,1303,1343,NCNTY40141N40141,7013,OK
40,147,99999,Washington County,,"Washington County, OK",4014799999,751,844,998,1388,1412,NCNTY40147N40147,52579,OK
40,149,99999,Washita County,,"Washita County, OK",4014999999,705,855,937,1217,1439,NCNTY40149N40149,10930,OK
40,151,99999,Woods County,,"Woods County, OK",4015199999,759,859,1009,1260,1336,NCNTY40151N40151,8661,OK
40,153,99999,Woodward County,,"Woodward County, OK",4015399999,827,838,1100,1319,1845,NCNTY40153N40153,20411,OK
41,043,99999,Linn County,,"Albany, OR MSA",4104399999,1111,1328,1612,2182,2532,METRO10540M10540,128598,OR
41,017,99999,Deschutes County,,"Bend-Redmond, OR HUD Metro FMR Area",4101799999,1482,1492,1942,2701,3258,METRO13460M13460,199352,OR
41,013,99999,Crook County,,"Crook County, OR HUD Metro FMR Area",4101399999,1115,1123,1473,2049,2471,METRO13460N41013,24987,OR
41,031,99999,Jefferson County,,"Jefferson County, OR HUD Metro FMR Area",4103199999,1015,1022,1328,1847,2018,METRO13460N41031,24659,OR
41,003,99999,Benton County,,"Corvallis, OR MSA",4100399999,1294,1391,1749,2432,2744,METRO18700M18700,95615,OR
41,039,99999,Lane County,,"Eugene-Springfield, OR MSA",4103999999,1321,1390,1824,2537,3060,METRO21660M21660,382218,OR
41,033,99999,Josephine County,,"Grants Pass, OR MSA",4103399999,1003,1109,1455,2024,2150,METRO24420M24420,87994,OR
41,029,99999,Jackson County,,"Medford, OR MSA",4102999999,1127,1313,1634,2273,2685,METRO32780M32780,222604,OR
41,005,99999,Clackamas County,,"Portland-Vancouver-Hillsboro, OR-WA MSA",4100599999,1687,1802,2065,2814,3340,METRO38900M38900,420925,OR
41,009,99999,Columbia County,,"Portland-Vancouver-Hillsboro, OR-WA MSA",4100999999,1687,1802,2065,2814,3340,METRO38900M38900,52865,OR
41,051,99999,Multnomah County,,"Portland-Vancouver-Hillsboro, OR-WA MSA",4105199999,1687,1802,2065,2814,3340,METRO38900M38900,808098,OR
41,067,99999,Washington County,,"Portland-Vancouver-Hillsboro, OR-WA MSA",4106799999,1687,1802,2065,2814,3340,METRO38900M38900,599541,OR
41,071,99999,Yamhill County,,"Portland-Vancouver-Hillsboro, OR-WA MSA",4107199999,1687,1802,2065,2814,3340,METRO38900M38900,107674,OR
41,047,99999,Marion County,,"Salem, OR MSA",4104799999,1257,1278,1660,2298,2487,METRO41420M41420,345815,OR
41,053,99999,Polk County,,"Salem, OR MSA",4105399999,1257,1278,1660,2298,2487,METRO41420M41420,87600,OR
41,001,99999,Baker County,,"Baker County, OR",4100199999,791,933,1088,1513,1825,NCNTY41001N41001,16685,OR
41,007,99999,Clatsop County,,"Clatsop County, OR",4100799999,1110,1162,1525,2088,2558,NCNTY41007N41007,41190,OR
41,011,99999,Coos County,,"Coos County, OR",4101199999,1028,1062,1368,1903,2295,NCNTY41011N41011,64908,OR
41,015,99999,Curry County,,"Curry County, OR",4101599999,1065,1177,1545,2077,2321,NCNTY41015N41015,23404,OR
41,019,99999,Douglas County,,"Douglas County, OR",4101999999,935,1033,1356,1886,2275,NCNTY41019N41019,111322,OR
41,021,99999,Gilliam County,,"Gilliam County, OR",4102199999,768,841,1104,1535,1852,NCNTY41021N41021,1983,OR
41,023,99999,Grant County,,"Grant County, OR",4102399999,807,1013,1159,1576,1944,NCNTY41023N41023,7237,OR
41,025,99999,Harney County,,"Harney County, OR",4102599999,740,811,1064,1480,1785,NCNTY41025N41025,7496,OR
41,027,99999,Hood River County,,"Hood River County, OR",4102799999,1430,1566,2055,2858,3447,NCNTY41027N41027,23965,OR
41,035,99999,Klamath County,,"Klamath County, OR",4103599999,904,1007,1311,1823,2199,NCNTY41035N41035,69506,OR
41,037,99999,Lake County,,"Lake County, OR",4103799999,829,971,1203,1673,2018,NCNTY41037N41037,8201,OR
41,041,99999,Lincoln County,,"Lincoln County, OR",4104199999,1204,1212,1590,2195,2667,NCNTY41041N41041,50334,OR
41,045,99999,Malheur County,,"Malheur County, OR",4104599999,814,993,1140,1585,1912,NCNTY41045N41045,31538,OR
41,049,99999,Morrow County,,"Morrow County, OR",4104999999,761,885,1093,1520,1834,NCNTY41049N41049,12140,OR
41,055,99999,Sherman County,,"Sherman County, OR",4105599999,991,1085,1424,1774,2389,NCNTY41055N41055,1900,OR
41,057,99999,Tillamook County,,"Tillamook County, OR",4105799999,1070,1196,1479,2057,2192,NCNTY41057N41057,27345,OR
41,059,99999,Umatilla County,,"Umatilla County, OR",4105999999,891,985,1293,1798,2168,NCNTY41059N41059,79904,OR
41,061,99999,Union County,,"Union County, OR",4106199999,883,1026,1280,1780,2147,NCNTY41061N41061,26286,OR
41,063,99999,Wallowa County,,"Wallowa County, OR",4106399999,851,1003,1223,1701,2052,NCNTY41063N41063,7439,OR
41,065,99999,Wasco County,,"Wasco County, OR",4106599999,1344,1352,1678,2334,2715,NCNTY41065N41065,26639,OR
41,069,99999,Wheeler County,,"Wheeler County, OR",4106999999,722,791,1038,1444,1741,NCNTY41069N41069,1407,OR
42,025,99999,Carbon County,,"Allentown-Bethlehem-Easton, PA HUD Metro FMR Area",4202599999,1234,1464,1784,2279,2396,METRO10900M10900,65018,PA
42,077,99999,Lehigh County,,"Allentown-Bethlehem-Easton, PA HUD Metro FMR Area",4207799999,1234,1464,1784,2279,2396,METRO10900M10900,374110,PA
42,095,99999,Northampton County,,"Allentown-Bethlehem-Easton, PA HUD Metro FMR Area",4209599999,1234,1464,1784,2279,2396,METRO10900M10900,314299,PA
42,013,99999,Blair County,,"Altoona, PA MSA",4201399999,856,1013,1215,1557,1820,METRO11020M11020,122640,PA
42,055,99999,Franklin County,,"Chambersburg, PA MSA",4205599999,1079,1191,1467,1942,2118,METRO16540M16540,156084,PA
42,049,99999,Erie County,,"Erie, PA MSA",4204999999,896,1013,1300,1608,1806,METRO21500M21500,270495,PA
42,001,99999,Adams County,,"Gettysburg, PA MSA",4200199999,1109,1212,1515,2023,2138,METRO23900M23900,104604,PA
42,041,99999,Cumberland County,,"Harrisburg-Carlisle, PA MSA",4204199999,1139,1305,1607,2067,2128,METRO25420M25420,261269,PA
42,043,99999,Dauphin County,,"Harrisburg-Carlisle, PA MSA",4204399999,1139,1305,1607,2067,2128,METRO25420M25420,286108,PA
42,099,99999,Perry County,,"Harrisburg-Carlisle, PA MSA",4209999999,1139,1305,1607,2067,2128,METRO25420M25420,45941,PA
42,021,99999,Cambria County,,"Johnstown, PA MSA",4202199999,898,904,1106,1529,1585,METRO27780M27780,133263,PA
42,071,99999,Lancaster County,,"Lancaster, PA MSA",4207199999,1195,1324,1655,2147,2191,METRO29540M29540,553202,PA
42,075,99999,Lebanon County,,"Lebanon, PA MSA",4207599999,1114,1197,1519,1935,2109,METRO30140M30140,143258,PA
42,017,99999,Bucks County,,"Philadelphia-Camden-Wilmington, PA-NJ-DE-MD MSA",4201799999,1516,1650,1964,2355,2629,METRO37980M37980,645163,PA
42,029,99999,Chester County,,"Philadelphia-Camden-Wilmington, PA-NJ-DE-MD MSA",4202999999,1516,1650,1964,2355,2629,METRO37980M37980,536474,PA
42,045,99999,Delaware County,,"Philadelphia-Camden-Wilmington, PA-NJ-DE-MD MSA",4204599999,1516,1650,1964,2355,2629,METRO37980M37980,575312,PA
42,091,99999,Montgomery County,,"Philadelphia-Camden-Wilmington, PA-NJ-DE-MD MSA",4209199999,1516,1650,1964,2355,2629,METRO37980M37980,856399,PA
42,101,99999,Philadelphia County,,"Philadelphia-Camden-Wilmington, PA-NJ-DE-MD MSA",4210199999,1516,1650,1964,2355,2629,METRO37980M37980,1593208,PA
42,003,99999,Allegheny County,,"Pittsburgh, PA HUD Metro FMR Area",4200399999,1093,1175,1418,1813,1953,METRO38300M38300,1245310,PA
42,007,99999,Beaver County,,"Pittsburgh, PA HUD Metro FMR Area",4200799999,1093,1175,1418,1813,1953,METRO38300M38300,167629,PA
42,019,99999,Butler County,,"Pittsburgh, PA HUD Metro FMR Area",4201999999,1093,1175,1418,1813,1953,METRO38300M38300,194562,PA
42,051,99999,Fayette County,,"Pittsburgh, PA HUD Metro FMR Area",4205199999,1093,1175,1418,1813,1953,METRO38300M38300,128417,PA
42,125,99999,Washington County,,"Pittsburgh, PA HUD Metro FMR Area",4212599999,1093,1175,1418,1813,1953,METRO38300M38300,209631,PA
42,129,99999,Westmoreland County,,"Pittsburgh, PA HUD Metro FMR Area",4212999999,1093,1175,1418,1813,1953,METRO38300M38300,354414,PA
42,005,99999,Armstrong County,,"Armstrong County, PA HUD Metro FMR Area",4200599999,734,814,1064,1380,1485,METRO38300N42005,65538,PA
42,073,99999,Lawrence County,,"Lawrence County, PA HUD Metro FMR Area",4207399999,767,848,1113,1548,1752,METRO38300N42073,85907,PA
42,011,99999,Berks County,,"Reading, PA MSA",4201199999,1171,1335,1699,2089,2250,METRO39740M39740,428483,PA
42,069,99999,Lackawanna County,,"Scranton--Wilkes-Barre, PA MSA",4206999999,916,1091,1329,1731,1875,METRO42540M42540,215672,PA
42,079,99999,Luzerne County,,"Scranton--Wilkes-Barre, PA MSA",4207999999,916,1091,1329,1731,1875,METRO42540M42540,325396,PA
42,131,99999,Wyoming County,,"Scranton--Wilkes-Barre, PA MSA",4213199999,916,1091,1329,1731,1875,METRO42540M42540,26219,PA
42,027,99999,Centre County,,"State College, PA MSA",4202799999,1275,1282,1510,1890,1999,METRO44300M44300,158665,PA
42,081,99999,Lycoming County,,"Williamsport, PA MSA",4208199999,875,1056,1269,1684,1845,METRO48700M48700,114022,PA
42,133,99999,York County,,"York-Hanover, PA MSA",4213399999,999,1145,1442,1940,1999,METRO49620M49620,457051,PA
42,009,99999,Bedford County,,"Bedford County, PA",4200999999,712,780,1024,1290,1553,NCNTY42009N42009,47613,PA
42,015,99999,Bradford County,,"Bradford County, PA",4201599999,872,877,1108,1394,1582,NCNTY42015N42015,60159,PA
42,023,99999,Cameron County,,"Cameron County, PA",4202399999,760,796,1045,1256,1548,NCNTY42023N42023,4536,PA
42,031,99999,Clarion County,,"Clarion County, PA",4203199999,808,813,1039,1263,1743,NCNTY42031N42031,37489,PA
42,033,99999,Clearfield County,,"Clearfield County, PA",4203399999,768,829,1038,1372,1377,NCNTY42033N42033,79707,PA
42,035,99999,Clinton County,,"Clinton County, PA",4203599999,813,819,1051,1329,1763,NCNTY42035N42035,37860,PA
42,037,99999,Columbia County,,"Columbia County, PA",4203799999,834,998,1209,1450,1667,NCNTY42037N42037,64924,PA
42,039,99999,Crawford County,,"Crawford County, PA",4203999999,742,808,999,1340,1516,NCNTY42039N42039,83876,PA
42,047,99999,Elk County,,"Elk County, PA",4204799999,730,851,1004,1324,1329,NCNTY42047N42047,30886,PA
42,053,99999,Forest County,,"Forest County, PA",4205399999,727,911,999,1269,1676,NCNTY42053N42053,6959,PA
42,057,99999,Fulton County,,"Fulton County, PA",4205799999,741,785,1018,1221,1619,NCNTY42057N42057,14545,PA
42,059,99999,Greene County,,"Greene County, PA",4205999999,878,883,1159,1390,1535,NCNTY42059N42059,35781,PA
42,061,99999,Huntingdon County,,"Huntingdon County, PA",4206199999,790,833,973,1320,1632,NCNTY42061N42061,44123,PA
42,063,99999,Indiana County,,"Indiana County, PA",4206399999,805,898,1035,1402,1593,NCNTY42063N42063,83394,PA
42,065,99999,Jefferson County,,"Jefferson County, PA",4206599999,728,833,1056,1299,1497,NCNTY42065N42065,44326,PA
42,067,99999,Juniata County,,"Juniata County, PA",4206799999,687,748,982,1261,1492,NCNTY42067N42067,23535,PA
42,083,99999,McKean County,,"McKean County, PA",4208399999,746,876,1025,1284,1524,NCNTY42083N42083,40459,PA
42,085,99999,Mercer County,,"Mercer County, PA",4208599999,750,843,1061,1476,1638,NCNTY42085N42085,110600,PA
42,087,99999,Mifflin County,,"Mifflin County, PA",4208799999,849,867,1073,1415,1421,NCNTY42087N42087,46146,PA
42,089,99999,Monroe County,,"Monroe County, PA",4208999999,1178,1264,1659,2142,2390,NCNTY42089N42089,168128,PA
42,093,99999,Montour County,,"Montour County, PA",4209399999,1027,1135,1489,2033,2236,NCNTY42093N42093,18165,PA
42,097,99999,Northumberland County,,"Northumberland County, PA",4209799999,713,896,1034,1319,1369,NCNTY42097N42097,91340,PA
42,103,99999,Pike County,,"Pike County, PA",4210399999,1155,1279,1588,2190,2664,NCNTY42103N42103,58996,PA
42,105,99999,Potter County,,"Potter County, PA",4210599999,748,783,1028,1292,1428,NCNTY42105N42105,16390,PA
42,107,99999,Schuylkill County,,"Schuylkill County, PA",4210799999,784,847,1110,1445,1518,NCNTY42107N42107,143201,PA
42,109,99999,Snyder County,,"Snyder County, PA",4210999999,828,960,1138,1419,1683,NCNTY42109N42109,39797,PA
42,111,99999,Somerset County,,"Somerset County, PA",4211199999,830,835,973,1307,1469,NCNTY42111N42111,73802,PA
42,113,99999,Sullivan County,,"Sullivan County, PA",4211399999,717,786,986,1371,1617,NCNTY42113N42113,5880,PA
42,115,99999,Susquehanna County,,"Susquehanna County, PA",4211599999,818,866,1124,1444,1515,NCNTY42115N42115,38540,PA
42,117,99999,Tioga County,,"Tioga County, PA",4211799999,763,869,1106,1433,1479,NCNTY42117N42117,41186,PA
42,119,99999,Union County,,"Union County, PA",4211999999,794,995,1091,1517,1830,NCNTY42119N42119,42908,PA
42,121,99999,Venango County,,"Venango County, PA",4212199999,703,777,1019,1279,1459,NCNTY42121N42121,50475,PA
42,123,99999,Warren County,,"Warren County, PA",4212399999,809,814,973,1304,1363,NCNTY42123N42123,38492,PA
42,127,99999,Wayne County,,"Wayne County, PA",4212799999,894,1006,1229,1538,2062,NCNTY42127N42127,51227,PA
44,001,05140,Bristol County,Barrington town,"Providence-Fall River, RI-MA HUD Metro FMR Area",4400105140,1437,1529,1885,2276,2704,METRO39300M39300,17113,RI
44,001,09280,Bristol County,Bristol town,"Providence-Fall River, RI-MA HUD Metro FMR Area",4400109280,1437,1529,1885,2276,2704,METRO39300M39300,22317,RI
44,001,73760,Bristol County,Warren town,"Providence-Fall River, RI-MA HUD Metro FMR Area",4400173760,1437,1529,1885,2276,2704,METRO39300M39300,11138,RI
44,003,18640,Kent County,Coventry town,"Providence-Fall River, RI-MA HUD Metro FMR Area",4400318640,1437,1529,1885,2276,2704,METRO39300M39300,35757,RI
44,003,22240,Kent County,East Greenwich town,"Providence-Fall River, RI-MA HUD Metro FMR Area",4400322240,1437,1529,1885,2276,2704,METRO39300M39300,14407,RI
44,003,74300,Kent County,Warwick city,"Providence-Fall River, RI-MA HUD Metro FMR Area",4400374300,1437,1529,1885,2276,2704,METRO39300M39300,82871,RI
44,003,77720,Kent County,West Greenwich town,"Providence-Fall River, RI-MA HUD Metro FMR Area",4400377720,1437,1529,1885,2276,2704,METRO39300M39300,6598,RI
44,003,78440,Kent County,West Warwick town,"Providence-Fall River, RI-MA HUD Metro FMR Area",4400378440,1437,1529,1885,2276,2704,METRO39300M39300,31025,RI
44,005,36820,Newport County,Jamestown town,"Providence-Fall River, RI-MA HUD Metro FMR Area",4400536820,1437,1529,1885,2276,2704,METRO39300M39300,5545,RI
44,005,42400,Newport County,Little Compton town,"Providence-Fall River, RI-MA HUD Metro FMR Area",4400542400,1437,1529,1885,2276,2704,METRO39300M39300,3601,RI
44,005,70880,Newport County,Tiverton town,"Providence-Fall River, RI-MA HUD Metro FMR Area",4400570880,1437,1529,1885,2276,2704,METRO39300M39300,16260,RI
44,007,11800,Providence County,Burrillville town,"Providence-Fall River, RI-MA HUD Metro FMR Area",4400711800,1437,1529,1885,2276,2704,METRO39300M39300,16243,RI
44,007,14140,Providence County,Central Falls city,"Providence-Fall River, RI-MA HUD Metro FMR Area",4400714140,1437,1529,1885,2276,2704,METRO39300M39300,22481,RI
44,007,19180,Providence County,Cranston city,"Providence-Fall River, RI-MA HUD Metro FMR Area",4400719180,1437,1529,1885,2276,2704,METRO39300M39300,82632,RI
44,007,20080,Providence County,Cumberland town,"Providence-Fall River, RI-MA HUD Metro FMR Area",4400720080,1437,1529,1885,2276,2704,METRO39300M39300,36390,RI
44,007,22960,Providence County,East Providence city,"Providence-Fall River, RI-MA HUD Metro FMR Area",4400722960,1437,1529,1885,2276,2704,METRO39300M39300,46970,RI
44,007,27460,Providence County,Foster town,"Providence-Fall River, RI-MA HUD Metro FMR Area",4400727460,1437,1529,1885,2276,2704,METRO39300M39300,4481,RI
44,007,30340,Providence County,Glocester town,"Providence-Fall River, RI-MA HUD Metro FMR Area",4400730340,1437,1529,1885,2276,2704,METRO39300M39300,10067,RI
44,007,37720,Providence County,Johnston town,"Providence-Fall River, RI-MA HUD Metro FMR Area",4400737720,1437,1529,1885,2276,2704,METRO39300M39300,29559,RI
44,007,41500,Providence County,Lincoln town,"Providence-Fall River, RI-MA HUD Metro FMR Area",4400741500,1437,1529,1885,2276,2704,METRO39300M39300,22571,RI
44,007,51760,Providence County,North Providence town,"Providence-Fall River, RI-MA HUD Metro FMR Area",4400751760,1437,1529,1885,2276,2704,METRO39300M39300,33940,RI
44,007,52480,Providence County,North Smithfield town,"Providence-Fall River, RI-MA HUD Metro FMR Area",4400752480,1437,1529,1885,2276,2704,METRO39300M39300,12583,RI
44,007,54640,Providence County,Pawtucket city,"Providence-Fall River, RI-MA HUD Metro FMR Area",4400754640,1437,1529,1885,2276,2704,METRO39300M39300,75280,RI
44,007,59000,Providence County,Providence city,"Providence-Fall River, RI-MA HUD Metro FMR Area",4400759000,1437,1529,1885,2276,2704,METRO39300M39300,190214,RI
44,007,64220,Providence County,Scituate town,"Providence-Fall River, RI-MA HUD Metro FMR Area",4400764220,1437,1529,1885,2276,2704,METRO39300M39300,10417,RI
44,007,66200,Providence County,Smithfield town,"Providence-Fall River, RI-MA HUD Metro FMR Area",4400766200,1437,1529,1885,2276,2704,METRO39300M39300,22075,RI
44,007,80780,Providence County,Woonsocket city,"Providence-Fall River, RI-MA HUD Metro FMR Area",4400780780,1437,1529,1885,2276,2704,METRO39300M39300,43074,RI
44,009,14500,Washington County,Charlestown town,"Providence-Fall River, RI-MA HUD Metro FMR Area",4400914500,1437,1529,1885,2276,2704,METRO39300M39300,8017,RI
44,009,25300,Washington County,Exeter town,"Providence-Fall River, RI-MA HUD Metro FMR Area",4400925300,1437,1529,1885,2276,2704,METRO39300M39300,7100,RI
44,009,48340,Washington County,Narragansett town,"Providence-Fall River, RI-MA HUD Metro FMR Area",4400948340,1437,1529,1885,2276,2704,METRO39300M39300,14540,RI
44,009,51580,Washington County,North Kingstown town,"Providence-Fall River, RI-MA HUD Metro FMR Area",4400951580,1437,1529,1885,2276,2704,METRO39300M39300,27736,RI
44,009,61160,Washington County,Richmond town,"Providence-Fall River, RI-MA HUD Metro FMR Area",4400961160,1437,1529,1885,2276,2704,METRO39300M39300,8107,RI
44,009,67460,Washington County,South Kingstown town,"Providence-Fall River, RI-MA HUD Metro FMR Area",4400967460,1437,1529,1885,2276,2704,METRO39300M39300,32005,RI
44,009,35380,Washington County,Hopkinton town,"Westerly-Hopkinton-New Shoreham, RI HUD Metro FMR Area",4400935380,1461,1470,1858,2317,2511,METRO39300MM5520,8421,RI
44,009,50500,Washington County,New Shoreham town,"Westerly-Hopkinton-New Shoreham, RI HUD Metro FMR Area",4400950500,1461,1470,1858,2317,2511,METRO39300MM5520,829,RI
44,009,77000,Washington County,Westerly town,"Westerly-Hopkinton-New Shoreham, RI HUD Metro FMR Area",4400977000,1461,1470,1858,2317,2511,METRO39300MM5520,23318,RI
44,005,45460,Newport County,Middletown town,"Newport-Middleton-Portsmouth, RI HUD Metro FMR Area",4400545460,1898,1911,2507,3392,3895,METRO39300N44005,16920,RI
44,005,49960,Newport County,Newport city,"Newport-Middleton-Portsmouth, RI HUD Metro FMR Area",4400549960,1898,1911,2507,3392,3895,METRO39300N44005,25029,RI
44,005,57880,Newport County,Portsmouth town,"Newport-Middleton-Portsmouth, RI HUD Metro FMR Area",4400557880,1898,1911,2507,3392,3895,METRO39300N44005,17740,RI
45,003,99999,Aiken County,,"Augusta-Richmond County, GA-SC HUD Metro FMR Area",4500399999,1019,1208,1368,1765,2152,METRO12260M12260,169865,SC
45,037,99999,Edgefield County,,"Augusta-Richmond County, GA-SC HUD Metro FMR Area",4503799999,1019,1208,1368,1765,2152,METRO12260M12260,26181,SC
45,015,99999,Berkeley County,,"Charleston-North Charleston, SC MSA",4501599999,1712,1793,1965,2444,2817,METRO16700M16700,231419,SC
45,019,99999,Charleston County,,"Charleston-North Charleston, SC MSA",4501999999,1712,1793,1965,2444,2817,METRO16700M16700,409840,SC
45,035,99999,Dorchester County,,"Charleston-North Charleston, SC MSA",4503599999,1712,1793,1965,2444,2817,METRO16700M16700,162139,SC
45,091,99999,York County,,"Charlotte-Concord-Gastonia, NC-SC HUD Metro FMR Area",4509199999,1609,1685,1847,2275,2888,METRO16740M16740,282987,SC
45,023,99999,Chester County,,"Chester County, SC HUD Metro FMR Area",4502399999,894,900,1165,1620,1707,METRO16740N45023,32171,SC
45,057,99999,Lancaster County,,"Lancaster County, SC HUD Metro FMR Area",4505799999,976,1022,1120,1531,1879,METRO16740N45057,97611,SC
45,017,99999,Calhoun County,,"Columbia, SC HUD Metro FMR Area",4501799999,1116,1258,1379,1754,2066,METRO17900M17900,14145,SC
45,039,99999,Fairfield County,,"Columbia, SC HUD Metro FMR Area",4503999999,1116,1258,1379,1754,2066,METRO17900M17900,20942,SC
45,063,99999,Lexington County,,"Columbia, SC HUD Metro FMR Area",4506399999,1116,1258,1379,1754,2066,METRO17900M17900,295934,SC
45,079,99999,Richland County,,"Columbia, SC HUD Metro FMR Area",4507999999,1116,1258,1379,1754,2066,METRO17900M17900,416161,SC
45,081,99999,Saluda County,,"Columbia, SC HUD Metro FMR Area",4508199999,1116,1258,1379,1754,2066,METRO17900M17900,18952,SC
45,055,99999,Kershaw County,,"Kershaw County, SC HUD Metro FMR Area",4505599999,895,900,1070,1287,1546,METRO17900N45055,65779,SC
45,041,99999,Florence County,,"Florence, SC HUD Metro FMR Area",4504199999,1017,1023,1199,1539,1705,METRO22500M22500,137015,SC
45,031,99999,Darlington County,,"Darlington County, SC HUD Metro FMR Area",4503199999,913,919,1179,1414,1609,METRO22500N45031,63025,SC
45,007,99999,Anderson County,,"Anderson, SC HUD Metro FMR Area",4500799999,1107,1122,1271,1646,2004,METRO24860M11340,204592,SC
45,045,99999,Greenville County,,"Greenville-Mauldin-Easley, SC HUD Metro FMR Area",4504599999,1269,1329,1457,1754,2114,METRO24860M24860,528251,SC
45,077,99999,Pickens County,,"Greenville-Mauldin-Easley, SC HUD Metro FMR Area",4507799999,1269,1329,1457,1754,2114,METRO24860M24860,131106,SC
45,059,99999,Laurens County,,"Laurens County, SC HUD Metro FMR Area",4505999999,918,924,1205,1445,1729,METRO24860N45059,67456,SC
45,013,99999,Beaufort County,,"Beaufort County, SC HUD Metro FMR Area",4501399999,1753,1835,2012,2412,3014,METRO25940N45013,189071,SC
45,053,99999,Jasper County,,"Jasper County, SC HUD Metro FMR Area",4505399999,1578,1652,1811,2171,2638,METRO25940N45053,29444,SC
45,051,99999,Horry County,,"Myrtle Beach-North Myrtle Beach-Conway, SC HUD Metro FMR Area",4505199999,1231,1321,1575,1941,2269,METRO34820M34820,356578,SC
45,083,99999,Spartanburg County,,"Spartanburg, SC HUD Metro FMR Area",4508399999,1107,1159,1271,1541,1778,METRO43900M43900,330119,SC
45,087,99999,Union County,,"Union County, SC HUD Metro FMR Area",4508799999,849,854,1121,1371,1484,METRO43900N45087,27158,SC
45,085,99999,Sumter County,,"Sumter, SC MSA",4508599999,955,1056,1385,1661,2031,METRO44940M44940,105199,SC
45,001,99999,Abbeville County,,"Abbeville County, SC",4500199999,702,751,934,1264,1268,NCNTY45001N45001,24368,SC
45,005,99999,Allendale County,,"Allendale County, SC",4500599999,678,823,902,1216,1246,NCNTY45005N45005,8073,SC
45,009,99999,Bamberg County,,"Bamberg County, SC",4500999999,689,699,917,1202,1214,NCNTY45009N45009,13311,SC
45,011,99999,Barnwell County,,"Barnwell County, SC",4501199999,740,751,985,1181,1304,NCNTY45011N45011,20653,SC
45,021,99999,Cherokee County,,"Cherokee County, SC",4502199999,815,859,974,1226,1457,NCNTY45021N45021,56200,SC
45,025,99999,Chesterfield County,,"Chesterfield County, SC",4502599999,694,703,923,1196,1323,NCNTY45025N45025,43536,SC
45,027,99999,Clarendon County,,"Clarendon County, SC",4502799999,683,687,902,1205,1380,NCNTY45027N45027,31163,SC
45,029,99999,Colleton County,,"Colleton County, SC",4502999999,734,744,976,1170,1591,NCNTY45029N45029,38561,SC
45,033,99999,Dillon County,,"Dillon County, SC",4503399999,758,762,902,1235,1513,NCNTY45033N45033,28255,SC
45,043,99999,Georgetown County,,"Georgetown County, SC",4504399999,1012,1026,1346,1614,2174,NCNTY45043N45043,63594,SC
45,047,99999,Greenwood County,,"Greenwood County, SC",4504799999,746,805,993,1207,1356,NCNTY45047N45047,69309,SC
45,049,99999,Hampton County,,"Hampton County, SC",4504999999,694,720,923,1228,1411,NCNTY45049N45049,18890,SC
45,061,99999,Lee County,,"Lee County, SC",4506199999,701,711,933,1149,1235,NCNTY45061N45061,16557,SC
45,065,99999,McCormick County,,"McCormick County, SC",4506599999,719,729,956,1251,1320,NCNTY45065N45065,9612,SC
45,067,99999,Marion County,,"Marion County, SC",4506799999,678,823,902,1197,1424,NCNTY45067N45067,29212,SC
45,069,99999,Marlboro County,,"Marlboro County, SC",4506999999,685,687,902,1082,1482,NCNTY45069N45069,26585,SC
45,071,99999,Newberry County,,"Newberry County, SC",4507199999,816,860,1086,1302,1479,NCNTY45071N45071,37918,SC
45,073,99999,Oconee County,,"Oconee County, SC",4507399999,747,752,987,1209,1402,NCNTY45073N45073,78775,SC
45,075,99999,Orangeburg County,,"Orangeburg County, SC",4507599999,736,806,979,1174,1296,NCNTY45075N45075,84159,SC
45,089,99999,Williamsburg County,,"Williamsburg County, SC",4508999999,688,698,916,1201,1330,NCNTY45089N45089,30879,SC
46,103,99999,Pennington County,,"Rapid City, SD HUD Metro FMR Area",4610399999,998,1104,1448,1889,2360,METRO39660M39660,110386,SD
46,033,99999,Custer County,,"Custer County, SD HUD Metro FMR Area",4603399999,846,935,1227,1706,2058,METRO39660N46033,8515,SD
46,093,99999,Meade County,,"Meade County, SD HUD Metro FMR Area",4609399999,930,1028,1349,1876,2263,METRO39660N46093,29970,SD
46,127,99999,Union County,,"Sioux City, IA-NE-SD MSA",4612799999,855,994,1240,1489,1642,METRO43580M43580,16700,SD
46,083,99999,Lincoln County,,"Sioux Falls, SD HUD Metro FMR Area",4608399999,908,1035,1214,1665,2037,METRO43620M43620,65801,SD
46,087,99999,McCook County,,"Sioux Falls, SD HUD Metro FMR Area",4608799999,908,1035,1214,1665,2037,METRO43620M43620,5714,SD
46,099,99999,Minnehaha County,,"Sioux Falls, SD HUD Metro FMR Area",4609999999,908,1035,1214,1665,2037,METRO43620M43620,197742,SD
46,125,99999,Turner County,,"Sioux Falls, SD HUD Metro FMR Area",4612599999,908,1035,1214,1665,2037,METRO43620M43620,8687,SD
46,003,99999,Aurora County,,"Aurora County, SD",4600399999,641,768,929,1289,1438,NCNTY46003N46003,2590,SD
46,005,99999,Beadle County,,"Beadle County, SD",4600599999,685,758,994,1296,1532,NCNTY46005N46005,19089,SD
46,007,99999,Bennett County,,"Bennett County, SD",4600799999,848,937,1230,1475,1904,NCNTY46007N46007,3391,SD
46,009,99999,Bon Homme County,,"Bon Homme County, SD",4600999999,641,762,929,1292,1558,NCNTY46009N46009,7018,SD
46,011,99999,Brookings County,,"Brookings County, SD",4601199999,831,836,1020,1419,1711,NCNTY46011N46011,34631,SD
46,013,99999,Brown County,,"Brown County, SD",4601399999,682,740,971,1221,1544,NCNTY46013N46013,38278,SD
46,015,99999,Brule County,,"Brule County, SD",4601599999,653,722,947,1317,1478,NCNTY46015N46015,5247,SD
46,017,99999,Buffalo County,,"Buffalo County, SD",4601799999,853,943,1237,1483,1915,NCNTY46017N46017,1859,SD
46,019,99999,Butte County,,"Butte County, SD",4601999999,789,872,1144,1372,1771,NCNTY46019N46019,10369,SD
46,021,99999,Campbell County,,"Campbell County, SD",4602199999,701,869,1017,1414,1574,NCNTY46021N46021,1534,SD
46,023,99999,Charles Mix County,,"Charles Mix County, SD",4602399999,803,807,929,1292,1558,NCNTY46023N46023,9302,SD
46,025,99999,Clark County,,"Clark County, SD",4602599999,641,847,929,1144,1256,NCNTY46025N46025,3837,SD
46,027,99999,Clay County,,"Clay County, SD",4602799999,678,750,984,1369,1651,NCNTY46027N46027,14953,SD
46,029,99999,Codington County,,"Codington County, SD",4602999999,787,870,1142,1391,1693,NCNTY46029N46029,28402,SD
46,031,99999,Corson County,,"Corson County, SD",4603199999,641,708,929,1186,1370,NCNTY46031N46031,3906,SD
46,035,99999,Davison County,,"Davison County, SD",4603599999,674,745,977,1359,1639,NCNTY46035N46035,19966,SD
46,037,99999,Day County,,"Day County, SD",4603799999,641,751,929,1292,1438,NCNTY46037N46037,5485,SD
46,039,99999,Deuel County,,"Deuel County, SD",4603999999,641,708,929,1292,1438,NCNTY46039N46039,4298,SD
46,041,99999,Dewey County,,"Dewey County, SD",4604199999,641,832,929,1207,1230,NCNTY46041N46041,5275,SD
46,043,99999,Douglas County,,"Douglas County, SD",4604399999,654,722,948,1206,1468,NCNTY46043N46043,2823,SD
46,045,99999,Edmunds County,,"Edmunds County, SD",4604599999,720,796,1044,1400,1405,NCNTY46045N46045,4014,SD
46,047,99999,Fall River County,,"Fall River County, SD",4604799999,821,908,1191,1428,1844,NCNTY46047N46047,7079,SD
46,049,99999,Faulk County,,"Faulk County, SD",4604999999,683,755,991,1261,1534,NCNTY46049N46049,2140,SD
46,051,99999,Grant County,,"Grant County, SD",4605199999,641,708,929,1292,1438,NCNTY46051N46051,7533,SD
46,053,99999,Gregory County,,"Gregory County, SD",4605399999,641,749,929,1242,1438,NCNTY46053N46053,3983,SD
46,055,99999,Haakon County,,"Haakon County, SD",4605599999,701,775,1017,1294,1574,NCNTY46055N46055,1755,SD
46,057,99999,Hamlin County,,"Hamlin County, SD",4605799999,641,708,929,1225,1230,NCNTY46057N46057,6196,SD
46,059,99999,Hand County,,"Hand County, SD",4605999999,641,788,929,1292,1438,NCNTY46059N46059,3075,SD
46,061,99999,Hanson County,,"Hanson County, SD",4606199999,641,824,929,1292,1438,NCNTY46061N46061,3443,SD
46,063,99999,Harding County,,"Harding County, SD",4606399999,701,775,1017,1294,1574,NCNTY46063N46063,1176,SD
46,065,99999,Hughes County,,"Hughes County, SD",4606599999,750,876,1088,1376,1684,NCNTY46065N46065,17812,SD
46,067,99999,Hutchinson County,,"Hutchinson County, SD",4606799999,641,708,929,1210,1230,NCNTY46067N46067,7401,SD
46,069,99999,Hyde County,,"Hyde County, SD",4606999999,701,775,1017,1294,1574,NCNTY46069N46069,1319,SD
46,071,99999,Jackson County,,"Jackson County, SD",4607199999,641,826,929,1182,1365,NCNTY46071N46071,2838,SD
46,073,99999,Jerauld County,,"Jerauld County, SD",4607399999,701,775,1017,1294,1574,NCNTY46073N46073,1836,SD
46,075,99999,Jones County,,"Jones County, SD",4607599999,641,708,929,1182,1438,NCNTY46075N46075,1006,SD
46,077,99999,Kingsbury County,,"Kingsbury County, SD",4607799999,683,755,991,1188,1534,NCNTY46077N46077,5172,SD
46,079,99999,Lake County,,"Lake County, SD",4607999999,707,781,1025,1229,1719,NCNTY46079N46079,11207,SD
46,081,99999,Lawrence County,,"Lawrence County, SD",4608199999,754,834,1094,1521,1835,NCNTY46081N46081,26047,SD
46,085,99999,Lyman County,,"Lyman County, SD",4608599999,662,732,960,1151,1486,NCNTY46085N46085,3719,SD
46,089,99999,McPherson County,,"McPherson County, SD",4608999999,641,710,929,1182,1438,NCNTY46089N46089,2251,SD
46,091,99999,Marshall County,,"Marshall County, SD",4609199999,641,708,929,1281,1438,NCNTY46091N46091,4363,SD
46,095,99999,Mellette County,,"Mellette County, SD",4609599999,880,973,1277,1625,1977,NCNTY46095N46095,1989,SD
46,097,99999,Miner County,,"Miner County, SD",4609799999,641,708,929,1182,1438,NCNTY46097N46097,2312,SD
46,101,99999,Moody County,,"Moody County, SD",4610199999,641,708,929,1243,1438,NCNTY46101N46101,6346,SD
46,102,99999,Oglala Lakota County,,Oglala Lakota County,4610299999,641,708,929,1282,1511,NCNTY46102N46102,13695,SD
46,105,99999,Perkins County,,"Perkins County, SD",4610599999,641,722,929,1212,1438,NCNTY46105N46105,2970,SD
46,107,99999,Potter County,,"Potter County, SD",4610799999,765,846,1110,1413,1718,NCNTY46107N46107,2587,SD
46,109,99999,Roberts County,,"Roberts County, SD",4610999999,641,799,929,1234,1558,NCNTY46109N46109,10242,SD
46,111,99999,Sanborn County,,"Sanborn County, SD",4611199999,641,766,929,1292,1438,NCNTY46111N46111,2373,SD
46,115,99999,Spink County,,"Spink County, SD",4611599999,641,777,929,1114,1537,NCNTY46115N46115,6355,SD
46,117,99999,Stanley County,,"Stanley County, SD",4611799999,750,829,1088,1385,1684,NCNTY46117N46117,2979,SD
46,119,99999,Sully County,,"Sully County, SD",4611999999,701,775,1017,1294,1574,NCNTY46119N46119,1318,SD
46,121,99999,Todd County,,"Todd County, SD",4612199999,641,840,929,1292,1438,NCNTY46121N46121,9353,SD
46,123,99999,Tripp County,,"Tripp County, SD",4612399999,641,708,929,1251,1438,NCNTY46123N46123,5607,SD
46,129,99999,Walworth County,,"Walworth County, SD",4612999999,693,766,1005,1205,1507,NCNTY46129N46129,5317,SD
46,135,99999,Yankton County,,"Yankton County, SD",4613599999,676,855,980,1363,1517,NCNTY46135N46135,23311,SD
46,137,99999,Ziebach County,,"Ziebach County, SD",4613799999,641,708,929,1114,1230,NCNTY46137N46137,2455,SD
47,065,99999,Hamilton County,,"Chattanooga, TN-GA MSA",4706599999,1336,1394,1534,1913,2044,METRO16860M16860,367193,TN
47,115,99999,Marion County,,"Chattanooga, TN-GA MSA",4711599999,1336,1394,1534,1913,2044,METRO16860M16860,28852,TN
47,153,99999,Sequatchie County,,"Chattanooga, TN-GA MSA",4715399999,1336,1394,1534,1913,2044,METRO16860M16860,16065,TN
47,125,99999,Montgomery County,,"Clarksville, TN-KY HUD Metro FMR Area",4712599999,1180,1184,1457,2026,2444,METRO17300M17300,222305,TN
47,161,99999,Stewart County,,"Stewart County, TN HUD Metro FMR Area",4716199999,720,848,1045,1453,1753,METRO17300M47161,13724,TN
47,011,99999,Bradley County,,"Cleveland, TN MSA",4701199999,905,1001,1313,1687,1738,METRO17420M17420,108859,TN
47,139,99999,Polk County,,"Cleveland, TN MSA",4713999999,905,1001,1313,1687,1738,METRO17420M17420,17620,TN
47,023,99999,Chester County,,"Jackson, TN HUD Metro FMR Area",4702399999,951,1052,1380,1837,1925,METRO27180M27180,17392,TN
47,113,99999,Madison County,,"Jackson, TN HUD Metro FMR Area",4711399999,951,1052,1380,1837,1925,METRO27180M27180,98644,TN
47,053,99999,Gibson County,,"Gibson County, TN HUD Metro FMR Area",4705399999,708,776,1018,1416,1708,METRO27180M47053,50455,TN
47,033,99999,Crockett County,,"Crockett County, TN HUD Metro FMR Area",4703399999,819,916,1178,1511,1757,METRO27180N47033,13955,TN
47,019,99999,Carter County,,"Johnson City, TN MSA",4701999999,959,965,1224,1512,1674,METRO27740M27740,56315,TN
47,171,99999,Unicoi County,,"Johnson City, TN MSA",4717199999,959,965,1224,1512,1674,METRO27740M27740,17845,TN
47,179,99999,Washington County,,"Johnson City, TN MSA",4717999999,959,965,1224,1512,1674,METRO27740M27740,133282,TN
47,073,99999,Hawkins County,,"Kingsport-Bristol, TN-VA MSA",4707399999,775,881,1124,1441,1577,METRO28700M28700,57107,TN
47,163,99999,Sullivan County,,"Kingsport-Bristol, TN-VA MSA",4716399999,775,881,1124,1441,1577,METRO28700M28700,158722,TN
47,001,99999,Anderson County,,"Knoxville, TN HUD Metro FMR Area",4700199999,1283,1291,1603,2031,2367,METRO28940M28940,77337,TN
47,009,99999,Blount County,,"Knoxville, TN HUD Metro FMR Area",4700999999,1283,1291,1603,2031,2367,METRO28940M28940,135951,TN
47,093,99999,Knox County,,"Knoxville, TN HUD Metro FMR Area",4709399999,1283,1291,1603,2031,2367,METRO28940M28940,481406,TN
47,105,99999,Loudon County,,"Knoxville, TN HUD Metro FMR Area",4710599999,1283,1291,1603,2031,2367,METRO28940M28940,55507,TN
47,173,99999,Union County,,"Knoxville, TN HUD Metro FMR Area",4717399999,1283,1291,1603,2031,2367,METRO28940M28940,19860,TN
47,057,99999,Grainger County,,"Grainger County, TN HUD Metro FMR Area",4705799999,761,766,1005,1326,1331,METRO28940M47057,23648,TN
47,013,99999,Campbell County,,"Campbell County, TN HUD Metro FMR Area",4701399999,763,768,1008,1330,1335,METRO28940N47013,39397,TN
47,129,99999,Morgan County,,"Morgan County, TN HUD Metro FMR Area",4712999999,788,793,1041,1373,1378,METRO28940N47129,21124,TN
47,145,99999,Roane County,,"Roane County, TN HUD Metro FMR Area",4714599999,952,958,1140,1495,1912,METRO28940N47145,53777,TN
47,047,99999,Fayette County,,"Memphis, TN-MS-AR HUD Metro FMR Area",4704799999,1159,1262,1393,1840,2142,METRO32820M32820,42228,TN
47,157,99999,Shelby County,,"Memphis, TN-MS-AR HUD Metro FMR Area",4715799999,1159,1262,1393,1840,2142,METRO32820M32820,926440,TN
47,167,99999,Tipton County,,"Memphis, TN-MS-AR HUD Metro FMR Area",4716799999,1159,1262,1393,1840,2142,METRO32820M32820,61116,TN
47,063,99999,Hamblen County,,"Morristown, TN HUD Metro FMR Area",4706399999,942,948,1213,1544,1952,METRO34100M34100,64531,TN
47,089,99999,Jefferson County,,"Morristown, TN HUD Metro FMR Area",4708999999,942,948,1213,1544,1952,METRO34100M34100,55017,TN
47,015,99999,Cannon County,,"Nashville-Davidson--Murfreesboro--Franklin, TN HUD Metro FMR Area",4701599999,1638,1715,1880,2403,2930,METRO34980M34980,14481,TN
47,021,99999,Cheatham County,,"Nashville-Davidson--Murfreesboro--Franklin, TN HUD Metro FMR Area",4702199999,1638,1715,1880,2403,2930,METRO34980M34980,41184,TN
47,037,99999,Davidson County,,"Nashville-Davidson--Murfreesboro--Franklin, TN HUD Metro FMR Area",4703799999,1638,1715,1880,2403,2930,METRO34980M34980,709786,TN
47,043,99999,Dickson County,,"Nashville-Davidson--Murfreesboro--Franklin, TN HUD Metro FMR Area",4704399999,1638,1715,1880,2403,2930,METRO34980M34980,54563,TN
47,147,99999,Robertson County,,"Nashville-Davidson--Murfreesboro--Franklin, TN HUD Metro FMR Area",4714799999,1638,1715,1880,2403,2930,METRO34980M34980,73297,TN
47,149,99999,Rutherford County,,"Nashville-Davidson--Murfreesboro--Franklin, TN HUD Metro FMR Area",4714999999,1638,1715,1880,2403,2930,METRO34980M34980,343727,TN
47,165,99999,Sumner County,,"Nashville-Davidson--Murfreesboro--Franklin, TN HUD Metro FMR Area",4716599999,1638,1715,1880,2403,2930,METRO34980M34980,196845,TN
47,169,99999,Trousdale County,,"Nashville-Davidson--Murfreesboro--Franklin, TN HUD Metro FMR Area",4716999999,1638,1715,1880,2403,2930,METRO34980M34980,11596,TN
47,187,99999,Williamson County,,"Nashville-Davidson--Murfreesboro--Franklin, TN HUD Metro FMR Area",4718799999,1638,1715,1880,2403,2930,METRO34980M34980,248897,TN
47,189,99999,Wilson County,,"Nashville-Davidson--Murfreesboro--Franklin, TN HUD Metro FMR Area",4718999999,1638,1715,1880,2403,2930,METRO34980M34980,149096,TN
47,081,99999,Hickman County,,"Hickman County, TN HUD Metro FMR Area",4708199999,876,881,1051,1353,1763,METRO34980N47081,24996,TN
47,111,99999,Macon County,,"Macon County, TN HUD Metro FMR Area",4711199999,917,961,1053,1398,1630,METRO34980N47111,25365,TN
47,119,99999,Maury County,,"Maury County, TN HUD Metro FMR Area",4711999999,1278,1285,1524,1922,2160,METRO34980N47119,102002,TN
47,159,99999,Smith County,,"Smith County, TN HUD Metro FMR Area",4715999999,857,863,1132,1473,1499,METRO34980N47159,20034,TN
47,003,99999,Bedford County,,"Bedford County, TN",4700399999,844,983,1078,1499,1740,NCNTY47003N47003,50533,TN
47,005,99999,Benton County,,"Benton County, TN",4700599999,700,705,925,1286,1402,NCNTY47005N47005,15933,TN
47,007,99999,Bledsoe County,,"Bledsoe County, TN",4700799999,760,765,1004,1204,1684,NCNTY47007N47007,14816,TN
47,017,99999,Carroll County,,"Carroll County, TN",4701799999,735,757,939,1168,1502,NCNTY47017N47017,28381,TN
47,025,99999,Claiborne County,,"Claiborne County, TN",4702599999,724,844,925,1155,1277,NCNTY47025N47025,32092,TN
47,027,99999,Clay County,,"Clay County, TN",4702799999,700,705,925,1286,1289,NCNTY47027N47027,7592,TN
47,029,99999,Cocke County,,"Cocke County, TN",4702999999,683,795,991,1296,1312,NCNTY47029N47029,36186,TN
47,031,99999,Coffee County,,"Coffee County, TN",4703199999,854,860,1057,1412,1417,NCNTY47031N47031,58080,TN
47,035,99999,Cumberland County,,"Cumberland County, TN",4703599999,781,786,1024,1417,1422,NCNTY47035N47035,61552,TN
47,039,99999,Decatur County,,"Decatur County, TN",4703999999,724,736,925,1286,1289,NCNTY47039N47039,11483,TN
47,041,99999,DeKalb County,,"DeKalb County, TN",4704199999,784,790,1036,1242,1666,NCNTY47041N47041,20209,TN
47,045,99999,Dyer County,,"Dyer County, TN",4704599999,724,778,925,1220,1225,NCNTY47045N47045,36818,TN
47,049,99999,Fentress County,,"Fentress County, TN",4704999999,700,705,925,1204,1290,NCNTY47049N47049,18642,TN
47,051,99999,Franklin County,,"Franklin County, TN",4705199999,785,790,1037,1383,1716,NCNTY47051N47051,42980,TN
47,055,99999,Giles County,,"Giles County, TN",4705599999,807,812,1066,1278,1486,NCNTY47055N47055,30317,TN
47,059,99999,Greene County,,"Greene County, TN",4705999999,638,797,925,1279,1420,NCNTY47059N47059,70399,TN
47,061,99999,Grundy County,,"Grundy County, TN",4706199999,724,844,925,1162,1289,NCNTY47061N47061,13550,TN
47,067,99999,Hancock County,,"Hancock County, TN",4706799999,724,844,925,1109,1225,NCNTY47067N47067,6726,TN
47,069,99999,Hardeman County,,"Hardeman County, TN",4706999999,700,705,925,1286,1348,NCNTY47069N47069,25519,TN
47,071,99999,Hardin County,,"Hardin County, TN",4707199999,710,715,938,1237,1242,NCNTY47071N47071,26824,TN
47,075,99999,Haywood County,,"Haywood County, TN",4707599999,700,705,925,1226,1417,NCNTY47075N47075,17806,TN
47,077,99999,Henderson County,,"Henderson County, TN",4707799999,745,764,952,1212,1327,NCNTY47077N47077,27845,TN
47,079,99999,Henry County,,"Henry County, TN",4707999999,735,740,971,1164,1353,NCNTY47079N47079,32305,TN
47,083,99999,Houston County,,"Houston County, TN",4708399999,724,726,925,1253,1552,NCNTY47083N47083,8253,TN
47,085,99999,Humphreys County,,"Humphreys County, TN",4708599999,777,782,1026,1277,1430,NCNTY47085N47085,19032,TN
47,087,99999,Jackson County,,"Jackson County, TN",4708799999,712,717,941,1238,1311,NCNTY47087N47087,11730,TN
47,091,99999,Johnson County,,"Johnson County, TN",4709199999,724,844,925,1273,1289,NCNTY47091N47091,17982,TN
47,095,99999,Lake County,,"Lake County, TN",4709599999,700,705,925,1174,1289,NCNTY47095N47095,6898,TN
47,097,99999,Lauderdale County,,"Lauderdale County, TN",4709799999,706,710,925,1239,1474,NCNTY47097N47097,25171,TN
47,099,99999,Lawrence County,,"Lawrence County, TN",4709999999,762,767,1007,1207,1333,NCNTY47099N47099,44377,TN
47,101,99999,Lewis County,,"Lewis County, TN",4710199999,724,844,925,1286,1552,NCNTY47101N47101,12637,TN
47,103,99999,Lincoln County,,"Lincoln County, TN",4710399999,745,868,952,1324,1327,NCNTY47103N47103,35365,TN
47,107,99999,McMinn County,,"McMinn County, TN",4710799999,772,900,987,1227,1307,NCNTY47107N47107,53532,TN
47,109,99999,McNairy County,,"McNairy County, TN",4710999999,724,742,925,1286,1442,NCNTY47109N47109,25895,TN
47,117,99999,Marshall County,,"Marshall County, TN",4711799999,828,834,1094,1443,1448,NCNTY47117N47117,34567,TN
47,121,99999,Meigs County,,"Meigs County, TN",4712199999,772,777,1019,1352,1420,NCNTY47121N47121,12839,TN
47,123,99999,Monroe County,,"Monroe County, TN",4712399999,684,764,925,1220,1225,NCNTY47123N47123,46489,TN
47,127,99999,Moore County,,"Moore County, TN",4712799999,724,742,925,1282,1289,NCNTY47127N47127,6558,TN
47,131,99999,Obion County,,"Obion County, TN",4713199999,737,742,944,1212,1250,NCNTY47131N47131,30670,TN
47,133,99999,Overton County,,"Overton County, TN",4713399999,724,742,925,1165,1225,NCNTY47133N47133,22576,TN
47,135,99999,Perry County,,"Perry County, TN",4713599999,738,834,943,1131,1367,NCNTY47135N47135,8432,TN
47,137,99999,Pickett County,,"Pickett County, TN",4713799999,755,760,997,1195,1389,NCNTY47137N47137,5042,TN
47,141,99999,Putnam County,,"Putnam County, TN",4714199999,794,864,1071,1488,1644,NCNTY47141N47141,80157,TN
47,143,99999,Rhea County,,"Rhea County, TN",4714399999,756,761,998,1316,1321,NCNTY47143N47143,33031,TN
47,151,99999,Scott County,,"Scott County, TN",4715199999,724,762,925,1159,1552,NCNTY47151N47151,21917,TN
47,155,99999,Sevier County,,"Sevier County, TN",4715599999,953,1051,1252,1645,1658,NCNTY47155N47155,98455,TN
47,175,99999,Van Buren County,,"Van Buren County, TN",4717599999,700,705,925,1198,1289,NCNTY47175N47175,6182,TN
47,177,99999,Warren County,,"Warren County, TN",4717799999,760,765,1004,1204,1329,NCNTY47177N47177,41163,TN
47,181,99999,Wayne County,,"Wayne County, TN",4718199999,700,705,925,1109,1289,NCNTY47181N47181,16325,TN
47,183,99999,Weakley County,,"Weakley County, TN",4718399999,732,737,960,1161,1610,NCNTY47183N47183,32946,TN
47,185,99999,White County,,"White County, TN",4718599999,789,794,1042,1303,1659,NCNTY47185N47185,27420,TN
48,059,99999,Callahan County,,"Abilene, TX MSA",4805999999,1075,1085,1358,1759,2115,METRO10180M10180,13869,TX
48,253,99999,Jones County,,"Abilene, TX MSA",4825399999,1075,1085,1358,1759,2115,METRO10180M10180,19758,TX
48,441,99999,Taylor County,,"Abilene, TX MSA",4844199999,1075,1085,1358,1759,2115,METRO10180M10180,143029,TX
48,011,99999,Armstrong County,,"Amarillo, TX HUD Metro FMR Area",4801199999,832,966,1183,1608,1863,METRO11100M11100,1912,TX
48,065,99999,Carson County,,"Amarillo, TX HUD Metro FMR Area",4806599999,832,966,1183,1608,1863,METRO11100M11100,5801,TX
48,375,99999,Potter County,,"Amarillo, TX HUD Metro FMR Area",4837599999,832,966,1183,1608,1863,METRO11100M11100,117905,TX
48,381,99999,Randall County,,"Amarillo, TX HUD Metro FMR Area",4838199999,832,966,1183,1608,1863,METRO11100M11100,141489,TX
48,359,99999,Oldham County,,"Oldham County, TX HUD Metro FMR Area",4835999999,856,994,1217,1657,1917,METRO11100N48359,2171,TX
48,021,99999,Bastrop County,,"Austin-Round Rock-San Marcos, TX MSA",4802199999,1586,1681,1992,2524,2969,METRO12420M12420,98435,TX
48,055,99999,Caldwell County,,"Austin-Round Rock-San Marcos, TX MSA",4805599999,1586,1681,1992,2524,2969,METRO12420M12420,46141,TX
48,209,99999,Hays County,,"Austin-Round Rock-San Marcos, TX MSA",4820999999,1586,1681,1992,2524,2969,METRO12420M12420,245351,TX
48,453,99999,Travis County,,"Austin-Round Rock-San Marcos, TX MSA",4845399999,1586,1681,1992,2524,2969,METRO12420M12420,1289054,TX
48,491,99999,Williamson County,,"Austin-Round Rock-San Marcos, TX MSA",4849199999,1586,1681,1992,2524,2969,METRO12420M12420,617396,TX
48,199,99999,Hardin County,,"Beaumont-Port Arthur, TX MSA",4819999999,962,968,1189,1558,1867,METRO13140M13140,56576,TX
48,245,99999,Jefferson County,,"Beaumont-Port Arthur, TX MSA",4824599999,962,968,1189,1558,1867,METRO13140M13140,254942,TX
48,361,99999,Orange County,,"Beaumont-Port Arthur, TX MSA",4836199999,962,968,1189,1558,1867,METRO13140M13140,84761,TX
48,061,99999,Cameron County,,"Brownsville-Harlingen, TX MSA",4806199999,821,920,1112,1501,1571,METRO15180M15180,421854,TX
48,041,99999,Brazos County,,"College Station-Bryan, TX MSA",4804199999,1096,1157,1268,1763,2062,METRO17780M17780,234548,TX
48,051,99999,Burleson County,,"College Station-Bryan, TX MSA",4805199999,1096,1157,1268,1763,2062,METRO17780M17780,17958,TX
48,395,99999,Robertson County,,"College Station-Bryan, TX MSA",4839599999,1096,1157,1268,1763,2062,METRO17780M17780,16912,TX
48,355,99999,Nueces County,,"Corpus Christi, TX HUD Metro FMR Area",4835599999,1105,1198,1465,1926,2202,METRO18580M18580,353245,TX
48,409,99999,San Patricio County,,"Corpus Christi, TX HUD Metro FMR Area",4840999999,1105,1198,1465,1926,2202,METRO18580M18580,68942,TX
48,007,99999,Aransas County,,"Aransas County, TX HUD Metro FMR Area",4800799999,1181,1197,1570,2131,2361,METRO18580N48007,24048,TX
48,085,99999,Collin County,,"Dallas, TX HUD Metro FMR Area",4808599999,1736,1808,2119,2668,3392,METRO19100M19100,1079153,TX
48,113,99999,Dallas County,,"Dallas, TX HUD Metro FMR Area",4811399999,1736,1808,2119,2668,3392,METRO19100M19100,2604053,TX
48,121,99999,Denton County,,"Dallas, TX HUD Metro FMR Area",4812199999,1736,1808,2119,2668,3392,METRO19100M19100,914870,TX
48,139,99999,Ellis County,,"Dallas, TX HUD Metro FMR Area",4813999999,1736,1808,2119,2668,3392,METRO19100M19100,195509,TX
48,231,99999,Hunt County,,"Dallas, TX HUD Metro FMR Area",4823199999,1736,1808,2119,2668,3392,METRO19100M19100,101596,TX
48,257,99999,Kaufman County,,"Dallas, TX HUD Metro FMR Area",4825799999,1736,1808,2119,2668,3392,METRO19100M19100,149773,TX
48,397,99999,Rockwall County,,"Dallas, TX HUD Metro FMR Area",4839799999,1736,1808,2119,2668,3392,METRO19100M19100,110631,TX
48,251,99999,Johnson County,,"Fort Worth-Arlington, TX HUD Metro FMR Area",4825199999,1540,1591,1860,2454,3039,METRO19100MM2800,182690,TX
48,367,99999,Parker County,,"Fort Worth-Arlington, TX HUD Metro FMR Area",4836799999,1540,1591,1860,2454,3039,METRO19100MM2800,151188,TX
48,439,99999,Tarrant County,,"Fort Worth-Arlington, TX HUD Metro FMR Area",4843999999,1540,1591,1860,2454,3039,METRO19100MM2800,2113854,TX
48,497,99999,Wise County,,"Wise County, TX HUD Metro FMR Area",4849799999,998,1004,1318,1833,2211,METRO19100N48497,70062,TX
48,323,99999,Maverick County,,"Eagle Pass, TX MSA",4832399999,869,948,1039,1427,1601,METRO20580M20580,57806,TX
48,141,99999,El Paso County,,"El Paso, TX HUD Metro FMR Area",4814199999,883,1089,1280,1755,2147,METRO21340M21340,863832,TX
48,229,99999,Hudspeth County,,"Hudspeth County, TX HUD Metro FMR Area",4822999999,883,1089,1280,1535,2147,METRO21340N48229,3329,TX
48,071,99999,Chambers County,,"Houston-The Woodlands-Sugar Land, TX HUD Metro FMR Area",4807199999,1387,1434,1705,2294,2860,METRO26420M26420,47037,TX
48,157,99999,Fort Bend County,,"Houston-The Woodlands-Sugar Land, TX HUD Metro FMR Area",4815799999,1387,1434,1705,2294,2860,METRO26420M26420,832607,TX
48,167,99999,Galveston County,,"Houston-The Woodlands-Sugar Land, TX HUD Metro FMR Area",4816799999,1387,1434,1705,2294,2860,METRO26420M26420,350801,TX
48,201,99999,Harris County,,"Houston-The Woodlands-Sugar Land, TX HUD Metro FMR Area",4820199999,1387,1434,1705,2294,2860,METRO26420M26420,4726177,TX
48,291,99999,Liberty County,,"Houston-The Woodlands-Sugar Land, TX HUD Metro FMR Area",4829199999,1387,1434,1705,2294,2860,METRO26420M26420,93523,TX
48,339,99999,Montgomery County,,"Houston-The Woodlands-Sugar Land, TX HUD Metro FMR Area",4833999999,1387,1434,1705,2294,2860,METRO26420M26420,629989,TX
48,473,99999,Waller County,,"Houston-The Woodlands-Sugar Land, TX HUD Metro FMR Area",4847399999,1387,1434,1705,2294,2860,METRO26420M26420,57463,TX
48,039,99999,Brazoria County,,"Brazoria County, TX HUD Metro FMR Area",4803999999,1186,1361,1492,2019,2503,METRO26420MM1145,374600,TX
48,015,99999,Austin County,,"Austin County, TX HUD Metro FMR Area",4801599999,1034,1041,1279,1779,2146,METRO26420N48015,30406,TX
48,407,99999,San Jacinto County,,"San Jacinto County, TX HUD Metro FMR Area",4840799999,1065,1194,1309,1750,2196,METRO26420N48407,27666,TX
48,027,99999,Bell County,,"Killeen-Temple, TX HUD Metro FMR Area",4802799999,1066,1072,1336,1854,2241,METRO28660M28660,372821,TX
48,099,99999,Coryell County,,"Killeen-Temple, TX HUD Metro FMR Area",4809999999,1066,1072,1336,1854,2241,METRO28660M28660,82927,TX
48,281,99999,Lampasas County,,"Lampasas County, TX HUD Metro FMR Area",4828199999,844,850,1115,1541,1870,METRO28660N48281,21829,TX
48,479,99999,Webb County,,"Laredo, TX MSA",4847999999,1013,1019,1230,1588,1643,METRO29700M29700,267282,TX
48,183,99999,Gregg County,,"Longview, TX HUD Metro FMR Area",4818399999,1091,1097,1299,1740,1836,METRO30980M30980,124245,TX
48,459,99999,Upshur County,,"Longview, TX HUD Metro FMR Area",4845999999,1091,1097,1299,1740,1836,METRO30980M30980,41261,TX
48,203,99999,Harrison County,,"Harrison County, TX HUD Metro FMR Area",4820399999,903,998,1310,1571,1734,METRO30980M48203,69098,TX
48,401,99999,Rusk County,,"Rusk County, TX HUD Metro FMR Area",4840199999,959,966,1267,1565,1731,METRO30980N48401,52755,TX
48,107,99999,Crosby County,,"Lubbock, TX HUD Metro FMR Area",4810799999,872,1055,1253,1743,2068,METRO31180M31180,5157,TX
48,303,99999,Lubbock County,,"Lubbock, TX HUD Metro FMR Area",4830399999,872,1055,1253,1743,2068,METRO31180M31180,311509,TX
48,079,99999,Cochran County,,"Cochran County, TX HUD Metro FMR Area",4807999999,694,835,991,1192,1636,METRO31180N48079,2529,TX
48,169,99999,Garza County,,"Garza County, TX HUD Metro FMR Area",4816999999,716,862,1023,1423,1650,METRO31180N48169,5735,TX
48,219,99999,Hockley County,,"Hockley County, TX HUD Metro FMR Area",4821999999,848,854,973,1353,1632,METRO31180N48219,21495,TX
48,305,99999,Lynn County,,"Lynn County, TX HUD Metro FMR Area",4830599999,786,856,1123,1346,1634,METRO31180N48305,5619,TX
48,215,99999,Hidalgo County,,"McAllen-Edinburg-Mission, TX MSA",4821599999,894,900,1126,1462,1617,METRO32580M32580,873167,TX
48,329,99999,Midland County,,"Midland, TX HUD Metro FMR Area",4832999999,1520,1575,1935,2485,2815,METRO33260M33260,169393,TX
48,317,99999,Martin County,,"Martin County, TX HUD Metro FMR Area",4831799999,1496,1564,1924,2404,2854,METRO33260N48317,5228,TX
48,135,99999,Ector County,,"Odessa, TX MSA",4813599999,1298,1323,1663,1994,2307,METRO36220M36220,162300,TX
48,235,99999,Irion County,,"San Angelo, TX MSA",4823599999,987,1121,1431,1946,2183,METRO41660M41660,1561,TX
48,451,99999,Tom Green County,,"San Angelo, TX MSA",4845199999,987,1121,1431,1946,2183,METRO41660M41660,119276,TX
48,019,99999,Bandera County,,"San Antonio-New Braunfels, TX HUD Metro FMR Area",4801999999,1162,1269,1538,1973,2299,METRO41700M41700,21182,TX
48,029,99999,Bexar County,,"San Antonio-New Braunfels, TX HUD Metro FMR Area",4802999999,1162,1269,1538,1973,2299,METRO41700M41700,2014059,TX
48,091,99999,Comal County,,"San Antonio-New Braunfels, TX HUD Metro FMR Area",4809199999,1162,1269,1538,1973,2299,METRO41700M41700,165201,TX
48,187,99999,Guadalupe County,,"San Antonio-New Braunfels, TX HUD Metro FMR Area",4818799999,1162,1269,1538,1973,2299,METRO41700M41700,173828,TX
48,493,99999,Wilson County,,"San Antonio-New Braunfels, TX HUD Metro FMR Area",4849399999,1162,1269,1538,1973,2299,METRO41700M41700,50381,TX
48,013,99999,Atascosa County,,"Atascosa County, TX HUD Metro FMR Area",4801399999,861,1037,1137,1486,1505,METRO41700N48013,49403,TX
48,259,99999,Kendall County,,"Kendall County, TX HUD Metro FMR Area",4825999999,1360,1369,1724,2274,2283,METRO41700N48259,45376,TX
48,325,99999,Medina County,,"Medina County, TX HUD Metro FMR Area",4832599999,987,994,1304,1720,1727,METRO41700N48325,51432,TX
48,181,99999,Grayson County,,"Sherman-Denison, TX MSA",4818199999,1149,1150,1426,1983,2277,METRO43300M43300,137008,TX
48,037,99999,Bowie County,,"Texarkana, TX-Texarkana, AR HUD Metro FMR Area",4803799999,910,919,1166,1450,1755,METRO45500M45500,92747,TX
48,423,99999,Smith County,,"Tyler, TX MSA",4842399999,1053,1165,1431,1918,2119,METRO46340M46340,234667,TX
48,175,99999,Goliad County,,"Victoria, TX MSA",4817599999,1226,1234,1543,1850,2043,METRO47020M47020,7092,TX
48,469,99999,Victoria County,,"Victoria, TX MSA",4846999999,1226,1234,1543,1850,2043,METRO47020M47020,91209,TX
48,309,99999,McLennan County,,"Waco, TX HUD Metro FMR Area",4830999999,850,996,1240,1599,1644,METRO47380M47380,261090,TX
48,035,99999,Bosque County,,"Bosque County, TX HUD Metro FMR Area",4803599999,685,758,994,1311,1316,METRO47380N48035,18404,TX
48,145,99999,Falls County,,"Falls County, TX HUD Metro FMR Area",4814599999,671,742,973,1353,1632,METRO47380N48145,17013,TX
48,009,99999,Archer County,,"Wichita Falls, TX MSA",4800999999,874,973,1195,1634,1850,METRO48660M48660,8649,TX
48,077,99999,Clay County,,"Wichita Falls, TX MSA",4807799999,874,973,1195,1634,1850,METRO48660M48660,10290,TX
48,485,99999,Wichita County,,"Wichita Falls, TX MSA",4848599999,874,973,1195,1634,1850,METRO48660M48660,129584,TX
48,001,99999,Anderson County,,"Anderson County, TX",4800199999,966,972,1205,1445,1819,NCNTY48001N48001,58077,TX
48,003,99999,Andrews County,,"Andrews County, TX",4800399999,1240,1455,1595,1912,2347,NCNTY48003N48003,18362,TX
48,005,99999,Angelina County,,"Angelina County, TX",4800599999,947,964,1103,1475,1527,NCNTY48005N48005,86608,TX
48,017,99999,Bailey County,,"Bailey County, TX",4801799999,756,778,973,1266,1432,NCNTY48017N48017,6902,TX
48,023,99999,Baylor County,,"Baylor County, TX",4802399999,737,742,973,1353,1432,NCNTY48023N48023,3475,TX
48,025,99999,Bee County,,"Bee County, TX",4802599999,941,947,1243,1539,1646,NCNTY48025N48025,30977,TX
48,031,99999,Blanco County,,"Blanco County, TX",4803199999,932,938,1231,1712,1811,NCNTY48031N48031,11608,TX
48,033,99999,Borden County,,"Borden County, TX",4803399999,849,873,1092,1421,1607,NCNTY48033N48033,686,TX
48,043,99999,Brewster County,,"Brewster County, TX",4804399999,826,864,1063,1478,1564,NCNTY48043N48043,9454,TX
48,045,99999,Briscoe County,,"Briscoe County, TX",4804599999,849,873,1092,1421,1607,NCNTY48045N48045,1290,TX
48,047,99999,Brooks County,,"Brooks County, TX",4804799999,756,778,973,1353,1432,NCNTY48047N48047,7059,TX
48,049,99999,Brown County,,"Brown County, TX",4804999999,838,871,1143,1442,1714,NCNTY48049N48049,38159,TX
48,053,99999,Burnet County,,"Burnet County, TX",4805399999,1039,1069,1337,1764,1770,NCNTY48053N48053,49684,TX
48,057,99999,Calhoun County,,"Calhoun County, TX",4805799999,836,982,1076,1496,1583,NCNTY48057N48057,20127,TX
48,063,99999,Camp County,,"Camp County, TX",4806399999,749,754,973,1353,1432,NCNTY48063N48063,12543,TX
48,067,99999,Cass County,,"Cass County, TX",4806799999,737,742,973,1328,1432,NCNTY48067N48067,28637,TX
48,069,99999,Castro County,,"Castro County, TX",4806999999,959,965,1266,1518,1863,NCNTY48069N48069,7381,TX
48,073,99999,Cherokee County,,"Cherokee County, TX",4807399999,809,815,1061,1469,1561,NCNTY48073N48073,50824,TX
48,075,99999,Childress County,,"Childress County, TX",4807599999,845,884,1087,1460,1599,NCNTY48075N48075,6781,TX
48,081,99999,Coke County,,"Coke County, TX",4808199999,737,742,973,1234,1432,NCNTY48081N48081,3305,TX
48,083,99999,Coleman County,,"Coleman County, TX",4808399999,851,857,1124,1348,1654,NCNTY48083N48083,7808,TX
48,087,99999,Collingsworth County,,"Collingsworth County, TX",4808799999,756,778,973,1266,1432,NCNTY48087N48087,2865,TX
48,089,99999,Colorado County,,"Colorado County, TX",4808999999,932,958,1199,1438,1764,NCNTY48089N48089,20582,TX
48,093,99999,Comanche County,,"Comanche County, TX",4809399999,747,751,986,1371,1451,NCNTY48093N48093,13651,TX
48,095,99999,Concho County,,"Concho County, TX",4809599999,913,939,1175,1529,1729,NCNTY48095N48095,3235,TX
48,097,99999,Cooke County,,"Cooke County, TX",4809799999,1024,1030,1352,1664,1844,NCNTY48097N48097,41860,TX
48,101,99999,Cottle County,,"Cottle County, TX",4810199999,849,873,1092,1421,1607,NCNTY48101N48101,1647,TX
48,103,99999,Crane County,,"Crane County, TX",4810399999,786,808,1011,1316,1488,NCNTY48103N48103,4636,TX
48,105,99999,Crockett County,,"Crockett County, TX",4810599999,849,873,1092,1421,1607,NCNTY48105N48105,2949,TX
48,109,99999,Culberson County,,"Culberson County, TX",4810999999,849,873,1092,1421,1607,NCNTY48109N48109,2181,TX
48,111,99999,Dallam County,,"Dallam County, TX",4811199999,1081,1268,1390,1850,2045,NCNTY48111N48111,7165,TX
48,115,99999,Dawson County,,"Dawson County, TX",4811599999,856,862,1131,1356,1664,NCNTY48115N48115,12342,TX
48,117,99999,Deaf Smith County,,"Deaf Smith County, TX",4811799999,769,891,1115,1337,1672,NCNTY48117N48117,18585,TX
48,119,99999,Delta County,,"Delta County, TX",4811999999,756,808,973,1345,1359,NCNTY48119N48119,5278,TX
48,123,99999,DeWitt County,,"DeWitt County, TX",4812399999,928,954,1194,1432,1757,NCNTY48123N48123,19826,TX
48,125,99999,Dickens County,,"Dickens County, TX",4812599999,756,778,973,1167,1432,NCNTY48125N48125,1570,TX
48,127,99999,Dimmit County,,"Dimmit County, TX",4812799999,756,888,973,1353,1432,NCNTY48127N48127,8672,TX
48,129,99999,Donley County,,"Donley County, TX",4812999999,756,778,973,1178,1376,NCNTY48129N48129,3298,TX
48,131,99999,Duval County,,"Duval County, TX",4813199999,849,873,1092,1421,1607,NCNTY48131N48131,9960,TX
48,133,99999,Eastland County,,"Eastland County, TX",4813399999,756,862,973,1353,1632,NCNTY48133N48133,17812,TX
48,137,99999,Edwards County,,"Edwards County, TX",4813799999,849,873,1092,1421,1607,NCNTY48137N48137,1380,TX
48,143,99999,Erath County,,"Erath County, TX",4814399999,968,975,1279,1779,2075,NCNTY48143N48143,42788,TX
48,147,99999,Fannin County,,"Fannin County, TX",4814799999,771,852,1118,1555,1875,NCNTY48147N48147,36052,TX
48,149,99999,Fayette County,,"Fayette County, TX",4814999999,821,940,1086,1479,1702,NCNTY48149N48149,24564,TX
48,151,99999,Fisher County,,"Fisher County, TX",4815199999,751,755,973,1167,1432,NCNTY48151N48151,3680,TX
48,153,99999,Floyd County,,"Floyd County, TX",4815399999,759,764,1003,1203,1476,NCNTY48153N48153,5386,TX
48,155,99999,Foard County,,"Foard County, TX",4815599999,745,750,973,1266,1432,NCNTY48155N48155,1075,TX
48,159,99999,Franklin County,,"Franklin County, TX",4815999999,882,907,1135,1361,1670,NCNTY48159N48159,10445,TX
48,161,99999,Freestone County,,"Freestone County, TX",4816199999,737,742,973,1298,1432,NCNTY48161N48161,19599,TX
48,163,99999,Frio County,,"Frio County, TX",4816399999,889,914,1144,1489,1683,NCNTY48163N48163,18151,TX
48,165,99999,Gaines County,,"Gaines County, TX",4816599999,791,871,1018,1221,1498,NCNTY48165N48165,21523,TX
48,171,99999,Gillespie County,,"Gillespie County, TX",4817199999,1173,1181,1549,1945,2279,NCNTY48171N48171,26953,TX
48,173,99999,Glasscock County,,"Glasscock County, TX",4817399999,849,873,1092,1421,1607,NCNTY48173N48173,1068,TX
48,177,99999,Gonzales County,,"Gonzales County, TX",4817799999,692,764,1003,1395,1439,NCNTY48177N48177,19736,TX
48,179,99999,Gray County,,"Gray County, TX",4817999999,820,825,1083,1299,1434,NCNTY48179N48179,21272,TX
48,185,99999,Grimes County,,"Grimes County, TX",4818599999,900,926,1158,1397,1704,NCNTY48185N48185,29442,TX
48,189,99999,Hale County,,"Hale County, TX",4818999999,671,888,973,1304,1477,NCNTY48189N48189,32525,TX
48,191,99999,Hall County,,"Hall County, TX",4819199999,746,751,973,1353,1432,NCNTY48191N48191,2847,TX
48,193,99999,Hamilton County,,"Hamilton County, TX",4819399999,781,787,1032,1388,1518,NCNTY48193N48193,8244,TX
48,195,99999,Hansford County,,"Hansford County, TX",4819599999,907,913,1198,1484,1586,NCNTY48195N48195,5270,TX
48,197,99999,Hardeman County,,"Hardeman County, TX",4819799999,737,742,973,1220,1432,NCNTY48197N48197,3541,TX
48,205,99999,Hartley County,,"Hartley County, TX",4820599999,903,929,1162,1533,1539,NCNTY48205N48205,5369,TX
48,207,99999,Haskell County,,"Haskell County, TX",4820799999,756,778,973,1353,1550,NCNTY48207N48207,5408,TX
48,211,99999,Hemphill County,,"Hemphill County, TX",4821199999,756,778,973,1353,1432,NCNTY48211N48211,3371,TX
48,213,99999,Henderson County,,"Henderson County, TX",4821399999,804,885,1075,1415,1592,NCNTY48213N48213,82627,TX
48,217,99999,Hill County,,"Hill County, TX",4821799999,750,853,1088,1486,1825,NCNTY48217N48217,36138,TX
48,221,99999,Hood County,,"Hood County, TX",4822199999,1189,1341,1530,1834,2379,NCNTY48221N48221,62459,TX
48,223,99999,Hopkins County,,"Hopkins County, TX",4822399999,947,990,1160,1530,1536,NCNTY48223N48223,37008,TX
48,225,99999,Houston County,,"Houston County, TX",4822599999,782,787,1033,1272,1368,NCNTY48225N48225,22107,TX
48,227,99999,Howard County,,"Howard County, TX",4822799999,980,986,1252,1501,1842,NCNTY48227N48227,34488,TX
48,233,99999,Hutchinson County,,"Hutchinson County, TX",4823399999,750,755,991,1378,1662,NCNTY48233N48233,20595,TX
48,237,99999,Jack County,,"Jack County, TX",4823799999,881,1034,1133,1576,1667,NCNTY48237N48237,8588,TX
48,239,99999,Jackson County,,"Jackson County, TX",4823999999,861,985,1108,1328,1630,NCNTY48239N48239,15010,TX
48,241,99999,Jasper County,,"Jasper County, TX",4824199999,784,869,1009,1266,1485,NCNTY48241N48241,33032,TX
48,243,99999,Jeff Davis County,,"Jeff Davis County, TX",4824399999,849,873,1092,1421,1607,NCNTY48243N48243,1992,TX
48,247,99999,Jim Hogg County,,"Jim Hogg County, TX",4824799999,756,778,973,1167,1432,NCNTY48247N48247,4830,TX
48,249,99999,Jim Wells County,,"Jim Wells County, TX",4824999999,760,765,1004,1330,1477,NCNTY48249N48249,39060,TX
48,255,99999,Karnes County,,"Karnes County, TX",4825599999,876,968,1270,1523,1869,NCNTY48255N48255,14805,TX
48,261,99999,Kenedy County,,"Kenedy County, TX",4826199999,849,873,1092,1421,1607,NCNTY48261N48261,116,TX
48,263,99999,Kent County,,"Kent County, TX",4826399999,849,873,1092,1421,1607,NCNTY48263N48263,635,TX
48,265,99999,Kerr County,,"Kerr County, TX",4826599999,933,1036,1200,1583,1589,NCNTY48265N48265,52810,TX
48,267,99999,Kimble County,,"Kimble County, TX",4826799999,737,742,973,1340,1432,NCNTY48267N48267,4316,TX
48,269,99999,King County,,"King County, TX",4826999999,849,873,1092,1421,1607,NCNTY48269N48269,216,TX
48,271,99999,Kinney County,,"Kinney County, TX",4827199999,849,873,1092,1421,1607,NCNTY48271N48271,3157,TX
48,273,99999,Kleberg County,,"Kleberg County, TX",4827399999,958,999,1297,1555,1908,NCNTY48273N48273,30860,TX
48,275,99999,Knox County,,"Knox County, TX",4827599999,756,778,973,1266,1432,NCNTY48275N48275,3333,TX
48,277,99999,Lamar County,,"Lamar County, TX",4827799999,785,815,1010,1344,1380,NCNTY48277N48277,50149,TX
48,279,99999,Lamb County,,"Lamb County, TX",4827999999,743,748,981,1323,1646,NCNTY48279N48279,13024,TX
48,283,99999,La Salle County,,"La Salle County, TX",4828399999,849,873,1092,1421,1607,NCNTY48283N48283,6965,TX
48,285,99999,Lavaca County,,"Lavaca County, TX",4828599999,876,946,1127,1351,1891,NCNTY48285N48285,20379,TX
48,287,99999,Lee County,,"Lee County, TX",4828799999,943,970,1213,1520,1637,NCNTY48287N48287,17543,TX
48,289,99999,Leon County,,"Leon County, TX",4828999999,773,778,973,1283,1288,NCNTY48289N48289,15928,TX
48,293,99999,Limestone County,,"Limestone County, TX",4829399999,749,754,989,1251,1455,NCNTY48293N48293,22222,TX
48,295,99999,Lipscomb County,,"Lipscomb County, TX",4829599999,756,778,973,1270,1432,NCNTY48295N48295,3038,TX
48,297,99999,Live Oak County,,"Live Oak County, TX",4829799999,819,825,1082,1376,1620,NCNTY48297N48297,11374,TX
48,299,99999,Llano County,,"Llano County, TX",4829999999,924,930,1208,1680,1834,NCNTY48299N48299,21637,TX
48,301,99999,Loving County,,"Loving County, TX",4830199999,849,873,1092,1421,1607,NCNTY48301N48301,96,TX
48,307,99999,McCulloch County,,"McCulloch County, TX",4830799999,812,863,1045,1360,1538,NCNTY48307N48307,7638,TX
48,311,99999,McMullen County,,"McMullen County, TX",4831199999,849,873,1092,1421,1607,NCNTY48311N48311,670,TX
48,313,99999,Madison County,,"Madison County, TX",4831399999,745,750,984,1369,1448,NCNTY48313N48313,13556,TX
48,315,99999,Marion County,,"Marion County, TX",4831599999,816,839,1049,1335,1543,NCNTY48315N48315,9668,TX
48,319,99999,Mason County,,"Mason County, TX",4831999999,810,833,1042,1356,1533,NCNTY48319N48319,3959,TX
48,321,99999,Matagorda County,,"Matagorda County, TX",4832199999,955,1006,1229,1570,2002,NCNTY48321N48321,36251,TX
48,327,99999,Menard County,,"Menard County, TX",4832799999,756,778,973,1353,1432,NCNTY48327N48327,1964,TX
48,331,99999,Milam County,,"Milam County, TX",4833199999,851,857,1124,1411,1762,NCNTY48331N48331,25080,TX
48,333,99999,Mills County,,"Mills County, TX",4833399999,756,888,973,1353,1432,NCNTY48333N48333,4501,TX
48,335,99999,Mitchell County,,"Mitchell County, TX",4833599999,902,908,1192,1551,1754,NCNTY48335N48335,8947,TX
48,337,99999,Montague County,,"Montague County, TX",4833799999,924,965,1189,1654,1749,NCNTY48337N48337,20197,TX
48,341,99999,Moore County,,"Moore County, TX",4834199999,819,825,1082,1360,1592,NCNTY48341N48341,21284,TX
48,343,99999,Morris County,,"Morris County, TX",4834399999,756,778,973,1254,1632,NCNTY48343N48343,11993,TX
48,345,99999,Motley County,,"Motley County, TX",4834599999,756,778,973,1167,1432,NCNTY48345N48345,1223,TX
48,347,99999,Nacogdoches County,,"Nacogdoches County, TX",4834799999,881,927,1107,1327,1759,NCNTY48347N48347,64768,TX
48,349,99999,Navarro County,,"Navarro County, TX",4834999999,830,924,1130,1571,1663,NCNTY48349N48349,52834,TX
48,351,99999,Newton County,,"Newton County, TX",4835199999,760,781,977,1359,1601,NCNTY48351N48351,12333,TX
48,353,99999,Nolan County,,"Nolan County, TX",4835399999,809,848,1041,1448,1746,NCNTY48353N48353,14657,TX
48,357,99999,Ochiltree County,,"Ochiltree County, TX",4835799999,843,867,1085,1391,1596,NCNTY48357N48357,9924,TX
48,363,99999,Palo Pinto County,,"Palo Pinto County, TX",4836399999,858,863,1117,1461,1874,NCNTY48363N48363,28569,TX
48,365,99999,Panola County,,"Panola County, TX",4836599999,780,785,1030,1279,1484,NCNTY48365N48365,22540,TX
48,369,99999,Parmer County,,"Parmer County, TX",4836999999,912,918,1205,1445,1882,NCNTY48369N48369,9809,TX
48,371,99999,Pecos County,,"Pecos County, TX",4837199999,823,966,1059,1473,1558,NCNTY48371N48371,15114,TX
48,373,99999,Polk County,,"Polk County, TX",4837399999,918,924,1213,1454,1785,NCNTY48373N48373,50536,TX
48,377,99999,Presidio County,,"Presidio County, TX",4837799999,849,873,1092,1421,1607,NCNTY48377N48377,6168,TX
48,379,99999,Rains County,,"Rains County, TX",4837999999,767,900,987,1373,1656,NCNTY48379N48379,12257,TX
48,383,99999,Reagan County,,"Reagan County, TX",4838399999,856,880,1101,1433,1620,NCNTY48383N48383,3308,TX
48,385,99999,Real County,,"Real County, TX",4838599999,846,993,1088,1416,1601,NCNTY48385N48385,2830,TX
48,387,99999,Red River County,,"Red River County, TX",4838799999,671,778,973,1353,1632,NCNTY48387N48387,11627,TX
48,389,99999,Reeves County,,"Reeves County, TX",4838999999,861,1010,1107,1327,1629,NCNTY48389N48389,14022,TX
48,391,99999,Refugio County,,"Refugio County, TX",4839199999,756,778,973,1353,1432,NCNTY48391N48391,6718,TX
48,393,99999,Roberts County,,"Roberts County, TX",4839399999,849,873,1092,1421,1607,NCNTY48393N48393,764,TX
48,399,99999,Runnels County,,"Runnels County, TX",4839999999,875,881,1156,1386,1701,NCNTY48399N48399,9858,TX
48,403,99999,Sabine County,,"Sabine County, TX",4840399999,737,742,973,1167,1432,NCNTY48403N48403,9980,TX
48,405,99999,San Augustine County,,"San Augustine County, TX",4840599999,789,811,1015,1321,1493,NCNTY48405N48405,7920,TX
48,411,99999,San Saba County,,"San Saba County, TX",4841199999,814,819,1075,1343,1582,NCNTY48411N48411,5779,TX
48,413,99999,Schleicher County,,"Schleicher County, TX",4841399999,756,778,973,1266,1432,NCNTY48413N48413,2474,TX
48,415,99999,Scurry County,,"Scurry County, TX",4841599999,892,1047,1148,1582,1644,NCNTY48415N48415,16883,TX
48,417,99999,Shackelford County,,"Shackelford County, TX",4841799999,756,778,973,1266,1432,NCNTY48417N48417,3134,TX
48,419,99999,Shelby County,,"Shelby County, TX",4841999999,756,888,973,1353,1439,NCNTY48419N48419,24157,TX
48,421,99999,Sherman County,,"Sherman County, TX",4842199999,764,786,983,1279,1446,NCNTY48421N48421,2414,TX
48,425,99999,Somervell County,,"Somervell County, TX",4842599999,849,873,1092,1421,1607,NCNTY48425N48425,9337,TX
48,427,99999,Starr County,,"Starr County, TX",4842799999,737,742,973,1353,1490,NCNTY48427N48427,65716,TX
48,429,99999,Stephens County,,"Stephens County, TX",4842999999,789,811,1015,1321,1493,NCNTY48429N48429,9260,TX
48,431,99999,Sterling County,,"Sterling County, TX",4843199999,849,899,1133,1519,1871,NCNTY48431N48431,1392,TX
48,433,99999,Stonewall County,,"Stonewall County, TX",4843399999,849,873,1092,1421,1607,NCNTY48433N48433,1331,TX
48,435,99999,Sutton County,,"Sutton County, TX",4843599999,737,742,973,1214,1432,NCNTY48435N48435,3345,TX
48,437,99999,Swisher County,,"Swisher County, TX",4843799999,756,783,973,1353,1432,NCNTY48437N48437,6989,TX
48,443,99999,Terrell County,,"Terrell County, TX",4844399999,849,873,1092,1421,1607,NCNTY48443N48443,862,TX
48,445,99999,Terry County,,"Terry County, TX",4844599999,756,778,973,1266,1432,NCNTY48445N48445,11816,TX
48,447,99999,Throckmorton County,,"Throckmorton County, TX",4844799999,812,835,1044,1252,1536,NCNTY48447N48447,1439,TX
48,449,99999,Titus County,,"Titus County, TX",4844999999,817,822,1027,1333,1360,NCNTY48449N48449,31301,TX
48,455,99999,Trinity County,,"Trinity County, TX",4845599999,809,843,1041,1248,1532,NCNTY48455N48455,13735,TX
48,457,99999,Tyler County,,"Tyler County, TX",4845799999,843,848,1113,1334,1716,NCNTY48457N48457,19962,TX
48,461,99999,Upton County,,"Upton County, TX",4846199999,849,873,1092,1421,1607,NCNTY48461N48461,3284,TX
48,463,99999,Uvalde County,,"Uvalde County, TX",4846399999,901,907,1190,1577,1855,NCNTY48463N48463,24833,TX
48,465,99999,Val Verde County,,"Val Verde County, TX",4846599999,936,941,1161,1582,1588,NCNTY48465N48465,47693,TX
48,467,99999,Van Zandt County,,"Van Zandt County, TX",4846799999,898,904,1186,1561,1570,NCNTY48467N48467,60053,TX
48,471,99999,Walker County,,"Walker County, TX",4847199999,920,1178,1299,1719,1911,NCNTY48471N48471,77182,TX
48,475,99999,Ward County,,"Ward County, TX",4847599999,1085,1107,1396,1811,2054,NCNTY48475N48475,11347,TX
48,477,99999,Washington County,,"Washington County, TX",4847799999,1074,1081,1418,1833,1877,NCNTY48477N48477,35807,TX
48,481,99999,Wharton County,,"Wharton County, TX",4848199999,844,933,1224,1669,1912,NCNTY48481N48481,41614,TX
48,483,99999,Wheeler County,,"Wheeler County, TX",4848399999,861,886,1108,1328,1630,NCNTY48483N48483,4980,TX
48,487,99999,Wilbarger County,,"Wilbarger County, TX",4848799999,805,810,1063,1275,1619,NCNTY48487N48487,12795,TX
48,489,99999,Willacy County,,"Willacy County, TX",4848999999,737,742,973,1353,1432,NCNTY48489N48489,20308,TX
48,495,99999,Winkler County,,"Winkler County, TX",4849599999,1004,1032,1291,1548,1900,NCNTY48495N48495,7582,TX
48,499,99999,Wood County,,"Wood County, TX",4849999999,756,873,1097,1352,1500,NCNTY48499N48499,45341,TX
48,501,99999,Yoakum County,,"Yoakum County, TX",4850199999,963,1130,1239,1486,1823,NCNTY48501N48501,7630,TX
48,503,99999,Young County,,"Young County, TX",4850399999,777,782,1026,1427,1510,NCNTY48503N48503,17903,TX
48,505,99999,Zapata County,,"Zapata County, TX",4850599999,747,751,973,1167,1432,NCNTY48505N48505,13896,TX
48,507,99999,Zavala County,,"Zavala County, TX",4850799999,756,778,973,1353,1432,NCNTY48507N48507,9700,TX
49,005,99999,Cache County,,"Logan, UT-ID MSA",4900599999,1015,1022,1341,1865,2250,METRO30860M30860,134428,UT
49,011,99999,Davis County,,"Ogden, UT MSA",4901199999,1310,1389,1750,2346,2832,METRO36260M36260,363032,UT
49,029,99999,Morgan County,,"Ogden, UT MSA",4902999999,1310,1389,1750,2346,2832,METRO36260M36260,12367,UT
49,057,99999,Weber County,,"Ogden, UT MSA",4905799999,1310,1389,1750,2346,2832,METRO36260M36260,262960,UT
49,023,99999,Juab County,,"Provo-Orem-Lehi, UT MSA",4902399999,1338,1346,1554,2161,2607,METRO39340M39340,11943,UT
49,049,99999,Utah County,,"Provo-Orem-Lehi, UT MSA",4904999999,1338,1346,1554,2161,2607,METRO39340M39340,666021,UT
49,053,99999,Washington County,,"St. George, UT MSA",4905399999,1302,1310,1694,2229,2822,METRO41100M41100,183297,UT
49,035,99999,Salt Lake County,,"Salt Lake City, UT HUD Metro FMR Area",4903599999,1343,1553,1864,2489,2844,METRO41620M41620,1180643,UT
49,045,99999,Tooele County,,"Tooele County, UT HUD Metro FMR Area",4904599999,962,1009,1324,1779,2221,METRO41620N49045,74032,UT
49,001,99999,Beaver County,,"Beaver County, UT",4900199999,965,1100,1321,1633,1821,NCNTY49001N49001,7102,UT
49,003,99999,Box Elder County,,"Box Elder County, UT",4900399999,862,1099,1250,1738,2097,NCNTY49003N49003,58291,UT
49,007,99999,Carbon County,,"Carbon County, UT",4900799999,799,900,1093,1389,1710,NCNTY49007N49007,20338,UT
49,009,99999,Daggett County,,"Daggett County, UT",4900999999,924,1053,1264,1720,2120,NCNTY49009N49009,638,UT
49,013,99999,Duchesne County,,"Duchesne County, UT",4901399999,870,991,1190,1561,1656,NCNTY49013N49013,19779,UT
49,015,99999,Emery County,,"Emery County, UT",4901599999,711,888,973,1310,1632,NCNTY49015N49015,9898,UT
49,017,99999,Garfield County,,"Garfield County, UT",4901799999,737,920,1009,1242,1693,NCNTY49017N49017,5121,UT
49,019,99999,Grand County,,"Grand County, UT",4901999999,1333,1519,1824,2481,3060,NCNTY49019N49019,9680,UT
49,021,99999,Iron County,,"Iron County, UT",4902199999,832,903,1139,1584,1911,NCNTY49021N49021,58068,UT
49,025,99999,Kane County,,"Kane County, UT",4902599999,1299,1355,1778,2132,2983,NCNTY49025N49025,7814,UT
49,027,99999,Millard County,,"Millard County, UT",4902799999,870,907,1190,1641,1647,NCNTY49027N49027,13027,UT
49,031,99999,Piute County,,"Piute County, UT",4903199999,924,1053,1264,1720,2120,NCNTY49031N49031,1764,UT
49,033,99999,Rich County,,"Rich County, UT",4903399999,711,810,973,1299,1632,NCNTY49033N49033,2543,UT
49,037,99999,San Juan County,,"San Juan County, UT",4903799999,887,924,1213,1454,1724,NCNTY49037N49037,14524,UT
49,039,99999,Sanpete County,,"Sanpete County, UT",4903999999,919,959,1258,1534,1666,NCNTY49039N49039,28816,UT
49,041,99999,Sevier County,,"Sevier County, UT",4904199999,806,1018,1169,1552,1667,NCNTY49041N49041,21667,UT
49,043,99999,Summit County,,"Summit County, UT",4904399999,1928,2054,2378,3219,3800,NCNTY49043N49043,42524,UT
49,047,99999,Uintah County,,"Uintah County, UT",4904799999,782,877,1070,1457,1795,NCNTY49047N49047,35951,UT
49,051,99999,Wasatch County,,"Wasatch County, UT",4905199999,1362,1700,1863,2591,3125,NCNTY49051N49051,35009,UT
49,055,99999,Wayne County,,"Wayne County, UT",4905599999,711,810,973,1228,1632,NCNTY49055N49055,2532,UT
50,007,06550,Chittenden County,Bolton town,"Burlington-South Burlington, VT MSA",5000706550,1604,1769,2293,2942,3036,METRO15540M15540,1023,VT
50,007,10300,Chittenden County,Buels gore,"Burlington-South Burlington, VT MSA",5000710300,1604,1769,2293,2942,3036,METRO15540M15540,11,VT
50,007,10675,Chittenden County,Burlington city,"Burlington-South Burlington, VT MSA",5000710675,1604,1769,2293,2942,3036,METRO15540M15540,44649,VT
50,007,13300,Chittenden County,Charlotte town,"Burlington-South Burlington, VT MSA",5000713300,1604,1769,2293,2942,3036,METRO15540M15540,3905,VT
50,007,14875,Chittenden County,Colchester town,"Burlington-South Burlington, VT MSA",5000714875,1604,1769,2293,2942,3036,METRO15540M15540,17570,VT
50,007,24175,Chittenden County,Essex town,"Burlington-South Burlington, VT MSA",5000724175,1604,1769,2293,2942,3036,METRO15540M15540,11486,VT
50,007,24400,Chittenden County,Essex Junction city,"Burlington-South Burlington, VT MSA",5000724400,1604,1769,2293,2942,3036,METRO15540M15540,10720,VT
50,007,33475,Chittenden County,Hinesburg town,"Burlington-South Burlington, VT MSA",5000733475,1604,1769,2293,2942,3036,METRO15540M15540,4687,VT
50,007,34600,Chittenden County,Huntington town,"Burlington-South Burlington, VT MSA",5000734600,1604,1769,2293,2942,3036,METRO15540M15540,1827,VT
50,007,36700,Chittenden County,Jericho town,"Burlington-South Burlington, VT MSA",5000736700,1604,1769,2293,2942,3036,METRO15540M15540,5097,VT
50,007,45250,Chittenden County,Milton town,"Burlington-South Burlington, VT MSA",5000745250,1604,1769,2293,2942,3036,METRO15540M15540,10723,VT
50,007,59275,Chittenden County,Richmond town,"Burlington-South Burlington, VT MSA",5000759275,1604,1769,2293,2942,3036,METRO15540M15540,4148,VT
50,007,62050,Chittenden County,St. George town,"Burlington-South Burlington, VT MSA",5000762050,1604,1769,2293,2942,3036,METRO15540M15540,886,VT
50,007,64300,Chittenden County,Shelburne town,"Burlington-South Burlington, VT MSA",5000764300,1604,1769,2293,2942,3036,METRO15540M15540,7807,VT
50,007,66175,Chittenden County,South Burlington city,"Burlington-South Burlington, VT MSA",5000766175,1604,1769,2293,2942,3036,METRO15540M15540,20488,VT
50,007,73975,Chittenden County,Underhill town,"Burlington-South Burlington, VT MSA",5000773975,1604,1769,2293,2942,3036,METRO15540M15540,3144,VT
50,007,80350,Chittenden County,Westford town,"Burlington-South Burlington, VT MSA",5000780350,1604,1769,2293,2942,3036,METRO15540M15540,2364,VT
50,007,84475,Chittenden County,Williston town,"Burlington-South Burlington, VT MSA",5000784475,1604,1769,2293,2942,3036,METRO15540M15540,10098,VT
50,007,85150,Chittenden County,Winooski city,"Burlington-South Burlington, VT MSA",5000785150,1604,1769,2293,2942,3036,METRO15540M15540,8198,VT
50,011,02500,Franklin County,Bakersfield town,"Burlington-South Burlington, VT MSA",5001102500,1604,1769,2293,2942,3036,METRO15540M15540,1155,VT
50,011,05425,Franklin County,Berkshire town,"Burlington-South Burlington, VT MSA",5001105425,1604,1769,2293,2942,3036,METRO15540M15540,1644,VT
50,011,24050,Franklin County,Enosburgh town,"Burlington-South Burlington, VT MSA",5001124050,1604,1769,2293,2942,3036,METRO15540M15540,2808,VT
50,011,24925,Franklin County,Fairfax town,"Burlington-South Burlington, VT MSA",5001124925,1604,1769,2293,2942,3036,METRO15540M15540,5138,VT
50,011,25225,Franklin County,Fairfield town,"Burlington-South Burlington, VT MSA",5001125225,1604,1769,2293,2942,3036,METRO15540M15540,1872,VT
50,011,26500,Franklin County,Fletcher town,"Burlington-South Burlington, VT MSA",5001126500,1604,1769,2293,2942,3036,METRO15540M15540,1248,VT
50,011,27100,Franklin County,Franklin town,"Burlington-South Burlington, VT MSA",5001127100,1604,1769,2293,2942,3036,METRO15540M15540,1596,VT
50,011,27700,Franklin County,Georgia town,"Burlington-South Burlington, VT MSA",5001127700,1604,1769,2293,2942,3036,METRO15540M15540,4876,VT
50,011,33025,Franklin County,Highgate town,"Burlington-South Burlington, VT MSA",5001133025,1604,1769,2293,2942,3036,METRO15540M15540,3510,VT
50,011,45850,Franklin County,Montgomery town,"Burlington-South Burlington, VT MSA",5001145850,1604,1769,2293,2942,3036,METRO15540M15540,1016,VT
50,011,59125,Franklin County,Richford town,"Burlington-South Burlington, VT MSA",5001159125,1604,1769,2293,2942,3036,METRO15540M15540,2483,VT
50,011,61675,Franklin County,St. Albans city,"Burlington-South Burlington, VT MSA",5001161675,1604,1769,2293,2942,3036,METRO15540M15540,6910,VT
50,011,61750,Franklin County,St. Albans town,"Burlington-South Burlington, VT MSA",5001161750,1604,1769,2293,2942,3036,METRO15540M15540,7036,VT
50,011,64600,Franklin County,Sheldon town,"Burlington-South Burlington, VT MSA",5001164600,1604,1769,2293,2942,3036,METRO15540M15540,2295,VT
50,011,71725,Franklin County,Swanton town,"Burlington-South Burlington, VT MSA",5001171725,1604,1769,2293,2942,3036,METRO15540M15540,6792,VT
50,013,00860,Grand Isle County,Alburgh town,"Burlington-South Burlington, VT MSA",5001300860,1604,1769,2293,2942,3036,METRO15540M15540,1802,VT
50,013,29275,Grand Isle County,Grand Isle town,"Burlington-South Burlington, VT MSA",5001329275,1604,1769,2293,2942,3036,METRO15540M15540,2108,VT
50,013,35875,Grand Isle County,Isle La Motte town,"Burlington-South Burlington, VT MSA",5001335875,1604,1769,2293,2942,3036,METRO15540M15540,604,VT
50,013,50650,Grand Isle County,North Hero town,"Burlington-South Burlington, VT MSA",5001350650,1604,1769,2293,2942,3036,METRO15540M15540,1264,VT
50,013,67000,Grand Isle County,South Hero town,"Burlington-South Burlington, VT MSA",5001367000,1604,1769,2293,2942,3036,METRO15540M15540,1615,VT
50,001,00325,Addison County,Addison town,"Addison County, VT",5000100325,1213,1221,1562,1913,2300,NCNTY50001N50001,1148,VT
50,001,08575,Addison County,Bridport town,"Addison County, VT",5000108575,1213,1221,1562,1913,2300,NCNTY50001N50001,1202,VT
50,001,09025,Addison County,Bristol town,"Addison County, VT",5000109025,1213,1221,1562,1913,2300,NCNTY50001N50001,3759,VT
50,001,16000,Addison County,Cornwall town,"Addison County, VT",5000116000,1213,1221,1562,1913,2300,NCNTY50001N50001,1146,VT
50,001,26300,Addison County,Ferrisburgh town,"Addison County, VT",5000126300,1213,1221,1562,1913,2300,NCNTY50001N50001,2653,VT
50,001,28600,Addison County,Goshen town,"Addison County, VT",5000128600,1213,1221,1562,1913,2300,NCNTY50001N50001,157,VT
50,001,29575,Addison County,Granville town,"Addison County, VT",5000129575,1213,1221,1562,1913,2300,NCNTY50001N50001,376,VT
50,001,31525,Addison County,Hancock town,"Addison County, VT",5000131525,1213,1221,1562,1913,2300,NCNTY50001N50001,485,VT
50,001,39325,Addison County,Leicester town,"Addison County, VT",5000139325,1213,1221,1562,1913,2300,NCNTY50001N50001,1049,VT
50,001,40075,Addison County,Lincoln town,"Addison County, VT",5000140075,1213,1221,1562,1913,2300,NCNTY50001N50001,1306,VT
50,001,44350,Addison County,Middlebury town,"Addison County, VT",5000144350,1213,1221,1562,1913,2300,NCNTY50001N50001,9157,VT
50,001,45550,Addison County,Monkton town,"Addison County, VT",5000145550,1213,1221,1562,1913,2300,NCNTY50001N50001,2082,VT
50,001,48700,Addison County,New Haven town,"Addison County, VT",5000148700,1213,1221,1562,1913,2300,NCNTY50001N50001,1815,VT
50,001,53725,Addison County,Orwell town,"Addison County, VT",5000153725,1213,1221,1562,1913,2300,NCNTY50001N50001,1198,VT
50,001,53950,Addison County,Panton town,"Addison County, VT",5000153950,1213,1221,1562,1913,2300,NCNTY50001N50001,724,VT
50,001,59650,Addison County,Ripton town,"Addison County, VT",5000159650,1213,1221,1562,1913,2300,NCNTY50001N50001,508,VT
50,001,62575,Addison County,Salisbury town,"Addison County, VT",5000162575,1213,1221,1562,1913,2300,NCNTY50001N50001,1262,VT
50,001,65050,Addison County,Shoreham town,"Addison County, VT",5000165050,1213,1221,1562,1913,2300,NCNTY50001N50001,1280,VT
50,001,70075,Addison County,Starksboro town,"Addison County, VT",5000170075,1213,1221,1562,1913,2300,NCNTY50001N50001,1883,VT
50,001,74650,Addison County,Vergennes city,"Addison County, VT",5000174650,1213,1221,1562,1913,2300,NCNTY50001N50001,2571,VT
50,001,76075,Addison County,Waltham town,"Addison County, VT",5000176075,1213,1221,1562,1913,2300,NCNTY50001N50001,421,VT
50,001,83275,Addison County,Weybridge town,"Addison County, VT",5000183275,1213,1221,1562,1913,2300,NCNTY50001N50001,796,VT
50,001,83800,Addison County,Whiting town,"Addison County, VT",5000183800,1213,1221,1562,1913,2300,NCNTY50001N50001,519,VT
50,003,01450,Bennington County,Arlington town,"Bennington County, VT",5000301450,1068,1195,1357,1887,2259,NCNTY50003N50003,2773,VT
50,003,04825,Bennington County,Bennington town,"Bennington County, VT",5000304825,1068,1195,1357,1887,2259,NCNTY50003N50003,15313,VT
50,003,17725,Bennington County,Dorset town,"Bennington County, VT",5000317725,1068,1195,1357,1887,2259,NCNTY50003N50003,1969,VT
50,003,27962,Bennington County,Glastenbury town,"Bennington County, VT",5000327962,1068,1195,1357,1887,2259,NCNTY50003N50003,0,VT
50,003,39025,Bennington County,Landgrove town,"Bennington County, VT",5000339025,1068,1195,1357,1887,2259,NCNTY50003N50003,238,VT
50,003,42850,Bennington County,Manchester town,"Bennington County, VT",5000342850,1068,1195,1357,1887,2259,NCNTY50003N50003,4483,VT
50,003,55000,Bennington County,Peru town,"Bennington County, VT",5000355000,1068,1195,1357,1887,2259,NCNTY50003N50003,434,VT
50,003,57025,Bennington County,Pownal town,"Bennington County, VT",5000357025,1068,1195,1357,1887,2259,NCNTY50003N50003,3265,VT
50,003,58600,Bennington County,Readsboro town,"Bennington County, VT",5000358600,1068,1195,1357,1887,2259,NCNTY50003N50003,776,VT
50,003,61000,Bennington County,Rupert town,"Bennington County, VT",5000361000,1068,1195,1357,1887,2259,NCNTY50003N50003,578,VT
50,003,62875,Bennington County,Sandgate town,"Bennington County, VT",5000362875,1068,1195,1357,1887,2259,NCNTY50003N50003,460,VT
50,003,63175,Bennington County,Searsburg town,"Bennington County, VT",5000363175,1068,1195,1357,1887,2259,NCNTY50003N50003,151,VT
50,003,63550,Bennington County,Shaftsbury town,"Bennington County, VT",5000363550,1068,1195,1357,1887,2259,NCNTY50003N50003,3599,VT
50,003,69775,Bennington County,Stamford town,"Bennington County, VT",5000369775,1068,1195,1357,1887,2259,NCNTY50003N50003,918,VT
50,003,71425,Bennington County,Sunderland town,"Bennington County, VT",5000371425,1068,1195,1357,1887,2259,NCNTY50003N50003,1312,VT
50,003,85075,Bennington County,Winhall town,"Bennington County, VT",5000385075,1068,1195,1357,1887,2259,NCNTY50003N50003,768,VT
50,003,85675,Bennington County,Woodford town,"Bennington County, VT",5000385675,1068,1195,1357,1887,2259,NCNTY50003N50003,275,VT
50,005,02875,Caledonia County,Barnet town,"Caledonia County, VT",5000502875,1034,1040,1215,1688,1815,NCNTY50005N50005,1671,VT
50,005,10450,Caledonia County,Burke town,"Caledonia County, VT",5000510450,1034,1040,1215,1688,1815,NCNTY50005N50005,1258,VT
50,005,17125,Caledonia County,Danville town,"Caledonia County, VT",5000517125,1034,1040,1215,1688,1815,NCNTY50005N50005,2259,VT
50,005,30550,Caledonia County,Groton town,"Caledonia County, VT",5000530550,1034,1040,1215,1688,1815,NCNTY50005N50005,1014,VT
50,005,31825,Caledonia County,Hardwick town,"Caledonia County, VT",5000531825,1034,1040,1215,1688,1815,NCNTY50005N50005,2950,VT
50,005,37900,Caledonia County,Kirby town,"Caledonia County, VT",5000537900,1034,1040,1215,1688,1815,NCNTY50005N50005,808,VT
50,005,41725,Caledonia County,Lyndon town,"Caledonia County, VT",5000541725,1034,1040,1215,1688,1815,NCNTY50005N50005,5553,VT
50,005,47725,Caledonia County,Newark town,"Caledonia County, VT",5000547725,1034,1040,1215,1688,1815,NCNTY50005N50005,703,VT
50,005,54400,Caledonia County,Peacham town,"Caledonia County, VT",5000554400,1034,1040,1215,1688,1815,NCNTY50005N50005,938,VT
50,005,61525,Caledonia County,Ryegate town,"Caledonia County, VT",5000561525,1034,1040,1215,1688,1815,NCNTY50005N50005,1054,VT
50,005,62200,Caledonia County,St. Johnsbury town,"Caledonia County, VT",5000562200,1034,1040,1215,1688,1815,NCNTY50005N50005,7381,VT
50,005,64075,Caledonia County,Sheffield town,"Caledonia County, VT",5000564075,1034,1040,1215,1688,1815,NCNTY50005N50005,634,VT
50,005,69925,Caledonia County,Stannard town,"Caledonia County, VT",5000569925,1034,1040,1215,1688,1815,NCNTY50005N50005,181,VT
50,005,71575,Caledonia County,Sutton town,"Caledonia County, VT",5000571575,1034,1040,1215,1688,1815,NCNTY50005N50005,869,VT
50,005,75700,Caledonia County,Walden town,"Caledonia County, VT",5000575700,1034,1040,1215,1688,1815,NCNTY50005N50005,986,VT
50,005,77125,Caledonia County,Waterford town,"Caledonia County, VT",5000577125,1034,1040,1215,1688,1815,NCNTY50005N50005,1463,VT
50,005,83500,Caledonia County,Wheelock town,"Caledonia County, VT",5000583500,1034,1040,1215,1688,1815,NCNTY50005N50005,703,VT
50,009,02125,Essex County,Averill town,"Essex County, VT",5000902125,840,989,1084,1508,1766,NCNTY50009N50009,5,VT
50,009,02162,Essex County,Avery's gore,"Essex County, VT",5000902162,840,989,1084,1508,1766,NCNTY50009N50009,0,VT
50,009,06325,Essex County,Bloomfield town,"Essex County, VT",5000906325,840,989,1084,1508,1766,NCNTY50009N50009,244,VT
50,009,08725,Essex County,Brighton town,"Essex County, VT",5000908725,840,989,1084,1508,1766,NCNTY50009N50009,1030,VT
50,009,10075,Essex County,Brunswick town,"Essex County, VT",5000910075,840,989,1084,1508,1766,NCNTY50009N50009,122,VT
50,009,11800,Essex County,Canaan town,"Essex County, VT",5000911800,840,989,1084,1508,1766,NCNTY50009N50009,746,VT
50,009,15250,Essex County,Concord town,"Essex County, VT",5000915250,840,989,1084,1508,1766,NCNTY50009N50009,1179,VT
50,009,21250,Essex County,East Haven town,"Essex County, VT",5000921250,840,989,1084,1508,1766,NCNTY50009N50009,262,VT
50,009,25975,Essex County,Ferdinand town,"Essex County, VT",5000925975,840,989,1084,1508,1766,NCNTY50009N50009,92,VT
50,009,29125,Essex County,Granby town,"Essex County, VT",5000929125,840,989,1084,1508,1766,NCNTY50009N50009,40,VT
50,009,30775,Essex County,Guildhall town,"Essex County, VT",5000930775,840,989,1084,1508,1766,NCNTY50009N50009,359,VT
50,009,39700,Essex County,Lemington town,"Essex County, VT",5000939700,840,989,1084,1508,1766,NCNTY50009N50009,86,VT
50,009,39775,Essex County,Lewis town,"Essex County, VT",5000939775,840,989,1084,1508,1766,NCNTY50009N50009,0,VT
50,009,41425,Essex County,Lunenburg town,"Essex County, VT",5000941425,840,989,1084,1508,1766,NCNTY50009N50009,1403,VT
50,009,42475,Essex County,Maidstone town,"Essex County, VT",5000942475,840,989,1084,1508,1766,NCNTY50009N50009,247,VT
50,009,52750,Essex County,Norton town,"Essex County, VT",5000952750,840,989,1084,1508,1766,NCNTY50009N50009,112,VT
50,009,75175,Essex County,Victory town,"Essex County, VT",5000975175,840,989,1084,1508,1766,NCNTY50009N50009,45,VT
50,009,76337,Essex County,Warner's grant,"Essex County, VT",5000976337,840,989,1084,1508,1766,NCNTY50009N50009,0,VT
50,009,76562,Essex County,Warren's gore,"Essex County, VT",5000976562,840,989,1084,1508,1766,NCNTY50009N50009,0,VT
50,015,04375,Lamoille County,Belvidere town,"Lamoille County, VT",5001504375,1074,1161,1465,2027,2035,NCNTY50015N50015,439,VT
50,015,11500,Lamoille County,Cambridge town,"Lamoille County, VT",5001511500,1074,1161,1465,2027,2035,NCNTY50015N50015,3783,VT
50,015,23500,Lamoille County,Eden town,"Lamoille County, VT",5001523500,1074,1161,1465,2027,2035,NCNTY50015N50015,1291,VT
50,015,23725,Lamoille County,Elmore town,"Lamoille County, VT",5001523725,1074,1161,1465,2027,2035,NCNTY50015N50015,1009,VT
50,015,35050,Lamoille County,Hyde Park town,"Lamoille County, VT",5001535050,1074,1161,1465,2027,2035,NCNTY50015N50015,3016,VT
50,015,37075,Lamoille County,Johnson town,"Lamoille County, VT",5001537075,1074,1161,1465,2027,2035,NCNTY50015N50015,3467,VT
50,015,46675,Lamoille County,Morristown town,"Lamoille County, VT",5001546675,1074,1161,1465,2027,2035,NCNTY50015N50015,5594,VT
50,015,70525,Lamoille County,Stowe town,"Lamoille County, VT",5001570525,1074,1161,1465,2027,2035,NCNTY50015N50015,5252,VT
50,015,77425,Lamoille County,Waterville town,"Lamoille County, VT",5001577425,1074,1161,1465,2027,2035,NCNTY50015N50015,654,VT
50,015,85375,Lamoille County,Wolcott town,"Lamoille County, VT",5001585375,1074,1161,1465,2027,2035,NCNTY50015N50015,1531,VT
50,017,07375,Orange County,Bradford town,"Orange County, VT",5001707375,1094,1227,1433,1849,1976,NCNTY50017N50017,2802,VT
50,017,07600,Orange County,Braintree town,"Orange County, VT",5001707600,1094,1227,1433,1849,1976,NCNTY50017N50017,1059,VT
50,017,09325,Orange County,Brookfield town,"Orange County, VT",5001709325,1094,1227,1433,1849,1976,NCNTY50017N50017,1407,VT
50,017,13525,Orange County,Chelsea town,"Orange County, VT",5001713525,1094,1227,1433,1849,1976,NCNTY50017N50017,1183,VT
50,017,15700,Orange County,Corinth town,"Orange County, VT",5001715700,1094,1227,1433,1849,1976,NCNTY50017N50017,1706,VT
50,017,25675,Orange County,Fairlee town,"Orange County, VT",5001725675,1094,1227,1433,1849,1976,NCNTY50017N50017,1042,VT
50,017,48175,Orange County,Newbury town,"Orange County, VT",5001748175,1094,1227,1433,1849,1976,NCNTY50017N50017,2081,VT
50,017,53425,Orange County,Orange town,"Orange County, VT",5001753425,1094,1227,1433,1849,1976,NCNTY50017N50017,993,VT
50,017,58075,Orange County,Randolph town,"Orange County, VT",5001758075,1094,1227,1433,1849,1976,NCNTY50017N50017,4819,VT
50,017,70675,Orange County,Strafford town,"Orange County, VT",5001770675,1094,1227,1433,1849,1976,NCNTY50017N50017,1341,VT
50,017,72400,Orange County,Thetford town,"Orange County, VT",5001772400,1094,1227,1433,1849,1976,NCNTY50017N50017,2802,VT
50,017,73075,Orange County,Topsham town,"Orange County, VT",5001773075,1094,1227,1433,1849,1976,NCNTY50017N50017,1034,VT
50,017,73675,Orange County,Tunbridge town,"Orange County, VT",5001773675,1094,1227,1433,1849,1976,NCNTY50017N50017,1176,VT
50,017,74950,Orange County,Vershire town,"Orange County, VT",5001774950,1094,1227,1433,1849,1976,NCNTY50017N50017,792,VT
50,017,76750,Orange County,Washington town,"Orange County, VT",5001776750,1094,1227,1433,1849,1976,NCNTY50017N50017,1059,VT
50,017,79975,Orange County,West Fairlee town,"Orange County, VT",5001779975,1094,1227,1433,1849,1976,NCNTY50017N50017,751,VT
50,017,84175,Orange County,Williamstown town,"Orange County, VT",5001784175,1094,1227,1433,1849,1976,NCNTY50017N50017,3547,VT
50,019,00475,Orleans County,Albany town,"Orleans County, VT",5001900475,989,1045,1246,1608,2090,NCNTY50019N50019,987,VT
50,019,03550,Orleans County,Barton town,"Orleans County, VT",5001903550,989,1045,1246,1608,2090,NCNTY50019N50019,2832,VT
50,019,09850,Orleans County,Brownington town,"Orleans County, VT",5001909850,989,1045,1246,1608,2090,NCNTY50019N50019,1157,VT
50,019,13150,Orleans County,Charleston town,"Orleans County, VT",5001913150,989,1045,1246,1608,2090,NCNTY50019N50019,874,VT
50,019,16150,Orleans County,Coventry town,"Orleans County, VT",5001916150,989,1045,1246,1608,2090,NCNTY50019N50019,936,VT
50,019,16300,Orleans County,Craftsbury town,"Orleans County, VT",5001916300,989,1045,1246,1608,2090,NCNTY50019N50019,1204,VT
50,019,17350,Orleans County,Derby town,"Orleans County, VT",5001917350,989,1045,1246,1608,2090,NCNTY50019N50019,4538,VT
50,019,28075,Orleans County,Glover town,"Orleans County, VT",5001928075,989,1045,1246,1608,2090,NCNTY50019N50019,974,VT
50,019,30175,Orleans County,Greensboro town,"Orleans County, VT",5001930175,989,1045,1246,1608,2090,NCNTY50019N50019,722,VT
50,019,33775,Orleans County,Holland town,"Orleans County, VT",5001933775,989,1045,1246,1608,2090,NCNTY50019N50019,799,VT
50,019,35575,Orleans County,Irasburg town,"Orleans County, VT",5001935575,989,1045,1246,1608,2090,NCNTY50019N50019,1315,VT
50,019,36325,Orleans County,Jay town,"Orleans County, VT",5001936325,989,1045,1246,1608,2090,NCNTY50019N50019,511,VT
50,019,40525,Orleans County,Lowell town,"Orleans County, VT",5001940525,989,1045,1246,1608,2090,NCNTY50019N50019,1154,VT
50,019,46450,Orleans County,Morgan town,"Orleans County, VT",5001946450,989,1045,1246,1608,2090,NCNTY50019N50019,750,VT
50,019,48850,Orleans County,Newport city,"Orleans County, VT",5001948850,989,1045,1246,1608,2090,NCNTY50019N50019,4413,VT
50,019,48925,Orleans County,Newport town,"Orleans County, VT",5001948925,989,1045,1246,1608,2090,NCNTY50019N50019,1483,VT
50,019,73525,Orleans County,Troy town,"Orleans County, VT",5001973525,989,1045,1246,1608,2090,NCNTY50019N50019,1826,VT
50,019,80200,Orleans County,Westfield town,"Orleans County, VT",5001980200,989,1045,1246,1608,2090,NCNTY50019N50019,615,VT
50,019,81700,Orleans County,Westmore town,"Orleans County, VT",5001981700,989,1045,1246,1608,2090,NCNTY50019N50019,402,VT
50,021,05200,Rutland County,Benson town,"Rutland County, VT",5002105200,1087,1094,1435,1747,2120,NCNTY50021N50021,770,VT
50,021,07750,Rutland County,Brandon town,"Rutland County, VT",5002107750,1087,1094,1435,1747,2120,NCNTY50021N50021,4121,VT
50,021,11950,Rutland County,Castleton town,"Rutland County, VT",5002111950,1087,1094,1435,1747,2120,NCNTY50021N50021,4457,VT
50,021,14350,Rutland County,Chittenden town,"Rutland County, VT",5002114350,1087,1094,1435,1747,2120,NCNTY50021N50021,1405,VT
50,021,14500,Rutland County,Clarendon town,"Rutland County, VT",5002114500,1087,1094,1435,1747,2120,NCNTY50021N50021,2557,VT
50,021,16825,Rutland County,Danby town,"Rutland County, VT",5002116825,1087,1094,1435,1747,2120,NCNTY50021N50021,1186,VT
50,021,25375,Rutland County,Fair Haven town,"Rutland County, VT",5002125375,1087,1094,1435,1747,2120,NCNTY50021N50021,2729,VT
50,021,34450,Rutland County,Hubbardton town,"Rutland County, VT",5002134450,1087,1094,1435,1747,2120,NCNTY50021N50021,852,VT
50,021,35425,Rutland County,Ira town,"Rutland County, VT",5002135425,1087,1094,1435,1747,2120,NCNTY50021N50021,435,VT
50,021,37685,Rutland County,Killington town,"Rutland County, VT",5002137685,1087,1094,1435,1747,2120,NCNTY50021N50021,835,VT
50,021,44125,Rutland County,Mendon town,"Rutland County, VT",5002144125,1087,1094,1435,1747,2120,NCNTY50021N50021,982,VT
50,021,44800,Rutland County,Middletown Springs town,"Rutland County, VT",5002144800,1087,1094,1435,1747,2120,NCNTY50021N50021,734,VT
50,021,47200,Rutland County,Mount Holly town,"Rutland County, VT",5002147200,1087,1094,1435,1747,2120,NCNTY50021N50021,1456,VT
50,021,47425,Rutland County,Mount Tabor town,"Rutland County, VT",5002147425,1087,1094,1435,1747,2120,NCNTY50021N50021,218,VT
50,021,54250,Rutland County,Pawlet town,"Rutland County, VT",5002154250,1087,1094,1435,1747,2120,NCNTY50021N50021,1334,VT
50,021,55450,Rutland County,Pittsfield town,"Rutland County, VT",5002155450,1087,1094,1435,1747,2120,NCNTY50021N50021,399,VT
50,021,55600,Rutland County,Pittsford town,"Rutland County, VT",5002155600,1087,1094,1435,1747,2120,NCNTY50021N50021,2890,VT
50,021,56875,Rutland County,Poultney town,"Rutland County, VT",5002156875,1087,1094,1435,1747,2120,NCNTY50021N50021,3019,VT
50,021,57250,Rutland County,Proctor town,"Rutland County, VT",5002157250,1087,1094,1435,1747,2120,NCNTY50021N50021,1792,VT
50,021,61225,Rutland County,Rutland city,"Rutland County, VT",5002161225,1087,1094,1435,1747,2120,NCNTY50021N50021,15747,VT
50,021,61300,Rutland County,Rutland town,"Rutland County, VT",5002161300,1087,1094,1435,1747,2120,NCNTY50021N50021,3923,VT
50,021,65275,Rutland County,Shrewsbury town,"Rutland County, VT",5002165275,1087,1094,1435,1747,2120,NCNTY50021N50021,1250,VT
50,021,71050,Rutland County,Sudbury town,"Rutland County, VT",5002171050,1087,1094,1435,1747,2120,NCNTY50021N50021,667,VT
50,021,72925,Rutland County,Tinmouth town,"Rutland County, VT",5002172925,1087,1094,1435,1747,2120,NCNTY50021N50021,800,VT
50,021,75925,Rutland County,Wallingford town,"Rutland County, VT",5002175925,1087,1094,1435,1747,2120,NCNTY50021N50021,2376,VT
50,021,77950,Rutland County,Wells town,"Rutland County, VT",5002177950,1087,1094,1435,1747,2120,NCNTY50021N50021,1023,VT
50,021,80875,Rutland County,West Haven town,"Rutland County, VT",5002180875,1087,1094,1435,1747,2120,NCNTY50021N50021,252,VT
50,021,82300,Rutland County,West Rutland town,"Rutland County, VT",5002182300,1087,1094,1435,1747,2120,NCNTY50021N50021,2275,VT
50,023,03175,Washington County,Barre city,"Washington County, VT",5002303175,1205,1213,1591,1958,2107,NCNTY50023N50023,8461,VT
50,023,03250,Washington County,Barre town,"Washington County, VT",5002303250,1205,1213,1591,1958,2107,NCNTY50023N50023,7974,VT
50,023,05650,Washington County,Berlin town,"Washington County, VT",5002305650,1205,1213,1591,1958,2107,NCNTY50023N50023,2871,VT
50,023,11125,Washington County,Cabot town,"Washington County, VT",5002311125,1205,1213,1591,1958,2107,NCNTY50023N50023,1579,VT
50,023,11350,Washington County,Calais town,"Washington County, VT",5002311350,1205,1213,1591,1958,2107,NCNTY50023N50023,1784,VT
50,023,18550,Washington County,Duxbury town,"Washington County, VT",5002318550,1205,1213,1591,1958,2107,NCNTY50023N50023,1469,VT
50,023,21925,Washington County,East Montpelier town,"Washington County, VT",5002321925,1205,1213,1591,1958,2107,NCNTY50023N50023,2610,VT
50,023,25825,Washington County,Fayston town,"Washington County, VT",5002325825,1205,1213,1591,1958,2107,NCNTY50023N50023,1263,VT
50,023,43600,Washington County,Marshfield town,"Washington County, VT",5002343600,1205,1213,1591,1958,2107,NCNTY50023N50023,1775,VT
50,023,44500,Washington County,Middlesex town,"Washington County, VT",5002344500,1205,1213,1591,1958,2107,NCNTY50023N50023,2011,VT
50,023,46000,Washington County,Montpelier city,"Washington County, VT",5002346000,1205,1213,1591,1958,2107,NCNTY50023N50023,8038,VT
50,023,46225,Washington County,Moretown town,"Washington County, VT",5002346225,1205,1213,1591,1958,2107,NCNTY50023N50023,1595,VT
50,023,50275,Washington County,Northfield town,"Washington County, VT",5002350275,1205,1213,1591,1958,2107,NCNTY50023N50023,5932,VT
50,023,55825,Washington County,Plainfield town,"Washington County, VT",5002355825,1205,1213,1591,1958,2107,NCNTY50023N50023,1251,VT
50,023,60625,Washington County,Roxbury town,"Washington County, VT",5002360625,1205,1213,1591,1958,2107,NCNTY50023N50023,956,VT
50,023,75325,Washington County,Waitsfield town,"Washington County, VT",5002375325,1205,1213,1591,1958,2107,NCNTY50023N50023,1825,VT
50,023,76525,Washington County,Warren town,"Washington County, VT",5002376525,1205,1213,1591,1958,2107,NCNTY50023N50023,1678,VT
50,023,76975,Washington County,Waterbury town,"Washington County, VT",5002376975,1205,1213,1591,1958,2107,NCNTY50023N50023,5381,VT
50,023,85525,Washington County,Woodbury town,"Washington County, VT",5002385525,1205,1213,1591,1958,2107,NCNTY50023N50023,594,VT
50,023,86125,Washington County,Worcester town,"Washington County, VT",5002386125,1205,1213,1591,1958,2107,NCNTY50023N50023,911,VT
50,025,01900,Windham County,Athens town,"Windham County, VT",5002501900,1138,1223,1500,1802,1986,NCNTY50025N50025,453,VT
50,025,07900,Windham County,Brattleboro town,"Windham County, VT",5002507900,1138,1223,1500,1802,1986,NCNTY50025N50025,12152,VT
50,025,09475,Windham County,Brookline town,"Windham County, VT",5002509475,1138,1223,1500,1802,1986,NCNTY50025N50025,432,VT
50,025,17875,Windham County,Dover town,"Windham County, VT",5002517875,1138,1223,1500,1802,1986,NCNTY50025N50025,1212,VT
50,025,18325,Windham County,Dummerston town,"Windham County, VT",5002518325,1138,1223,1500,1802,1986,NCNTY50025N50025,2190,VT
50,025,28900,Windham County,Grafton town,"Windham County, VT",5002528900,1138,1223,1500,1802,1986,NCNTY50025N50025,664,VT
50,025,30925,Windham County,Guilford town,"Windham County, VT",5002530925,1138,1223,1500,1802,1986,NCNTY50025N50025,2416,VT
50,025,31150,Windham County,Halifax town,"Windham County, VT",5002531150,1138,1223,1500,1802,1986,NCNTY50025N50025,725,VT
50,025,36175,Windham County,Jamaica town,"Windham County, VT",5002536175,1138,1223,1500,1802,1986,NCNTY50025N50025,887,VT
50,025,40225,Windham County,Londonderry town,"Windham County, VT",5002540225,1138,1223,1500,1802,1986,NCNTY50025N50025,2115,VT
50,025,43375,Windham County,Marlboro town,"Windham County, VT",5002543375,1138,1223,1500,1802,1986,NCNTY50025N50025,1424,VT
50,025,48400,Windham County,Newfane town,"Windham County, VT",5002548400,1138,1223,1500,1802,1986,NCNTY50025N50025,1630,VT
50,025,57700,Windham County,Putney town,"Windham County, VT",5002557700,1138,1223,1500,1802,1986,NCNTY50025N50025,2612,VT
50,025,60250,Windham County,Rockingham town,"Windham County, VT",5002560250,1138,1223,1500,1802,1986,NCNTY50025N50025,4828,VT
50,025,65762,Windham County,Somerset town,"Windham County, VT",5002565762,1138,1223,1500,1802,1986,NCNTY50025N50025,0,VT
50,025,70750,Windham County,Stratton town,"Windham County, VT",5002570750,1138,1223,1500,1802,1986,NCNTY50025N50025,406,VT
50,025,73300,Windham County,Townshend town,"Windham County, VT",5002573300,1138,1223,1500,1802,1986,NCNTY50025N50025,1619,VT
50,025,74800,Windham County,Vernon town,"Windham County, VT",5002574800,1138,1223,1500,1802,1986,NCNTY50025N50025,2444,VT
50,025,76225,Windham County,Wardsboro town,"Windham County, VT",5002576225,1138,1223,1500,1802,1986,NCNTY50025N50025,950,VT
50,025,81400,Windham County,Westminster town,"Windham County, VT",5002581400,1138,1223,1500,1802,1986,NCNTY50025N50025,3005,VT
50,025,83950,Windham County,Whitingham town,"Windham County, VT",5002583950,1138,1223,1500,1802,1986,NCNTY50025N50025,1352,VT
50,025,84700,Windham County,Wilmington town,"Windham County, VT",5002584700,1138,1223,1500,1802,1986,NCNTY50025N50025,1844,VT
50,025,84850,Windham County,Windham town,"Windham County, VT",5002584850,1138,1223,1500,1802,1986,NCNTY50025N50025,553,VT
50,027,01300,Windsor County,Andover town,"Windsor County, VT",5002701300,1229,1237,1442,1890,1952,NCNTY50027N50027,635,VT
50,027,02575,Windsor County,Baltimore town,"Windsor County, VT",5002702575,1229,1237,1442,1890,1952,NCNTY50027N50027,310,VT
50,027,02725,Windsor County,Barnard town,"Windsor County, VT",5002702725,1229,1237,1442,1890,1952,NCNTY50027N50027,1071,VT
50,027,05800,Windsor County,Bethel town,"Windsor County, VT",5002705800,1229,1237,1442,1890,1952,NCNTY50027N50027,1770,VT
50,027,08275,Windsor County,Bridgewater town,"Windsor County, VT",5002708275,1229,1237,1442,1890,1952,NCNTY50027N50027,1047,VT
50,027,12250,Windsor County,Cavendish town,"Windsor County, VT",5002712250,1229,1237,1442,1890,1952,NCNTY50027N50027,1400,VT
50,027,13675,Windsor County,Chester town,"Windsor County, VT",5002713675,1229,1237,1442,1890,1952,NCNTY50027N50027,2998,VT
50,027,32275,Windsor County,Hartford town,"Windsor County, VT",5002732275,1229,1237,1442,1890,1952,NCNTY50027N50027,10713,VT
50,027,32425,Windsor County,Hartland town,"Windsor County, VT",5002732425,1229,1237,1442,1890,1952,NCNTY50027N50027,3462,VT
50,027,41275,Windsor County,Ludlow town,"Windsor County, VT",5002741275,1229,1237,1442,1890,1952,NCNTY50027N50027,1916,VT
50,027,52900,Windsor County,Norwich town,"Windsor County, VT",5002752900,1229,1237,1442,1890,1952,NCNTY50027N50027,3628,VT
50,027,56050,Windsor County,Plymouth town,"Windsor County, VT",5002756050,1229,1237,1442,1890,1952,NCNTY50027N50027,528,VT
50,027,56350,Windsor County,Pomfret town,"Windsor County, VT",5002756350,1229,1237,1442,1890,1952,NCNTY50027N50027,846,VT
50,027,58375,Windsor County,Reading town,"Windsor County, VT",5002758375,1229,1237,1442,1890,1952,NCNTY50027N50027,697,VT
50,027,60100,Windsor County,Rochester town,"Windsor County, VT",5002760100,1229,1237,1442,1890,1952,NCNTY50027N50027,1429,VT
50,027,60850,Windsor County,Royalton town,"Windsor County, VT",5002760850,1229,1237,1442,1890,1952,NCNTY50027N50027,2765,VT
50,027,63775,Windsor County,Sharon town,"Windsor County, VT",5002763775,1229,1237,1442,1890,1952,NCNTY50027N50027,1518,VT
50,027,69550,Windsor County,Springfield town,"Windsor County, VT",5002769550,1229,1237,1442,1890,1952,NCNTY50027N50027,9088,VT
50,027,70375,Windsor County,Stockbridge town,"Windsor County, VT",5002770375,1229,1237,1442,1890,1952,NCNTY50027N50027,853,VT
50,027,77500,Windsor County,Weathersfield town,"Windsor County, VT",5002777500,1229,1237,1442,1890,1952,NCNTY50027N50027,2843,VT
50,027,82000,Windsor County,Weston town,"Windsor County, VT",5002782000,1229,1237,1442,1890,1952,NCNTY50027N50027,769,VT
50,027,83050,Windsor County,West Windsor town,"Windsor County, VT",5002783050,1229,1237,1442,1890,1952,NCNTY50027N50027,1105,VT
50,027,84925,Windsor County,Windsor town,"Windsor County, VT",5002784925,1229,1237,1442,1890,1952,NCNTY50027N50027,3552,VT
50,027,85975,Windsor County,Woodstock town,"Windsor County, VT",5002785975,1229,1237,1442,1890,1952,NCNTY50027N50027,3025,VT
51,121,99999,Montgomery County,,"Blacksburg-Christiansburg-Radford, VA HUD Metro FMR Area",5112199999,985,1074,1375,1845,2307,METRO13980M13980,99373,VA
51,750,99999,Radford city,,"Blacksburg-Christiansburg-Radford, VA HUD Metro FMR Area",5175099999,985,1074,1375,1845,2307,METRO13980M13980,16379,VA
51,063,99999,Floyd County,,"Floyd County, VA HUD Metro FMR Area",5106399999,844,848,1113,1334,1474,METRO13980N51063,15532,VA
51,071,99999,Giles County,,"Giles County, VA HUD Metro FMR Area",5107199999,787,947,1038,1245,1741,METRO13980N51071,16711,VA
51,155,99999,Pulaski County,,"Pulaski County, VA HUD Metro FMR Area",5115599999,752,904,991,1347,1662,METRO13980N51155,33841,VA
51,003,99999,Albemarle County,,"Charlottesville, VA MSA",5100399999,1559,1758,2002,2435,2997,METRO16820M16820,112513,VA
51,065,99999,Fluvanna County,,"Charlottesville, VA MSA",5106599999,1559,1758,2002,2435,2997,METRO16820M16820,27442,VA
51,079,99999,Greene County,,"Charlottesville, VA MSA",5107999999,1559,1758,2002,2435,2997,METRO16820M16820,20631,VA
51,125,99999,Nelson County,,"Charlottesville, VA MSA",5112599999,1559,1758,2002,2435,2997,METRO16820M16820,14773,VA
51,540,99999,Charlottesville city,,"Charlottesville, VA MSA",5154099999,1559,1758,2002,2435,2997,METRO16820M16820,46289,VA
51,165,99999,Rockingham County,,"Harrisonburg, VA MSA",5116599999,1144,1151,1440,1962,2314,METRO25500M25500,83905,VA
51,660,99999,Harrisonburg city,,"Harrisonburg, VA MSA",5166099999,1144,1151,1440,1962,2314,METRO25500M25500,51784,VA
51,169,99999,Scott County,,"Kingsport-Bristol, TN-VA MSA",5116999999,775,881,1124,1441,1577,METRO28700M28700,21536,VA
51,191,99999,Washington County,,"Kingsport-Bristol, TN-VA MSA",5119199999,775,881,1124,1441,1577,METRO28700M28700,53985,VA
51,520,99999,Bristol city,,"Kingsport-Bristol, TN-VA MSA",5152099999,775,881,1124,1441,1577,METRO28700M28700,17036,VA
51,009,99999,Amherst County,,"Lynchburg, VA MSA",5100999999,1094,1100,1264,1741,1864,METRO31340M31340,31426,VA
51,011,99999,Appomattox County,,"Lynchburg, VA MSA",5101199999,1094,1100,1264,1741,1864,METRO31340M31340,16253,VA
51,019,99999,Bedford County,,"Lynchburg, VA MSA",5101999999,1094,1100,1264,1741,1864,METRO31340M31340,79761,VA
51,031,99999,Campbell County,,"Lynchburg, VA MSA",5103199999,1094,1100,1264,1741,1864,METRO31340M31340,55518,VA
51,680,99999,Lynchburg city,,"Lynchburg, VA MSA",5168099999,1094,1100,1264,1741,1864,METRO31340M31340,79166,VA
51,007,99999,Amelia County,,"Richmond, VA HUD Metro FMR Area",5100799999,1571,1643,1804,2259,2783,METRO40060M40060,13309,VA
51,036,99999,Charles City County,,"Richmond, VA HUD Metro FMR Area",5103699999,1571,1643,1804,2259,2783,METRO40060M40060,6760,VA
51,041,99999,Chesterfield County,,"Richmond, VA HUD Metro FMR Area",5104199999,1571,1643,1804,2259,2783,METRO40060M40060,366019,VA
51,053,99999,Dinwiddie County,,"Richmond, VA HUD Metro FMR Area",5105399999,1571,1643,1804,2259,2783,METRO40060M40060,28057,VA
51,075,99999,Goochland County,,"Richmond, VA HUD Metro FMR Area",5107599999,1571,1643,1804,2259,2783,METRO40060M40060,24906,VA
51,085,99999,Hanover County,,"Richmond, VA HUD Metro FMR Area",5108599999,1571,1643,1804,2259,2783,METRO40060M40060,110513,VA
51,087,99999,Henrico County,,"Richmond, VA HUD Metro FMR Area",5108799999,1571,1643,1804,2259,2783,METRO40060M40060,333120,VA
51,101,99999,King William County,,"Richmond, VA HUD Metro FMR Area",5110199999,1571,1643,1804,2259,2783,METRO40060M40060,17845,VA
51,127,99999,New Kent County,,"Richmond, VA HUD Metro FMR Area",5112799999,1571,1643,1804,2259,2783,METRO40060M40060,23296,VA
51,145,99999,Powhatan County,,"Richmond, VA HUD Metro FMR Area",5114599999,1571,1643,1804,2259,2783,METRO40060M40060,30503,VA
51,149,99999,Prince George County,,"Richmond, VA HUD Metro FMR Area",5114999999,1571,1643,1804,2259,2783,METRO40060M40060,42634,VA
51,183,99999,Sussex County,,"Richmond, VA HUD Metro FMR Area",5118399999,1571,1643,1804,2259,2783,METRO40060M40060,10866,VA
51,570,99999,Colonial Heights city,,"Richmond, VA HUD Metro FMR Area",5157099999,1571,1643,1804,2259,2783,METRO40060M40060,18158,VA
51,670,99999,Hopewell city,,"Richmond, VA HUD Metro FMR Area",5167099999,1571,1643,1804,2259,2783,METRO40060M40060,23046,VA
51,730,99999,Petersburg city,,"Richmond, VA HUD Metro FMR Area",5173099999,1571,1643,1804,2259,2783,METRO40060M40060,33261,VA
51,760,99999,Richmond city,,"Richmond, VA HUD Metro FMR Area",5176099999,1571,1643,1804,2259,2783,METRO40060M40060,227171,VA
51,097,99999,King and Queen County,,"King and Queen County, VA HUD Metro FMR Area",5109799999,1135,1187,1303,1601,2011,METRO40060M51097,6681,VA
51,023,99999,Botetourt County,,"Roanoke, VA HUD Metro FMR Area",5102399999,1072,1125,1340,1863,2248,METRO40220M40220,33734,VA
51,045,99999,Craig County,,"Roanoke, VA HUD Metro FMR Area",5104599999,1072,1125,1340,1863,2248,METRO40220M40220,4898,VA
51,161,99999,Roanoke County,,"Roanoke, VA HUD Metro FMR Area",5116199999,1072,1125,1340,1863,2248,METRO40220M40220,96653,VA
51,770,99999,Roanoke city,,"Roanoke, VA HUD Metro FMR Area",5177099999,1072,1125,1340,1863,2248,METRO40220M40220,99213,VA
51,775,99999,Salem city,,"Roanoke, VA HUD Metro FMR Area",5177599999,1072,1125,1340,1863,2248,METRO40220M40220,25372,VA
51,067,99999,Franklin County,,"Franklin County, VA HUD Metro FMR Area",5106799999,831,928,1017,1414,1706,METRO40220N51067,54838,VA
51,015,99999,Augusta County,,"Staunton-Stuarts Draft, VA MSA",5101599999,1145,1152,1327,1825,2042,METRO44420M44420,77433,VA
51,790,99999,Staunton city,,"Staunton-Stuarts Draft, VA MSA",5179099999,1145,1152,1327,1825,2042,METRO44420M44420,25581,VA
51,820,99999,Waynesboro city,,"Staunton-Stuarts Draft, VA MSA",5182099999,1145,1152,1327,1825,2042,METRO44420M44420,22341,VA
51,073,99999,Gloucester County,,"Virginia Beach-Norfolk-Newport News, VA-NC HUD Metro FMR Area",5107399999,1613,1635,1852,2569,3024,METRO47260M47260,38875,VA
51,093,99999,Isle of Wight County,,"Virginia Beach-Norfolk-Newport News, VA-NC HUD Metro FMR Area",5109399999,1613,1635,1852,2569,3024,METRO47260M47260,38898,VA
51,095,99999,James City County,,"Virginia Beach-Norfolk-Newport News, VA-NC HUD Metro FMR Area",5109599999,1613,1635,1852,2569,3024,METRO47260M47260,78818,VA
51,115,99999,Mathews County,,"Virginia Beach-Norfolk-Newport News, VA-NC HUD Metro FMR Area",5111599999,1613,1635,1852,2569,3024,METRO47260M47260,8537,VA
51,199,99999,York County,,"Virginia Beach-Norfolk-Newport News, VA-NC HUD Metro FMR Area",5119999999,1613,1635,1852,2569,3024,METRO47260M47260,70238,VA
51,550,99999,Chesapeake city,,"Virginia Beach-Norfolk-Newport News, VA-NC HUD Metro FMR Area",5155099999,1613,1635,1852,2569,3024,METRO47260M47260,249377,VA
51,650,99999,Hampton city,,"Virginia Beach-Norfolk-Newport News, VA-NC HUD Metro FMR Area",5165099999,1613,1635,1852,2569,3024,METRO47260M47260,137217,VA
51,700,99999,Newport News city,,"Virginia Beach-Norfolk-Newport News, VA-NC HUD Metro FMR Area",5170099999,1613,1635,1852,2569,3024,METRO47260M47260,185118,VA
51,710,99999,Norfolk city,,"Virginia Beach-Norfolk-Newport News, VA-NC HUD Metro FMR Area",5171099999,1613,1635,1852,2569,3024,METRO47260M47260,236973,VA
51,735,99999,Poquoson city,,"Virginia Beach-Norfolk-Newport News, VA-NC HUD Metro FMR Area",5173599999,1613,1635,1852,2569,3024,METRO47260M47260,12479,VA
51,740,99999,Portsmouth city,,"Virginia Beach-Norfolk-Newport News, VA-NC HUD Metro FMR Area",5174099999,1613,1635,1852,2569,3024,METRO47260M47260,97384,VA
51,800,99999,Suffolk city,,"Virginia Beach-Norfolk-Newport News, VA-NC HUD Metro FMR Area",5180099999,1613,1635,1852,2569,3024,METRO47260M47260,94856,VA
51,810,99999,Virginia Beach city,,"Virginia Beach-Norfolk-Newport News, VA-NC HUD Metro FMR Area",5181099999,1613,1635,1852,2569,3024,METRO47260M47260,457900,VA
51,830,99999,Williamsburg city,,"Virginia Beach-Norfolk-Newport News, VA-NC HUD Metro FMR Area",5183099999,1613,1635,1852,2569,3024,METRO47260M47260,15486,VA
51,181,99999,Surry County,,"Surry County, VA HUD Metro FMR Area",5118199999,960,976,1102,1533,1849,METRO47260N51181,6546,VA
51,013,99999,Arlington County,,"Washington-Arlington-Alexandria, DC-VA-MD HUD Metro FMR Area",5101399999,2111,2177,2427,3063,3601,METRO47900M47900,235845,VA
51,043,99999,Clarke County,,"Washington-Arlington-Alexandria, DC-VA-MD HUD Metro FMR Area",5104399999,2111,2177,2427,3063,3601,METRO47900M47900,14882,VA
51,059,99999,Fairfax County,,"Washington-Arlington-Alexandria, DC-VA-MD HUD Metro FMR Area",5105999999,2111,2177,2427,3063,3601,METRO47900M47900,1145354,VA
51,061,99999,Fauquier County,,"Washington-Arlington-Alexandria, DC-VA-MD HUD Metro FMR Area",5106199999,2111,2177,2427,3063,3601,METRO47900M47900,73290,VA
51,107,99999,Loudoun County,,"Washington-Arlington-Alexandria, DC-VA-MD HUD Metro FMR Area",5110799999,2111,2177,2427,3063,3601,METRO47900M47900,420773,VA
51,153,99999,Prince William County,,"Washington-Arlington-Alexandria, DC-VA-MD HUD Metro FMR Area",5115399999,2111,2177,2427,3063,3601,METRO47900M47900,481114,VA
51,177,99999,Spotsylvania County,,"Washington-Arlington-Alexandria, DC-VA-MD HUD Metro FMR Area",5117799999,2111,2177,2427,3063,3601,METRO47900M47900,141097,VA
51,179,99999,Stafford County,,"Washington-Arlington-Alexandria, DC-VA-MD HUD Metro FMR Area",5117999999,2111,2177,2427,3063,3601,METRO47900M47900,157606,VA
51,510,99999,Alexandria city,,"Washington-Arlington-Alexandria, DC-VA-MD HUD Metro FMR Area",5151099999,2111,2177,2427,3063,3601,METRO47900M47900,157594,VA
51,600,99999,Fairfax city,,"Washington-Arlington-Alexandria, DC-VA-MD HUD Metro FMR Area",5160099999,2111,2177,2427,3063,3601,METRO47900M47900,24242,VA
51,610,99999,Falls Church city,,"Washington-Arlington-Alexandria, DC-VA-MD HUD Metro FMR Area",5161099999,2111,2177,2427,3063,3601,METRO47900M47900,14576,VA
51,630,99999,Fredericksburg city,,"Washington-Arlington-Alexandria, DC-VA-MD HUD Metro FMR Area",5163099999,2111,2177,2427,3063,3601,METRO47900M47900,28258,VA
51,683,99999,Manassas city,,"Washington-Arlington-Alexandria, DC-VA-MD HUD Metro FMR Area",5168399999,2111,2177,2427,3063,3601,METRO47900M47900,42620,VA
51,685,99999,Manassas Park city,,"Washington-Arlington-Alexandria, DC-VA-MD HUD Metro FMR Area",5168599999,2111,2177,2427,3063,3601,METRO47900M47900,17123,VA
51,187,99999,Warren County,,"Warren County, VA HUD Metro FMR Area",5118799999,1020,1073,1408,1878,2362,METRO47900MM8820,40800,VA
51,047,99999,Culpeper County,,"Culpeper County, VA HUD Metro FMR Area",5104799999,1249,1272,1547,2150,2182,METRO47900N51047,52822,VA
51,157,99999,Rappahannock County,,"Rappahannock County, VA HUD Metro FMR Area",5115799999,1257,1316,1443,1730,2421,METRO47900N51157,7422,VA
51,069,99999,Frederick County,,"Winchester, VA-WV MSA",5106999999,1239,1372,1720,2149,2885,METRO49020M49020,92007,VA
51,840,99999,Winchester city,,"Winchester, VA-WV MSA",5184099999,1239,1372,1720,2149,2885,METRO49020M49020,28103,VA
51,001,99999,Accomack County,,"Accomack County, VA",5100199999,798,922,1136,1473,1669,NCNTY51001N51001,33367,VA
51,005,99999,Alleghany County,,"Alleghany County-Clifton Forge city-Covington city, VA HUD Nonmet",5100599999,831,836,982,1353,1459,NCNTY51005N51005,15159,VA
51,580,99999,Covington city,,"Alleghany County-Clifton Forge city-Covington city, VA HUD Nonmet",5158099999,831,836,982,1353,1459,NCNTY51005N51005,5722,VA
51,017,99999,Bath County,,"Bath County, VA",5101799999,807,812,991,1188,1549,NCNTY51017N51017,4177,VA
51,021,99999,Bland County,,"Bland County, VA",5102199999,745,749,914,1271,1429,NCNTY51021N51021,6241,VA
51,025,99999,Brunswick County,,"Brunswick County, VA",5102599999,794,798,974,1355,1480,NCNTY51025N51025,15965,VA
51,027,99999,Buchanan County,,"Buchanan County, VA",5102799999,792,834,914,1271,1494,NCNTY51027N51027,20246,VA
51,029,99999,Buckingham County,,"Buckingham County, VA",5102999999,886,933,1023,1351,1513,NCNTY51029N51029,16869,VA
51,033,99999,Caroline County,,"Caroline County, VA",5103399999,905,1075,1312,1825,2201,NCNTY51033N51033,31181,VA
51,035,99999,Carroll County,,"Carroll County-Galax city, VA HUD Nonmetro FMR Area",5103599999,765,770,914,1271,1481,NCNTY51035N51035,29126,VA
51,640,99999,Galax city,,"Carroll County-Galax city, VA HUD Nonmetro FMR Area",5164099999,765,770,914,1271,1481,NCNTY51035N51035,6687,VA
51,037,99999,Charlotte County,,"Charlotte County, VA",5103799999,692,697,914,1146,1533,NCNTY51037N51037,11563,VA
51,049,99999,Cumberland County,,"Cumberland County, VA",5104999999,852,857,1046,1254,1755,NCNTY51049N51049,9697,VA
51,051,99999,Dickenson County,,"Dickenson County, VA",5105199999,745,749,914,1096,1346,NCNTY51051N51051,14089,VA
51,057,99999,Essex County,,"Essex County, VA",5105799999,936,942,1149,1384,1607,NCNTY51057N51057,10602,VA
51,077,99999,Grayson County,,"Grayson County, VA",5107799999,792,834,914,1241,1252,NCNTY51077N51077,15356,VA
51,081,99999,Greensville County,,"Greensville County-Emporia city, VA HUD Nonmetro FMR Area",5108199999,815,820,1067,1484,1790,NCNTY51081N51081,11373,VA
51,595,99999,Emporia city,,"Greensville County-Emporia city, VA HUD Nonmetro FMR Area",5159599999,815,820,1067,1484,1790,NCNTY51081N51081,5680,VA
51,083,99999,Halifax County,,"Halifax County, VA",5108399999,803,839,927,1184,1359,NCNTY51083N51083,34013,VA
51,089,99999,Henry County,,"Henry County-Martinsville city, VA HUD Nonmetro FMR Area",5108999999,749,753,914,1096,1282,NCNTY51089N51089,50760,VA
51,690,99999,Martinsville city,,"Henry County-Martinsville city, VA HUD Nonmetro FMR Area",5169099999,749,753,914,1096,1282,NCNTY51089N51089,13539,VA
51,091,99999,Highland County,,"Highland County, VA",5109199999,745,749,914,1233,1429,NCNTY51091N51091,2247,VA
51,099,99999,King George County,,"King George County, VA",5109999999,1244,1275,1546,2150,2593,NCNTY51099N51099,26985,VA
51,103,99999,Lancaster County,,"Lancaster County, VA",5110399999,916,921,1124,1563,1886,NCNTY51103N51103,10866,VA
51,105,99999,Lee County,,"Lee County, VA",5110599999,693,697,914,1226,1429,NCNTY51105N51105,22287,VA
51,109,99999,Louisa County,,"Louisa County, VA",5110999999,1147,1209,1325,1843,2072,NCNTY51109N51109,38106,VA
51,111,99999,Lunenburg County,,"Lunenburg County, VA",5111199999,762,767,1007,1242,1382,NCNTY51111N51111,11988,VA
51,113,99999,Madison County,,"Madison County, VA",5111399999,973,1024,1124,1563,1757,NCNTY51113N51113,13828,VA
51,117,99999,Mecklenburg County,,"Mecklenburg County, VA",5111799999,753,758,994,1281,1316,NCNTY51117N51117,30367,VA
51,119,99999,Middlesex County,,"Middlesex County, VA",5111999999,1098,1105,1348,1616,2108,NCNTY51119N51119,10738,VA
51,131,99999,Northampton County,,"Northampton County, VA",5113199999,757,762,1000,1391,1678,NCNTY51131N51131,12132,VA
51,133,99999,Northumberland County,,"Northumberland County, VA",5113399999,1152,1159,1414,1695,2211,NCNTY51133N51133,12007,VA
51,135,99999,Nottoway County,,"Nottoway County, VA",5113599999,765,771,1011,1406,1645,NCNTY51135N51135,15638,VA
51,137,99999,Orange County,,"Orange County, VA",5113799999,1080,1086,1325,1843,2072,NCNTY51137N51137,36593,VA
51,139,99999,Page County,,"Page County, VA",5113999999,838,849,968,1212,1624,NCNTY51139N51139,23753,VA
51,141,99999,Patrick County,,"Patrick County, VA",5114199999,758,763,914,1146,1429,NCNTY51141N51141,17660,VA
51,143,99999,Pittsylvania County,,"Pittsylvania County-Danville city, VA HUD Nonmetro FMR Area",5114399999,660,773,957,1322,1482,NCNTY51143N51143,60541,VA
51,590,99999,Danville city,,"Pittsylvania County-Danville city, VA HUD Nonmetro FMR Area",5159099999,660,773,957,1322,1482,NCNTY51143N51143,42507,VA
51,147,99999,Prince Edward County,,"Prince Edward County, VA",5114799999,965,971,1152,1381,1525,NCNTY51147N51147,21922,VA
51,159,99999,Richmond County,,"Richmond County, VA",5115999999,909,915,1201,1519,1894,NCNTY51159N51159,8968,VA
51,163,99999,Rockbridge County,,"Rockbridge County-Buena Vista city-Lexington city, VA HUD Nonmetr",5116399999,929,979,1073,1492,1800,NCNTY51163N51163,22673,VA
51,530,99999,Buena Vista city,,"Rockbridge County-Buena Vista city-Lexington city, VA HUD Nonmetr",5153099999,929,979,1073,1492,1800,NCNTY51163N51163,6639,VA
51,678,99999,Lexington city,,"Rockbridge County-Buena Vista city-Lexington city, VA HUD Nonmetr",5167899999,929,979,1073,1492,1800,NCNTY51163N51163,7346,VA
51,167,99999,Russell County,,"Russell County, VA",5116799999,744,748,914,1156,1377,NCNTY51167N51167,25763,VA
51,171,99999,Shenandoah County,,"Shenandoah County, VA",5117199999,875,880,1124,1437,1569,NCNTY51171N51171,44337,VA
51,173,99999,Smyth County,,"Smyth County, VA",5117399999,642,753,914,1191,1429,NCNTY51173N51173,29799,VA
51,175,99999,Southampton County,,"Southampton County-Franklin city, VA HUD Nonmetro FMR Area",5117599999,851,857,1091,1412,1830,NCNTY51175N51175,18003,VA
51,620,99999,Franklin city,,"Southampton County-Franklin city, VA HUD Nonmetro FMR Area",5162099999,851,857,1091,1412,1830,NCNTY51175N51175,8194,VA
51,185,99999,Tazewell County,,"Tazewell County, VA",5118599999,767,772,964,1156,1321,NCNTY51185N51185,40392,VA
51,193,99999,Westmoreland County,,"Westmoreland County, VA",5119399999,1035,1041,1270,1764,1925,NCNTY51193N51193,18480,VA
51,195,99999,Wise County,,"Wise County-Norton city, VA HUD Nonmetro FMR Area",5119599999,692,697,914,1205,1429,NCNTY51195N51195,36105,VA
51,720,99999,Norton city,,"Wise County-Norton city, VA HUD Nonmetro FMR Area",5172099999,692,697,914,1205,1429,NCNTY51195N51195,3668,VA
51,197,99999,Wythe County,,"Wythe County, VA",5119799999,787,791,949,1259,1592,NCNTY51197N51197,28275,VA
53,073,99999,Whatcom County,,"Bellingham, WA MSA",5307399999,1552,1584,1903,2647,3192,METRO13380M13380,226523,WA
53,035,99999,Kitsap County,,"Bremerton-Silverdale-Port Orchard, WA MSA",5303599999,1498,1656,2173,2863,3147,METRO14740M14740,275411,WA
53,005,99999,Benton County,,"Kennewick-Richland, WA MSA",5300599999,1202,1359,1648,2220,2556,METRO28420M28420,207560,WA
53,021,99999,Franklin County,,"Kennewick-Richland, WA MSA",5302199999,1202,1359,1648,2220,2556,METRO28420M28420,96692,WA
53,003,99999,Asotin County,,"Lewiston, ID-WA MSA",5300399999,1005,1012,1326,1844,2214,METRO30300M30300,22370,WA
53,015,99999,Cowlitz County,,"Longview-Kelso, WA MSA",5301599999,1067,1280,1548,2153,2597,METRO31020M31020,110621,WA
53,057,99999,Skagit County,,"Mount Vernon-Anacortes, WA MSA",5305799999,1292,1428,1874,2606,2832,METRO34580M34580,129480,WA
53,067,99999,Thurston County,,"Olympia-Lacey-Tumwater, WA MSA",5306799999,1663,1820,2120,2826,3556,METRO36500M36500,294272,WA
53,011,99999,Clark County,,"Portland-Vancouver-Hillsboro, OR-WA MSA",5301199999,1687,1802,2065,2814,3340,METRO38900M38900,504091,WA
53,059,99999,Skamania County,,"Portland-Vancouver-Hillsboro, OR-WA MSA",5305999999,1687,1802,2065,2814,3340,METRO38900M38900,12118,WA
53,033,99999,King County,,"Seattle-Bellevue, WA HUD Metro FMR Area",5303399999,2250,2328,2713,3550,4173,METRO42660MM7600,2254371,WA
53,061,99999,Snohomish County,,"Seattle-Bellevue, WA HUD Metro FMR Area",5306199999,2250,2328,2713,3550,4173,METRO42660MM7600,828337,WA
53,053,99999,Pierce County,,"Tacoma, WA HUD Metro FMR Area",5305399999,1528,1717,2109,2924,3319,METRO42660MM8200,918993,WA
53,063,99999,Spokane County,,"Spokane, WA HUD Metro FMR Area",5306399999,1172,1267,1626,2217,2661,METRO44060M44060,538711,WA
53,065,99999,Stevens County,,"Stevens County, WA HUD Metro FMR Area",5306599999,920,926,1184,1647,1986,METRO44060N53065,46774,WA
53,071,99999,Walla Walla County,,"Walla Walla, WA MSA",5307199999,1165,1282,1682,2298,2822,METRO47460M47460,62150,WA
53,007,99999,Chelan County,,"Wenatchee-East Wenatchee, WA MSA",5300799999,1140,1261,1654,2274,2775,METRO48300M48300,79076,WA
53,017,99999,Douglas County,,"Wenatchee-East Wenatchee, WA MSA",5301799999,1140,1261,1654,2274,2775,METRO48300M48300,43189,WA
53,077,99999,Yakima County,,"Yakima, WA MSA",5307799999,1111,1119,1468,2042,2236,METRO49420M49420,256143,WA
53,001,99999,Adams County,,"Adams County, WA",5300199999,847,920,1207,1679,2025,NCNTY53001N53001,20557,WA
53,009,99999,Clallam County,,"Clallam County, WA",5300999999,947,1039,1361,1893,2178,NCNTY53009N53009,77333,WA
53,013,99999,Columbia County,,"Columbia County, WA",5301399999,772,995,1101,1531,1847,NCNTY53013N53013,3980,WA
53,019,99999,Ferry County,,"Ferry County, WA",5301999999,683,742,973,1353,1632,NCNTY53019N53019,7260,WA
53,023,99999,Garfield County,,"Garfield County, WA",5302399999,765,831,1091,1517,1830,NCNTY53023N53023,2310,WA
53,025,99999,Grant County,,"Grant County, WA",5302599999,1002,1009,1324,1834,2221,NCNTY53025N53025,99145,WA
53,027,99999,Grays Harbor County,,"Grays Harbor County, WA",5302799999,883,977,1281,1782,1969,NCNTY53027N53027,75672,WA
53,029,99999,Island County,,"Island County, WA",5302999999,1254,1450,1787,2485,2923,NCNTY53029N53029,86510,WA
53,031,99999,Jefferson County,,"Jefferson County, WA",5303199999,1235,1286,1509,2099,2531,NCNTY53031N53031,33006,WA
53,037,99999,Kittitas County,,"Kittitas County, WA",5303799999,1070,1183,1552,2158,2604,NCNTY53037N53037,44424,WA
53,039,99999,Klickitat County,,"Klickitat County, WA",5303999999,987,1091,1432,1717,1957,NCNTY53039N53039,22798,WA
53,041,99999,Lewis County,,"Lewis County, WA",5304199999,930,1028,1349,1780,1933,NCNTY53041N53041,82663,WA
53,043,99999,Lincoln County,,"Lincoln County, WA",5304399999,754,819,1074,1494,1802,NCNTY53043N53043,11036,WA
53,045,99999,Mason County,,"Mason County, WA",5304599999,1102,1104,1449,2015,2244,NCNTY53045N53045,66053,WA
53,047,99999,Okanogan County,,"Okanogan County, WA",5304799999,799,904,1139,1560,1703,NCNTY53047N53047,42336,WA
53,049,99999,Pacific County,,"Pacific County, WA",5304999999,828,964,1180,1620,1980,NCNTY53049N53049,23396,WA
53,051,99999,Pend Oreille County,,"Pend Oreille County, WA",5305199999,833,920,1207,1514,2025,NCNTY53051N53051,13570,WA
53,055,99999,San Juan County,,"San Juan County, WA",5305599999,1372,1517,1990,2634,2635,NCNTY53055N53055,18001,WA
53,069,99999,Wahkiakum County,,"Wahkiakum County, WA",5306999999,824,1055,1174,1633,1969,NCNTY53069N53069,4476,WA
53,075,99999,Whitman County,,"Whitman County, WA",5307599999,857,947,1243,1729,2085,NCNTY53075N53075,47141,WA
54,019,99999,Fayette County,,"Fayette County, WV HUD Metro FMR Area",5401999999,657,726,953,1244,1599,METRO13220N54019,40545,WV
54,081,99999,Raleigh County,,"Raleigh County, WV HUD Metro FMR Area",5408199999,752,757,993,1381,1448,METRO13220N54081,74303,WV
54,015,99999,Clay County,,"Charleston, WV HUD Metro FMR Area",5401599999,762,884,1105,1413,1463,METRO16620M16620,8049,WV
54,039,99999,Kanawha County,,"Charleston, WV HUD Metro FMR Area",5403999999,762,884,1105,1413,1463,METRO16620M16620,179895,WV
54,005,99999,Boone County,,"Boone County, WV HUD Metro FMR Area",5400599999,733,737,951,1308,1595,METRO16620N54005,21705,WV
54,065,99999,Morgan County,,"Morgan County, WV HUD Metro FMR Area",5406599999,723,799,1048,1331,1758,METRO25180M54065,17237,WV
54,003,99999,Berkeley County,,"Martinsburg, WV HUD Metro FMR Area",5400399999,923,1054,1338,1847,2113,METRO25180MM0877,123283,WV
54,011,99999,Cabell County,,"Huntington-Ashland, WV-KY-OH HUD Metro FMR Area",5401199999,881,886,1011,1297,1465,METRO26580M26580,93965,WV
54,099,99999,Wayne County,,"Huntington-Ashland, WV-KY-OH HUD Metro FMR Area",5409999999,881,886,1011,1297,1465,METRO26580M26580,38933,WV
54,079,99999,Putnam County,,"Putnam County, WV HUD Metro FMR Area",5407999999,865,870,1142,1584,1654,METRO26580M54079,57347,WV
54,061,99999,Monongalia County,,"Morgantown, WV MSA",5406199999,935,940,1179,1414,1777,METRO34060M34060,105988,WV
54,077,99999,Preston County,,"Morgantown, WV MSA",5407799999,935,940,1179,1414,1777,METRO34060M34060,34206,WV
54,105,99999,Wirt County,,"Parkersburg-Vienna, WV MSA",5410599999,790,795,990,1274,1337,METRO37620M37620,5202,WV
54,107,99999,Wood County,,"Parkersburg-Vienna, WV MSA",5410799999,790,795,990,1274,1337,METRO37620M37620,84272,WV
54,037,99999,Jefferson County,,"Jefferson County, WV HUD Metro FMR Area",5403799999,1001,1008,1322,1839,2218,METRO47900MM3630,58043,WV
54,009,99999,Brooke County,,"Weirton-Steubenville, WV-OH MSA",5400999999,776,781,1004,1326,1529,METRO48260M48260,22349,WV
54,029,99999,Hancock County,,"Weirton-Steubenville, WV-OH MSA",5402999999,776,781,1004,1326,1529,METRO48260M48260,28907,WV
54,051,99999,Marshall County,,"Wheeling, WV-OH MSA",5405199999,719,859,1043,1344,1487,METRO48540M48540,30509,WV
54,069,99999,Ohio County,,"Wheeling, WV-OH MSA",5406999999,719,859,1043,1344,1487,METRO48540M48540,42224,WV
54,027,99999,Hampshire County,,"Winchester, VA-WV MSA",5402799999,1239,1372,1720,2149,2885,METRO49020M49020,23275,WV
54,001,99999,Barbour County,,"Barbour County, WV",5400199999,667,793,869,1147,1313,NCNTY54001N54001,15527,WV
54,007,99999,Braxton County,,"Braxton County, WV",5400799999,660,665,869,1147,1311,NCNTY54007N54007,12505,WV
54,013,99999,Calhoun County,,"Calhoun County, WV",5401399999,667,706,869,1173,1177,NCNTY54013N54013,6279,WV
54,017,99999,Doddridge County,,"Doddridge County, WV",5401799999,743,786,968,1259,1312,NCNTY54017N54017,7847,WV
54,021,99999,Gilmer County,,"Gilmer County, WV",5402199999,667,793,869,1140,1390,NCNTY54021N54021,7444,WV
54,023,99999,Grant County,,"Grant County, WV",5402399999,658,662,869,1127,1177,NCNTY54023N54023,11034,WV
54,025,99999,Greenbrier County,,"Greenbrier County, WV",5402599999,765,793,997,1272,1332,NCNTY54025N54025,32995,WV
54,031,99999,Hardy County,,"Hardy County, WV",5403199999,748,820,975,1199,1321,NCNTY54031N54031,14249,WV
54,033,99999,Harrison County,,"Harrison County, WV",5403399999,847,927,1051,1391,1614,NCNTY54033N54033,65862,WV
54,035,99999,Jackson County,,"Jackson County, WV",5403599999,668,727,870,1139,1222,NCNTY54035N54035,27868,WV
54,041,99999,Lewis County,,"Lewis County, WV",5404199999,734,829,956,1261,1266,NCNTY54041N54041,16920,WV
54,043,99999,Lincoln County,,"Lincoln County, WV",5404399999,707,757,921,1104,1248,NCNTY54043N54043,20410,WV
54,045,99999,Logan County,,"Logan County, WV",5404599999,674,801,878,1221,1473,NCNTY54045N54045,32350,WV
54,047,99999,McDowell County,,"McDowell County, WV",5404799999,658,662,869,1146,1151,NCNTY54047N54047,18911,WV
54,049,99999,Marion County,,"Marion County, WV",5404999999,782,883,1062,1303,1712,NCNTY54049N54049,56194,WV
54,053,99999,Mason County,,"Mason County, WV",5405399999,709,843,924,1149,1223,NCNTY54053N54053,25488,WV
54,055,99999,Mercer County,,"Mercer County, WV",5405599999,664,771,963,1296,1352,NCNTY54055N54055,59530,WV
54,057,99999,Mineral County,,"Mineral County, WV",5405799999,677,706,883,1165,1250,NCNTY54057N54057,26957,WV
54,059,99999,Mingo County,,"Mingo County, WV",5405999999,737,745,960,1151,1301,NCNTY54059N54059,23466,WV
54,063,99999,Monroe County,,"Monroe County, WV",5406399999,667,706,869,1209,1312,NCNTY54063N54063,12438,WV
54,067,99999,Nicholas County,,"Nicholas County, WV",5406799999,674,704,878,1136,1190,NCNTY54067N54067,24624,WV
54,071,99999,Pendleton County,,"Pendleton County, WV",5407199999,667,706,869,1209,1219,NCNTY54071N54071,6156,WV
54,073,99999,Pleasants County,,"Pleasants County, WV",5407399999,658,662,869,1173,1177,NCNTY54073N54073,7622,WV
54,075,99999,Pocahontas County,,"Pocahontas County, WV",5407599999,667,788,869,1146,1177,NCNTY54075N54075,7940,WV
54,083,99999,Randolph County,,"Randolph County, WV",5408399999,667,738,968,1233,1529,NCNTY54083N54083,28005,WV
54,085,99999,Ritchie County,,"Ritchie County, WV",5408599999,666,671,880,1055,1165,NCNTY54085N54085,8507,WV
54,087,99999,Roane County,,"Roane County, WV",5408799999,667,793,869,1173,1177,NCNTY54087N54087,14027,WV
54,089,99999,Summers County,,"Summers County, WV",5408999999,707,748,921,1215,1219,NCNTY54089N54089,11985,WV
54,091,99999,Taylor County,,"Taylor County, WV",5409199999,717,845,1040,1404,1409,NCNTY54091N54091,16602,WV
54,093,99999,Tucker County,,"Tucker County, WV",5409399999,667,699,869,1209,1458,NCNTY54093N54093,6747,WV
54,095,99999,Tyler County,,"Tyler County, WV",5409599999,681,721,888,1148,1203,NCNTY54095N54095,8336,WV
54,097,99999,Upshur County,,"Upshur County, WV",5409799999,763,768,1008,1263,1691,NCNTY54097N54097,23875,WV
54,101,99999,Webster County,,"Webster County, WV",5410199999,658,662,869,1061,1177,NCNTY54101N54101,8362,WV
54,103,99999,Wetzel County,,"Wetzel County, WV",5410399999,738,743,975,1255,1291,NCNTY54103N54103,14431,WV
54,109,99999,Wyoming County,,"Wyoming County, WV",5410999999,705,791,919,1241,1245,NCNTY54109N54109,21237,WV
55,015,99999,Calumet County,,"Appleton, WI MSA",5501599999,922,1032,1328,1828,1908,METRO11540M11540,52361,WI
55,087,99999,Outagamie County,,"Appleton, WI MSA",5508799999,922,1032,1328,1828,1908,METRO11540M11540,190611,WI
55,031,99999,Douglas County,,"Duluth, MN-WI MSA",5503199999,912,1051,1323,1813,2219,METRO20260M20260,44092,WI
55,017,99999,Chippewa County,,"Eau Claire, WI MSA",5501799999,989,1020,1252,1677,1684,METRO20740M20740,66254,WI
55,035,99999,Eau Claire County,,"Eau Claire, WI MSA",5503599999,989,1020,1252,1677,1684,METRO20740M20740,105697,WI
55,039,99999,Fond du Lac County,,"Fond du Lac, WI MSA",5503999999,892,1041,1294,1675,1832,METRO22540M22540,104027,WI
55,009,99999,Brown County,,"Green Bay, WI HUD Metro FMR Area",5500999999,932,1001,1251,1660,1739,METRO24580M24580,268393,WI
55,061,99999,Kewaunee County,,"Green Bay, WI HUD Metro FMR Area",5506199999,932,1001,1251,1660,1739,METRO24580M24580,20570,WI
55,083,99999,Oconto County,,"Oconto County, WI HUD Metro FMR Area",5508399999,733,805,987,1290,1307,METRO24580N55083,39048,WI
55,105,99999,Rock County,,"Janesville-Beloit, WI MSA",5510599999,958,1018,1327,1700,1757,METRO27500M27500,163817,WI
55,059,99999,Kenosha County,,"Kenosha, WI MSA",5505999999,1161,1168,1500,2032,2326,METRO28450M28450,168693,WI
55,063,99999,La Crosse County,,"La Crosse-Onalaska, WI-MN HUD Metro FMR Area",5506399999,854,944,1239,1610,2023,METRO29100M29100,120216,WI
55,123,99999,Vernon County,,"Vernon County, WI HUD Metro FMR Area",5512399999,676,766,981,1231,1498,METRO29100N55123,30811,WI
55,025,99999,Dane County,,"Madison, WI HUD Metro FMR Area",5502599999,1369,1599,1828,2413,2707,METRO31540M31540,559891,WI
55,021,99999,Columbia County,,"Columbia County, WI HUD Metro FMR Area",5502199999,877,969,1272,1752,1914,METRO31540N55021,58272,WI
55,045,99999,Green County,,"Green County, WI HUD Metro FMR Area",5504599999,833,882,1151,1380,1524,METRO31540N55045,37066,WI
55,049,99999,Iowa County,,"Iowa County, WI HUD Metro FMR Area",5504999999,911,917,1203,1581,2018,METRO31540N55049,23766,WI
55,079,99999,Milwaukee County,,"Milwaukee-Waukesha, WI MSA",5507999999,1105,1205,1440,1773,1920,METRO33340M33340,933063,WI
55,089,99999,Ozaukee County,,"Milwaukee-Waukesha, WI MSA",5508999999,1105,1205,1440,1773,1920,METRO33340M33340,91745,WI
55,131,99999,Washington County,,"Milwaukee-Waukesha, WI MSA",5513199999,1105,1205,1440,1773,1920,METRO33340M33340,136842,WI
55,133,99999,Waukesha County,,"Milwaukee-Waukesha, WI MSA",5513399999,1105,1205,1440,1773,1920,METRO33340M33340,407290,WI
55,093,99999,Pierce County,,"Minneapolis-St. Paul-Bloomington, MN-WI HUD Metro FMR Area",5509399999,1342,1517,1846,2443,2734,METRO33460M33460,42187,WI
55,109,99999,St. Croix County,,"Minneapolis-St. Paul-Bloomington, MN-WI HUD Metro FMR Area",5510999999,1342,1517,1846,2443,2734,METRO33460M33460,93752,WI
55,139,99999,Winnebago County,,"Oshkosh-Neenah, WI MSA",5513999999,922,937,1211,1626,1740,METRO36780M36780,171197,WI
55,101,99999,Racine County,,"Racine-Mount Pleasant, WI MSA",5510199999,907,1052,1315,1695,2089,METRO39540M39540,197068,WI
55,117,99999,Sheboygan County,,"Sheboygan, WI MSA",5511799999,832,961,1207,1462,1652,METRO43100M43100,117741,WI
55,073,99999,Marathon County,,"Wausau, WI MSA",5507399999,838,942,1216,1601,1610,METRO48140M48140,137820,WI
55,001,99999,Adams County,,"Adams County, WI",5500199999,767,818,973,1236,1288,NCNTY55001N55001,20730,WI
55,003,99999,Ashland County,,"Ashland County, WI",5500399999,737,742,973,1353,1613,NCNTY55003N55003,16041,WI
55,005,99999,Barron County,,"Barron County, WI",5500599999,741,790,1036,1328,1674,NCNTY55005N55005,46683,WI
55,007,99999,Bayfield County,,"Bayfield County, WI",5500799999,727,804,1055,1392,1397,NCNTY55007N55007,16214,WI
55,011,99999,Buffalo County,,"Buffalo County, WI",5501199999,721,774,1016,1236,1607,NCNTY55011N55011,13329,WI
55,013,99999,Burnett County,,"Burnett County, WI",5501399999,751,806,1058,1269,1596,NCNTY55013N55013,16561,WI
55,019,99999,Clark County,,"Clark County, WI",5501999999,723,754,973,1238,1399,NCNTY55019N55019,34703,WI
55,023,99999,Crawford County,,"Crawford County, WI",5502399999,694,892,978,1173,1332,NCNTY55023N55023,16123,WI
55,027,99999,Dodge County,,"Dodge County, WI",5502799999,794,931,1152,1551,1584,NCNTY55027N55027,89032,WI
55,029,99999,Door County,,"Door County, WI",5502999999,868,932,1223,1485,1619,NCNTY55029N55029,30038,WI
55,033,99999,Dunn County,,"Dunn County, WI",5503399999,826,831,1082,1441,1815,NCNTY55033N55033,45221,WI
55,037,99999,Florence County,,"Florence County, WI",5503799999,911,978,1283,1582,1763,NCNTY55037N55037,4574,WI
55,041,99999,Forest County,,"Forest County, WI",5504199999,694,742,973,1182,1288,NCNTY55041N55041,9239,WI
55,043,99999,Grant County,,"Grant County, WI",5504399999,745,762,973,1213,1594,NCNTY55043N55043,51842,WI
55,047,99999,Green Lake County,,"Green Lake County, WI",5504799999,700,752,987,1183,1307,NCNTY55047N55047,19093,WI
55,051,99999,Iron County,,"Iron County, WI",5505199999,691,758,973,1214,1499,NCNTY55051N55051,6136,WI
55,053,99999,Jackson County,,"Jackson County, WI",5505399999,677,794,982,1177,1493,NCNTY55053N55053,20958,WI
55,055,99999,Jefferson County,,"Jefferson County, WI",5505599999,848,975,1230,1628,1634,NCNTY55055N55055,85932,WI
55,057,99999,Juneau County,,"Juneau County, WI",5505799999,763,768,1008,1238,1335,NCNTY55057N55057,26695,WI
55,065,99999,Lafayette County,,"Lafayette County, WI",5506599999,691,819,973,1353,1466,NCNTY55065N55065,16716,WI
55,067,99999,Langlade County,,"Langlade County, WI",5506799999,728,782,1026,1230,1358,NCNTY55067N55067,19512,WI
55,069,99999,Lincoln County,,"Lincoln County, WI",5506999999,741,747,973,1353,1417,NCNTY55069N55069,28402,WI
55,071,99999,Manitowoc County,,"Manitowoc County, WI",5507199999,737,742,973,1167,1288,NCNTY55071N55071,81242,WI
55,075,99999,Marinette County,,"Marinette County, WI",5507599999,741,745,973,1167,1457,NCNTY55075N55075,41827,WI
55,077,99999,Marquette County,,"Marquette County, WI",5507799999,691,772,973,1247,1385,NCNTY55077N55077,15619,WI
55,078,99999,Menominee County,,"Menominee County, WI",5507899999,691,888,973,1314,1319,NCNTY55078N55078,4279,WI
55,081,99999,Monroe County,,"Monroe County, WI",5508199999,753,873,1092,1434,1490,NCNTY55081N55081,46208,WI
55,085,99999,Oneida County,,"Oneida County, WI",5508599999,769,949,1084,1300,1557,NCNTY55085N55085,37799,WI
55,091,99999,Pepin County,,"Pepin County, WI",5509199999,691,742,973,1329,1632,NCNTY55091N55091,7363,WI
55,095,99999,Polk County,,"Polk County, WI",5509599999,800,885,1161,1436,1766,NCNTY55095N55095,45128,WI
55,097,99999,Portage County,,"Portage County, WI",5509799999,758,842,1099,1318,1455,NCNTY55097N55097,70281,WI
55,099,99999,Price County,,"Price County, WI",5509999999,779,784,1029,1280,1362,NCNTY55099N55099,14066,WI
55,103,99999,Richland County,,"Richland County, WI",5510399999,672,817,975,1169,1464,NCNTY55103N55103,17256,WI
55,107,99999,Rusk County,,"Rusk County, WI",5510799999,754,759,996,1224,1319,NCNTY55107N55107,14179,WI
55,111,99999,Sauk County,,"Sauk County, WI",5511199999,870,1025,1198,1514,1598,NCNTY55111N55111,65664,WI
55,113,99999,Sawyer County,,"Sawyer County, WI",5511399999,820,851,1117,1339,1479,NCNTY55113N55113,18057,WI
55,115,99999,Shawano County,,"Shawano County, WI",5511599999,704,828,989,1266,1309,NCNTY55115N55115,40848,WI
55,119,99999,Taylor County,,"Taylor County, WI",5511999999,691,778,973,1245,1570,NCNTY55119N55119,19979,WI
55,121,99999,Trempealeau County,,"Trempealeau County, WI",5512199999,789,794,1042,1374,1380,NCNTY55121N55121,30679,WI
55,125,99999,Vilas County,,"Vilas County, WI",5512599999,809,814,1016,1218,1345,NCNTY55125N55125,23146,WI
55,127,99999,Walworth County,,"Walworth County, WI",5512799999,898,993,1303,1639,2113,NCNTY55127N55127,105127,WI
55,129,99999,Washburn County,,"Washburn County, WI",5512999999,703,777,1020,1223,1351,NCNTY55129N55129,16685,WI
55,135,99999,Waupaca County,,"Waupaca County, WI",5513599999,764,779,973,1283,1288,NCNTY55135N55135,51822,WI
55,137,99999,Waushara County,,"Waushara County, WI",5513799999,691,742,973,1291,1493,NCNTY55137N55137,24672,WI
55,141,99999,Wood County,,"Wood County, WI",5514199999,730,783,1028,1289,1361,NCNTY55141N55141,74138,WI
56,025,99999,Natrona County,,"Casper, WY MSA",5602599999,818,909,1154,1605,1936,METRO16220M16220,79506,WY
56,021,99999,Laramie County,,"Cheyenne, WY MSA",5602199999,860,974,1248,1736,2094,METRO16940M16940,100316,WY
56,001,99999,Albany County,,"Albany County, WY",5600199999,727,807,988,1374,1657,NCNTY56001N56001,37525,WY
56,003,99999,Big Horn County,,"Big Horn County, WY",5600399999,761,871,963,1189,1515,NCNTY56003N56003,11690,WY
56,005,99999,Campbell County,,"Campbell County, WY",5600599999,834,928,1055,1392,1770,NCNTY56005N56005,46857,WY
56,007,99999,Carbon County,,"Carbon County, WY",5600799999,813,897,1029,1357,1454,NCNTY56007N56007,14609,WY
56,009,99999,Converse County,,"Converse County, WY",5600999999,817,822,1079,1485,1782,NCNTY56009N56009,13729,WY
56,011,99999,Crook County,,"Crook County, WY",5601199999,759,764,996,1270,1645,NCNTY56011N56011,7258,WY
56,013,99999,Fremont County,,"Fremont County, WY",5601399999,755,760,972,1333,1631,NCNTY56013N56013,39402,WY
56,015,99999,Goshen County,,"Goshen County, WY",5601599999,729,734,963,1293,1615,NCNTY56015N56015,12592,WY
56,017,99999,Hot Springs County,,"Hot Springs County, WY",5601799999,729,734,963,1339,1577,NCNTY56017N56017,4616,WY
56,019,99999,Johnson County,,"Johnson County, WY",5601999999,872,878,1152,1413,1903,NCNTY56019N56019,8536,WY
56,023,99999,Lincoln County,,"Lincoln County, WY",5602399999,734,739,969,1348,1626,NCNTY56023N56023,19794,WY
56,027,99999,Niobrara County,,"Niobrara County, WY",5602799999,934,940,1225,1686,2023,NCNTY56027N56027,2460,WY
56,029,99999,Park County,,"Park County, WY",5602999999,711,786,1031,1432,1730,NCNTY56029N56029,29878,WY
56,031,99999,Platte County,,"Platte County, WY",5603199999,825,851,1044,1359,1724,NCNTY56031N56031,8618,WY
56,033,99999,Sheridan County,,"Sheridan County, WY",5603399999,918,924,1212,1453,2030,NCNTY56033N56033,31176,WY
56,035,99999,Sublette County,,"Sublette County, WY",5603599999,776,781,1018,1416,1681,NCNTY56035N56035,8801,WY
56,037,99999,Sweetwater County,,"Sweetwater County, WY",5603799999,765,896,1046,1327,1755,NCNTY56037N56037,42079,WY
56,039,99999,Teton County,,"Teton County, WY",5603999999,1536,1546,2029,2721,3351,NCNTY56039N56039,23346,WY
56,041,99999,Uinta County,,"Uinta County, WY",5604199999,664,734,963,1339,1467,NCNTY56041N56041,20546,WY
56,043,99999,Washakie County,,"Washakie County, WY",5604399999,729,734,963,1339,1590,NCNTY56043N56043,7725,WY
56,045,99999,Weston County,,"Weston County, WY",5604599999,862,867,1130,1555,1866,NCNTY56045N56045,6870,WY
60,999,99999,American Samoa,,American Samoa,6099999999,690,748,982,1366,1647,NCNTY60999N60999,55519,AS
66,010,99999,Guam,,Guam,6601099999,1100,1211,1589,2226,2668,NCNTY66010N66010,159358,GU
69,999,99999,Northern Mariana Islands,,Northern Mariana Islands,6999999999,709,783,1028,1430,1717,NCNTY69999N69999,53883,MP
72,003,99999,Aguada Municipio,,"Aguadilla, PR MSA",7200399999,505,508,594,716,796,METRO10380M10380,37998,PR
72,005,99999,Aguadilla Municipio,,"Aguadilla, PR MSA",7200599999,505,508,594,716,796,METRO10380M10380,54752,PR
72,011,99999,Añasco Municipio,,"Aguadilla, PR MSA",7201199999,505,508,594,716,796,METRO10380M10380,25497,PR
72,071,99999,Isabela Municipio,,"Aguadilla, PR MSA",7207199999,505,508,594,716,796,METRO10380M10380,42817,PR
72,099,99999,Moca Municipio,,"Aguadilla, PR MSA",7209999999,505,508,594,716,796,METRO10380M10380,37363,PR
72,117,99999,Rincón Municipio,,"Aguadilla, PR MSA",7211799999,505,508,594,716,796,METRO10380M10380,15164,PR
72,131,99999,San Sebastián Municipio,,"Aguadilla, PR MSA",7213199999,505,508,594,716,796,METRO10380M10380,39183,PR
72,013,99999,Arecibo Municipio,,"Arecibo, PR MSA",7201399999,460,463,537,737,829,METRO11640M11640,87217,PR
72,027,99999,Camuy Municipio,,"Arecibo, PR MSA",7202799999,460,463,537,737,829,METRO11640M11640,32733,PR
72,065,99999,Hatillo Municipio,,"Arecibo, PR MSA",7206599999,460,463,537,737,829,METRO11640M11640,38330,PR
72,115,99999,Quebradillas Municipio,,"Arecibo, PR MSA",7211599999,460,463,537,737,829,METRO11640M11640,23540,PR
72,015,99999,Arroyo Municipio,,"Guayama, PR MSA",7201599999,424,429,487,653,655,METRO25020M25020,15797,PR
72,057,99999,Guayama Municipio,,"Guayama, PR MSA",7205799999,424,429,487,653,655,METRO25020M25020,36365,PR
72,109,99999,Patillas Municipio,,"Guayama, PR MSA",7210999999,424,429,487,653,655,METRO25020M25020,15927,PR
72,067,99999,Hormigueros Municipio,,"Mayagüez, PR HUD Metro FMR Area",7206799999,506,530,581,747,888,METRO32420M32420,15571,PR
72,097,99999,Mayagüez Municipio,,"Mayagüez, PR HUD Metro FMR Area",7209799999,506,530,581,747,888,METRO32420M32420,72721,PR
72,023,99999,Cabo Rojo Municipio,,"San Germán, PR HUD Metro FMR Area",7202399999,425,427,553,688,732,METRO32420M41900,46983,PR
72,079,99999,Lajas Municipio,,"San Germán, PR HUD Metro FMR Area",7207999999,425,427,553,688,732,METRO32420M41900,23202,PR
72,121,99999,Sabana Grande Municipio,,"San Germán, PR HUD Metro FMR Area",7212199999,425,427,553,688,732,METRO32420M41900,22639,PR
72,125,99999,San Germán Municipio,,"San Germán, PR HUD Metro FMR Area",7212599999,425,427,553,688,732,METRO32420M41900,31680,PR
72,075,99999,Juana Díaz Municipio,,"Ponce, PR HUD Metro FMR Area",7207599999,503,526,577,802,905,METRO38660M38660,46333,PR
72,113,99999,Ponce Municipio,,"Ponce, PR HUD Metro FMR Area",7211399999,503,526,577,802,905,METRO38660M38660,136542,PR
72,149,99999,Villalba Municipio,,"Ponce, PR HUD Metro FMR Area",7214999999,503,526,577,802,905,METRO38660M38660,21984,PR
72,059,99999,Guayanilla Municipio,,"Yauco, PR HUD Metro FMR Area",7205999999,460,482,528,721,731,METRO38660M49500,17670,PR
72,111,99999,Peñuelas Municipio,,"Yauco, PR HUD Metro FMR Area",7211199999,460,482,528,721,731,METRO38660M49500,20298,PR
72,153,99999,Yauco Municipio,,"Yauco, PR HUD Metro FMR Area",7215399999,460,482,528,721,731,METRO38660M49500,33988,PR
72,037,99999,Ceiba Municipio,,"Fajardo, PR HUD Metro FMR Area",7203799999,526,530,649,796,864,METRO41980M21940,11256,PR
72,053,99999,Fajardo Municipio,,"Fajardo, PR HUD Metro FMR Area",7205399999,526,530,649,796,864,METRO41980M21940,31984,PR
72,089,99999,Luquillo Municipio,,"Fajardo, PR HUD Metro FMR Area",7208999999,526,530,649,796,864,METRO41980M21940,17716,PR
72,025,99999,Caguas Municipio,,"Caguas, PR HUD Metro FMR Area",7202599999,490,493,599,833,1005,METRO41980MM1310,126772,PR
72,035,99999,Cayey Municipio,,"Caguas, PR HUD Metro FMR Area",7203599999,490,493,599,833,1005,METRO41980MM1310,41509,PR
72,041,99999,Cidra Municipio,,"Caguas, PR HUD Metro FMR Area",7204199999,490,493,599,833,1005,METRO41980MM1310,39831,PR
72,063,99999,Gurabo Municipio,,"Caguas, PR HUD Metro FMR Area",7206399999,490,493,599,833,1005,METRO41980MM1310,40517,PR
72,129,99999,San Lorenzo Municipio,,"Caguas, PR HUD Metro FMR Area",7212999999,490,493,599,833,1005,METRO41980MM1310,37552,PR
72,007,99999,Aguas Buenas Municipio,,"San Juan-Guaynabo, PR HUD Metro FMR Area",7200799999,605,619,718,940,1133,METRO41980MM7440,24136,PR
72,017,99999,Barceloneta Municipio,,"San Juan-Guaynabo, PR HUD Metro FMR Area",7201799999,605,619,718,940,1133,METRO41980MM7440,22604,PR
72,021,99999,Bayamón Municipio,,"San Juan-Guaynabo, PR HUD Metro FMR Area",7202199999,605,619,718,940,1133,METRO41980MM7440,184326,PR
72,029,99999,Canóvanas Municipio,,"San Juan-Guaynabo, PR HUD Metro FMR Area",7202999999,605,619,718,940,1133,METRO41980MM7440,42218,PR
72,031,99999,Carolina Municipio,,"San Juan-Guaynabo, PR HUD Metro FMR Area",7203199999,605,619,718,940,1133,METRO41980MM7440,154126,PR
72,033,99999,Cataño Municipio,,"San Juan-Guaynabo, PR HUD Metro FMR Area",7203399999,605,619,718,940,1133,METRO41980MM7440,23060,PR
72,045,99999,Comerío Municipio,,"San Juan-Guaynabo, PR HUD Metro FMR Area",7204599999,605,619,718,940,1133,METRO41980MM7440,18817,PR
72,047,99999,Corozal Municipio,,"San Juan-Guaynabo, PR HUD Metro FMR Area",7204799999,605,619,718,940,1133,METRO41980MM7440,34459,PR
72,051,99999,Dorado Municipio,,"San Juan-Guaynabo, PR HUD Metro FMR Area",7205199999,605,619,718,940,1133,METRO41980MM7440,35786,PR
72,054,99999,Florida Municipio,,"San Juan-Guaynabo, PR HUD Metro FMR Area",7205499999,605,619,718,940,1133,METRO41980MM7440,11641,PR
72,061,99999,Guaynabo Municipio,,"San Juan-Guaynabo, PR HUD Metro FMR Area",7206199999,605,619,718,940,1133,METRO41980MM7440,89554,PR
72,069,99999,Humacao Municipio,,"San Juan-Guaynabo, PR HUD Metro FMR Area",7206999999,605,619,718,940,1133,METRO41980MM7440,50729,PR
72,077,99999,Juncos Municipio,,"San Juan-Guaynabo, PR HUD Metro FMR Area",7207799999,605,619,718,940,1133,METRO41980MM7440,36928,PR
72,085,99999,Las Piedras Municipio,,"San Juan-Guaynabo, PR HUD Metro FMR Area",7208599999,605,619,718,940,1133,METRO41980MM7440,35099,PR
72,087,99999,Loíza Municipio,,"San Juan-Guaynabo, PR HUD Metro FMR Area",7208799999,605,619,718,940,1133,METRO41980MM7440,23580,PR
72,091,99999,Manatí Municipio,,"San Juan-Guaynabo, PR HUD Metro FMR Area",7209199999,605,619,718,940,1133,METRO41980MM7440,39310,PR
72,095,99999,Maunabo Municipio,,"San Juan-Guaynabo, PR HUD Metro FMR Area",7209599999,605,619,718,940,1133,METRO41980MM7440,10563,PR
72,101,99999,Morovis Municipio,,"San Juan-Guaynabo, PR HUD Metro FMR Area",7210199999,605,619,718,940,1133,METRO41980MM7440,28659,PR
72,103,99999,Naguabo Municipio,,"San Juan-Guaynabo, PR HUD Metro FMR Area",7210399999,605,619,718,940,1133,METRO41980MM7440,23340,PR
72,105,99999,Naranjito Municipio,,"San Juan-Guaynabo, PR HUD Metro FMR Area",7210599999,605,619,718,940,1133,METRO41980MM7440,29153,PR
72,119,99999,Río Grande Municipio,,"San Juan-Guaynabo, PR HUD Metro FMR Area",7211999999,605,619,718,940,1133,METRO41980MM7440,46838,PR
72,127,99999,San Juan Municipio,,"San Juan-Guaynabo, PR HUD Metro FMR Area",7212799999,605,619,718,940,1133,METRO41980MM7440,340903,PR
72,135,99999,Toa Alta Municipio,,"San Juan-Guaynabo, PR HUD Metro FMR Area",7213599999,605,619,718,940,1133,METRO41980MM7440,66699,PR
72,137,99999,Toa Baja Municipio,,"San Juan-Guaynabo, PR HUD Metro FMR Area",7213799999,605,619,718,940,1133,METRO41980MM7440,74854,PR
72,139,99999,Trujillo Alto Municipio,,"San Juan-Guaynabo, PR HUD Metro FMR Area",7213999999,605,619,718,940,1133,METRO41980MM7440,67497,PR
72,143,99999,Vega Alta Municipio,,"San Juan-Guaynabo, PR HUD Metro FMR Area",7214399999,605,619,718,940,1133,METRO41980MM7440,35279,PR
72,145,99999,Vega Baja Municipio,,"San Juan-Guaynabo, PR HUD Metro FMR Area",7214599999,605,619,718,940,1133,METRO41980MM7440,54182,PR
72,151,99999,Yabucoa Municipio,,"San Juan-Guaynabo, PR HUD Metro FMR Area",7215199999,605,619,718,940,1133,METRO41980MM7440,30313,PR
72,009,99999,Aibonito Municipio,,"Barranquitas-Aibonito, PR HUD Metro FMR Area",7200999999,445,449,511,644,729,METRO41980N72923,24555,PR
72,019,99999,Barranquitas Municipio,,"Barranquitas-Aibonito, PR HUD Metro FMR Area",7201999999,445,449,511,644,729,METRO41980N72923,28899,PR
72,039,99999,Ciales Municipio,,"Barranquitas-Aibonito, PR HUD Metro FMR Area",7203999999,445,449,511,644,729,METRO41980N72923,16924,PR
72,107,99999,Orocovis Municipio,,"Barranquitas-Aibonito, PR HUD Metro FMR Area",7210799999,445,449,511,644,729,METRO41980N72923,21378,PR
72,001,99999,Adjuntas Municipio,,Puerto Rico HUD Nonmetro Area,7200199999,434,454,498,693,752,NCNTY72923N72923,17972,PR
72,043,99999,Coamo Municipio,,Puerto Rico HUD Nonmetro Area,7204399999,434,454,498,693,752,NCNTY72923N72923,34557,PR
72,049,99999,Culebra Municipio,,Puerto Rico HUD Nonmetro Area,7204999999,434,454,498,693,752,NCNTY72923N72923,1186,PR
72,055,99999,Guánica Municipio,,Puerto Rico HUD Nonmetro Area,7205599999,434,454,498,693,752,NCNTY72923N72923,13682,PR
72,073,99999,Jayuya Municipio,,Puerto Rico HUD Nonmetro Area,7207399999,434,454,498,693,752,NCNTY72923N72923,14726,PR
72,081,99999,Lares Municipio,,Puerto Rico HUD Nonmetro Area,7208199999,434,454,498,693,752,NCNTY72923N72923,27990,PR
72,083,99999,Las Marías Municipio,,Puerto Rico HUD Nonmetro Area,7208399999,434,454,498,693,752,NCNTY72923N72923,8826,PR
72,093,99999,Maricao Municipio,,Puerto Rico HUD Nonmetro Area,7209399999,434,454,498,693,752,NCNTY72923N72923,5354,PR
72,123,99999,Salinas Municipio,,Puerto Rico HUD Nonmetro Area,7212399999,434,454,498,693,752,NCNTY72923N72923,25688,PR
72,133,99999,Santa Isabel Municipio,,Puerto Rico HUD Nonmetro Area,7213399999,434,454,498,693,752,NCNTY72923N72923,20207,PR
72,141,99999,Utuado Municipio,,Puerto Rico HUD Nonmetro Area,7214199999,434,454,498,693,752,NCNTY72923N72923,28155,PR
72,147,99999,Vieques Municipio,,Puerto Rico HUD Nonmetro Area,7214799999,434,454,498,693,752,NCNTY72923N72923,8199,PR
78,010,99999,St. Croix,,"St. Croix Island, VI",7801099999,1106,1113,1330,1609,1761,NCNTY78010N78010,53234,VI
78,020,99999,St. John,,"St. John Island, VI",7802099999,1760,1771,2218,2659,2937,NCNTY78020N78020,4197,VI
78,030,99999,St. Thomas,,"St. Thomas Island, VI",7803099999,1119,1299,1603,1922,2122,NCNTY78030N78030,51181,VI